date,cpi_lag1,cpi_lag3,cpi_lag6,cpi_lag12,fed_rate_lag1,fed_rate_lag3,fed_rate_lag6,fed_rate_lag12,oil_price_lag1,oil_price_lag3,oil_price_lag6,oil_price_lag12,unemployment_lag1,unemployment_lag3,unemployment_lag6,unemployment_lag12,industrial_production_lag1,industrial_production_lag3,industrial_production_lag6,industrial_production_lag12,money_supply_m2_lag1,money_supply_m2_lag3,money_supply_m2_lag6,money_supply_m2_lag12,retail_sales_lag1,retail_sales_lag3,retail_sales_lag6,retail_sales_lag12,capacity_utilization_lag1,capacity_utilization_lag3,capacity_utilization_lag6,capacity_utilization_lag12,treasury_10y_lag1,treasury_10y_lag3,treasury_10y_lag6,treasury_10y_lag12,ppi_lag1,ppi_lag3,ppi_lag6,ppi_lag12,consumer_sentiment_lag1,consumer_sentiment_lag3,consumer_sentiment_lag6,consumer_sentiment_lag12,gold_price_lag1,gold_price_lag3,gold_price_lag6,gold_price_lag12,cpi_ma3,cpi_ma6,cpi_ma12,fed_rate_ma3,fed_rate_ma6,fed_rate_ma12,oil_price_ma3,oil_price_ma6,oil_price_ma12,unemployment_ma3,unemployment_ma6,unemployment_ma12,industrial_production_ma3,industrial_production_ma6,industrial_production_ma12,money_supply_m2_ma3,money_supply_m2_ma6,money_supply_m2_ma12,retail_sales_ma3,retail_sales_ma6,retail_sales_ma12,capacity_utilization_ma3,capacity_utilization_ma6,capacity_utilization_ma12,treasury_10y_ma3,treasury_10y_ma6,treasury_10y_ma12,ppi_ma3,ppi_ma6,ppi_ma12,consumer_sentiment_ma3,consumer_sentiment_ma6,consumer_sentiment_ma12,gold_price_ma3,gold_price_ma6,gold_price_ma12,fed_rate_mom,fed_rate_yoy,oil_price_mom,oil_price_yoy,unemployment_mom,unemployment_yoy,industrial_production_mom,industrial_production_yoy,money_supply_m2_mom,money_supply_m2_yoy,retail_sales_mom,retail_sales_yoy,capacity_utilization_mom,capacity_utilization_yoy,treasury_10y_mom,treasury_10y_yoy,ppi_mom,ppi_yoy,consumer_sentiment_mom,consumer_sentiment_yoy,gold_price_mom,gold_price_yoy,gold_price_log_lag1,gold_price_log_diff1,gold_price_log_diff12,month_sin,month_cos,quarter_1,quarter_2,quarter_3,quarter_4,inflation_mom_lag1,inflation_mom_lag3,inflation_mom_lag6,inflation_mom_lag12,inflation_mom_ma3,inflation_mom_ma6,inflation_mom_ma12,inflation_mom
1993-02-01,142.8,142.1,140.8,138.6,3.02,3.09,3.3,4.06,19.032,20.3385,21.33904761904762,19.0125,7.3,7.4,7.6,7.4,64.5978,64.2422,63.3613,61.8955,3419.1,3426.5,3398.8,3400.0,118697.0,116906.0,115349.0,114855.0,81.3264,81.1636,80.5433,79.7329,6.6,6.87,6.59,7.34,118.0,117.8,117.7,116.0,89.3,85.3,76.1,68.8,329.01,335.02,343.06,353.91,142.4,141.8,140.68333333333334,3.0100000000000002,3.108333333333333,3.4375,19.594863636363637,20.615151875901876,20.582541023589936,7.366666666666667,7.433333333333334,7.491666666666667,64.3969,64.0203,63.44128333333333,3423.433333333333,3417.2000000000003,3407.7250000000004,117815.33333333333,117078.83333333333,115995.33333333333,81.21496666666667,80.97291666666668,80.754875,6.746666666666666,6.64,6.974166666666666,117.8,117.86666666666666,117.39166666666667,88.53333333333335,81.76666666666667,79.06666666666666,332.95,338.61999999999995,341.6133333333334,3.424657534246589,-25.0620347394541,-1.9681112593945338,1.3124274099883815,-1.3513513513513598,0.0,0.3839896069506743,5.1026982701394274,-0.16351797237713628,1.1209038211285938,0.7246930237689186,3.129588600721145,0.2113242700071183,2.5194194216907606,-2.5110782865583436,-6.116642958748231,0.3401360544217802,2.076124567474058,-1.8681318681318726,32.29629629629629,-1.7352607371124762,-7.177316969953451,5.796088145440227,-0.017504928547412035,-0.07447914686079926,0.8660254037844386,0.5000000000000001,1,0,0,0,0.35137034434293835,0.2822865208186309,0.2135231316725994,0.2169197396963085,0.25813427290513796,0.27103741088387867,0.2672177478004467,0.21008403361342243
1993-03-01,143.1,142.3,141.1,139.1,3.03,2.92,3.22,3.98,20.086111111111112,19.41409090909091,21.88136363636363,18.921818181818185,7.1,7.4,7.6,7.4,64.9089,64.3507,63.5703,62.4232,3414.5,3424.7,3410.3,3403.9,117987.0,117843.0,116485.0,114052.0,81.5884,81.1549,80.6355,80.2464,6.26,6.77,6.42,7.54,118.4,117.6,118.0,116.1,86.6,91.0,75.6,76.0,329.31,334.82,345.43,344.34,142.73333333333335,142.18333333333334,141.0583333333333,2.99,3.063333333333333,3.3516666666666666,19.51073400673401,20.40632912457912,20.672008616182527,7.266666666666667,7.349999999999999,7.466666666666666,64.61913333333334,64.27823333333333,63.6924,3419.433333333333,3419.816666666667,3408.933333333334,118175.66666666667,117518.5,116256.33333333333,81.35656666666667,81.14710000000001,80.9095,6.543333333333333,6.585,6.884166666666666,118.0,117.98333333333335,117.59166666666668,88.96666666666665,83.51666666666667,80.55,331.0466666666667,336.3283333333333,339.56333333333333,0.3311258278145601,-25.369458128078815,5.538625005838127,5.646869749433869,-2.73972602739726,-4.054054054054069,0.4815953484483826,4.8685284067500945,-0.1345383287999713,0.4264705882352837,-0.5981617058560929,2.7269165469504975,0.3221586102421625,2.3271447545492485,-5.151515151515151,-14.713896457765674,0.3389830508474523,2.0689655172413834,-3.023516237402024,25.872093023255815,0.09118263882557098,-6.95091972535391,5.796999556367335,0.0009114109271077808,-0.07204308715452612,1.0,6.123233995736766e-17,1,0,0,0,0.21008403361342243,0.14074595355384467,0.21306818181816567,0.3607503607503615,0.2340667771700685,0.27046422787401586,0.26664810562687286,0.13976240391335715
1993-04-01,143.3,142.8,141.7,139.4,3.07,3.02,3.1,3.73,20.32217391304348,19.032,21.68590909090909,20.23,7.0,7.3,7.3,7.4,64.8522,64.5978,63.9995,62.897,3411.7,3419.1,3423.8,3399.7,117015.0,118697.0,117193.0,114721.0,81.3955,81.3264,81.0138,80.6802,5.98,6.6,6.59,7.48,118.7,118.0,118.1,116.3,85.9,89.3,73.3,77.2,330.08,329.01,344.38,338.62,143.0666666666667,142.54999999999998,141.40833333333333,3.0400000000000005,3.0383333333333336,3.2758333333333334,19.813428341384864,20.14646417069243,20.788704927117973,7.133333333333333,7.25,7.433333333333334,64.7863,64.49188333333333,63.894816666666664,3415.1,3420.0499999999997,3409.5833333333335,117899.66666666667,117606.83333333333,116503.25,81.43676666666667,81.27376666666667,81.00525833333333,6.28,6.511666666666667,6.754166666666666,118.36666666666667,118.10000000000001,117.80833333333334,87.26666666666665,85.23333333333333,81.375,329.46666666666664,333.77000000000004,338.375,1.320132013201314,-22.864321608040207,1.175253888751926,7.400746153299798,-1.4084507042253502,-5.405405405405405,-0.08735319809765052,3.8911814838072933,-0.08200322155513806,0.22914891741825372,-0.8238195733428211,2.597937782765758,-0.23643066906569032,1.4319645491885025,-4.472843450479225,-20.68965517241379,0.2533783783783772,2.239448751076667,-0.8083140877597983,13.026315789473685,0.2338222343688301,-4.14125573561015,5.799335049322941,0.002335492955606533,-0.04229449202538493,0.8660254037844387,-0.49999999999999983,0,1,0,0,0.13976240391335715,0.35137034434293835,0.425230333097093,0.21567217828901697,0.23373892728990597,0.25824659822321444,0.2482324425571225,0.34891835310537633
1993-05-01,143.8,143.1,142.1,139.7,2.96,3.03,3.09,3.82,20.2525,20.086111111111112,20.3385,20.9755,7.1,7.1,7.4,7.6,65.0301,64.9089,64.2422,63.104,3411.3,3414.5,3426.5,3398.6,119682.0,117987.0,116906.0,114868.0,81.5045,81.5884,81.1636,80.764,5.97,6.26,6.87,7.39,119.3,118.4,117.8,117.2,85.6,86.6,85.3,79.2,342.15,329.31,335.02,337.24,143.4,142.9,141.775,3.0199999999999996,3.015,3.2116666666666664,20.2202616747182,19.907562655540918,20.79057992711797,7.066666666666666,7.216666666666666,7.408333333333334,64.9304,64.66365,64.072575,3412.5,3417.966666666667,3410.5499999999997,118228.0,118021.66666666667,116916.66666666667,81.49613333333333,81.35555,81.07395,6.07,6.408333333333334,6.628333333333333,118.8,118.3,118.05833333333334,86.03333333333335,87.28333333333335,82.075,333.84666666666664,333.3983333333333,338.6691666666666,-3.583061889250816,-20.643431635388744,-0.34284675124622854,0.11122095897182493,1.4285714285714235,-4.054054054054069,0.2743160602107775,3.3914177146763924,-0.011724360289577795,0.34120657705092317,2.279194975003196,4.324404424647632,0.13391403701679128,1.0216880969556197,-0.16722408026756952,-20.187165775401073,0.5054759898904804,2.579535683576961,-0.34924330616997734,10.880829015544036,3.6566892874454693,1.0424664816017781,5.835249237398506,0.0359141880755649,0.010370702698420331,0.49999999999999994,-0.8660254037844387,0,1,0,0,0.34891835310537633,0.21008403361342243,0.2822865208186309,0.21520803443326741,0.2329215968773853,0.24552793489126165,0.2593362904584858,0.2781641168289051
1993-06-01,144.2,143.3,142.3,140.1,3.0,3.07,2.92,3.76,19.9495,20.32217391304348,19.41409090909091,22.384545454545453,7.1,7.0,7.4,7.8,64.784,64.8522,64.3507,63.1363,3436.9,3411.7,3424.7,3393.4,119945.0,117015.0,117843.0,115064.0,81.0851,81.3955,81.1549,80.6204,6.04,5.98,6.77,7.26,119.7,118.7,117.6,118.0,80.3,85.9,91.0,80.4,367.18,330.08,334.82,340.81,143.76666666666665,143.25,142.15,3.0100000000000002,3.0,3.143333333333333,20.174724637681162,19.842729322207585,20.70507992711797,7.066666666666666,7.166666666666667,7.366666666666667,64.88876666666667,64.75395,64.212575,3419.9666666666667,3419.7000000000003,3413.741666666667,118880.66666666667,118528.16666666667,117339.75,81.32836666666667,81.34246666666667,81.10070833333333,5.996666666666667,6.27,6.515833333333333,119.23333333333333,118.61666666666667,118.26666666666667,83.93333333333334,86.44999999999999,82.16666666666666,346.46999999999997,338.7583333333333,341.1641666666667,1.3513513513513598,-21.46596858638743,-1.4961115911615863,-4.891420943481684,0.0,-6.578947368421051,-0.37844013772083684,2.6622718052738525,0.7504470436490385,1.1269346201377095,0.219749001520686,4.419855834523112,-0.5145728149979378,0.39757812886929145,1.1725293132328396,-18.2679296346414,0.3352891869237373,2.1331058020477744,-6.191588785046731,1.388888888888884,7.315504895513669,8.877950421065117,5.90585219103206,0.07060295363355351,0.08505734797758446,1.2246467991473532e-16,-1.0,0,1,0,0,0.2781641168289051,0.13976240391335715,0.14074595355384467,0.28632784538296097,0.25561495794921285,0.24484086755964066,0.26458263065812226,0.06934812760057696
1993-07-01,144.3,143.8,142.8,140.5,3.04,2.96,3.02,3.25,19.09409090909091,20.2525,19.032,21.77521739130435,7.0,7.1,7.3,7.7,64.9301,65.0301,64.5978,63.7176,3442.4,3411.3,3419.1,3393.9,119902.0,119682.0,118697.0,115911.0,81.1568,81.5045,81.3264,81.1771,5.96,5.97,6.6,6.84,119.5,119.3,118.0,117.9,81.5,85.6,89.3,76.6,371.89,342.15,329.01,352.72,144.10000000000002,143.58333333333334,142.5,3.0,3.0199999999999996,3.0833333333333335,19.765363636363634,19.78939598887425,20.430875381663427,7.066666666666666,7.1000000000000005,7.3,64.91473333333333,64.85051666666666,64.36205833333334,3430.2000000000003,3422.65,3417.8249999999994,119843.0,118871.33333333333,117742.91666666667,81.2488,81.34278333333333,81.14540833333332,5.989999999999999,6.135000000000001,6.407499999999999,119.5,118.93333333333334,118.39166666666667,82.46666666666665,84.86666666666666,82.25833333333333,360.4066666666667,344.93666666666667,343.75416666666666,1.333333333333342,-19.14893617021276,-4.287872332184229,-14.699671039272221,-1.4084507042253502,-10.256410256410254,0.22551864657938125,2.8411547715022856,0.16002793214815458,1.4439794895974467,-0.03584976447538191,4.204616561218111,0.08842561703692464,0.6653402860814284,-1.3245033112582738,-17.906336088154273,-0.1670843776106934,1.2711864406779627,1.4943960149439661,1.3681592039801016,1.28274960509831,9.119450720342703,5.918598111620868,0.012745920588808524,0.08727297437319237,-0.4999999999999998,-0.8660254037844388,0,0,1,0,0.06934812760057696,0.34891835310537633,0.35137034434293835,0.2855103497501732,0.23214353251161945,0.23294122990076271,0.24650098750959026,0.1386001386001201
1993-08-01,144.5,144.2,143.1,140.8,3.06,3.0,3.03,3.3,17.89,19.9495,20.086111111111112,21.33904761904762,6.9,7.1,7.1,7.6,65.1052,64.784,64.9089,63.3613,3442.0,3436.9,3414.5,3398.8,121676.0,119945.0,117987.0,115349.0,81.262,81.0851,81.5884,80.5433,5.81,6.04,6.26,6.59,119.2,119.7,118.4,117.7,77.0,80.3,86.6,76.1,392.19,367.18,329.31,343.06,144.33333333333334,143.86666666666667,142.83333333333334,3.033333333333333,3.026666666666667,3.0674999999999994,18.977863636363637,19.599062655540916,20.107107265721396,7.0,7.033333333333332,7.233333333333334,64.93976666666667,64.93508333333334,64.47769166666667,3440.433333333333,3426.4666666666667,3421.8333333333335,120507.66666666667,119367.83333333333,118223.33333333333,81.16796666666666,81.33205,81.15248333333334,5.936666666666667,6.003333333333333,6.321666666666666,119.46666666666665,119.13333333333334,118.5,79.60000000000001,82.81666666666666,82.29166666666666,377.08666666666664,355.4666666666667,347.0433333333333,0.6578947368421018,-5.846153846153845,-6.306091841835881,-17.842381646466865,-1.4285714285714235,-10.389610389610382,0.2696746193213917,2.1777342523886745,-0.01161980013943964,1.4172485930640244,1.4795416256609517,4.973643571360786,0.12962561362694913,0.10458614560018287,-2.5167785234899376,-15.058479532163748,-0.2510460251045954,1.1026293469041493,-5.521472392638039,0.5221932114882533,5.458603350453095,11.190179178952132,5.971746416241879,0.05314830462101039,0.10607187519219607,-0.8660254037844384,-0.5000000000000004,0,0,1,0,0.1386001386001201,0.2781641168289051,0.21008403361342243,0.2135231316725994,0.16203746100986738,0.19747952894362633,0.23425846991375252,0.20761245674740803
1993-09-01,144.8,144.3,143.3,141.1,3.03,3.04,3.07,3.22,18.01090909090909,19.09409090909091,20.32217391304348,21.88136363636363,6.8,7.0,7.0,7.6,65.0267,64.9301,64.8522,63.5703,3445.7,3442.4,3411.7,3410.3,121017.0,119902.0,117015.0,116485.0,81.0442,81.1568,81.3955,80.6355,5.68,5.96,5.98,6.42,118.7,119.5,118.7,118.0,77.3,81.5,85.9,75.6,378.84,371.89,330.08,345.43,144.53333333333333,144.15,143.16666666666666,3.043333333333333,3.026666666666667,3.045,18.331666666666667,19.25319565217391,19.82976238837652,6.900000000000001,6.983333333333334,7.166666666666667,65.02066666666667,64.95471666666667,64.616475,3443.366666666667,3431.6666666666665,3425.741666666667,120865.0,119872.83333333333,118695.66666666667,81.15433333333334,81.24135,81.194225,5.816666666666666,5.906666666666666,6.245833333333334,119.13333333333334,119.18333333333334,118.58333333333333,78.6,81.26666666666667,82.39166666666667,380.97333333333336,363.72166666666664,350.02500000000003,-0.9803921568627527,-8.18181818181818,0.6758473499669737,-15.596471724294625,-1.449275362318847,-10.526315789473683,-0.12057408624809307,2.628418293185275,0.10749564206855577,1.3798987878074431,-0.5416022880436522,4.913783387805704,-0.26802195368068604,0.6219015113609672,-2.2375215146299476,-13.808801213960553,-0.4194630872483174,0.8496176720475868,0.3896103896103842,1.5768725361366753,-3.4039623651801465,10.429662449717236,5.9371139523579,-0.03463246388397856,0.09920859337622101,-1.0,-1.8369701987210297e-16,0,0,1,0,0.20761245674740803,0.06934812760057696,0.13976240391335715,0.21306818181816567,0.1385202409827017,0.19706759946595728,0.23376591366998656,0.13812154696131174
1993-10-01,145.0,144.5,143.8,141.7,3.09,3.06,2.96,3.1,17.504285714285714,17.89,20.2525,21.68590909090909,6.7,6.9,7.1,7.3,65.3717,65.1052,65.0301,63.9995,3452.2,3442.0,3411.3,3423.8,121799.0,121676.0,119682.0,117193.0,81.3448,81.262,81.5045,81.0138,5.36,5.81,5.97,6.59,118.7,119.2,119.3,118.1,77.9,77.0,85.6,73.3,355.28,392.19,342.15,344.38,144.76666666666665,144.43333333333334,143.49166666666667,3.06,3.03,3.0341666666666662,17.801731601731603,18.78354761904762,19.46500589487003,6.800000000000001,6.933333333333334,7.091666666666668,65.16786666666667,65.04129999999999,64.76659166666667,3446.633333333333,3438.4166666666665,3429.233333333333,121497.33333333333,120670.16666666667,119138.5,81.217,81.23289999999999,81.25333333333334,5.616666666666666,5.803333333333334,6.1575,118.86666666666667,119.18333333333334,118.64166666666667,77.4,79.93333333333334,82.58333333333333,375.43666666666667,367.9216666666666,350.8458333333333,1.980198019801982,-4.037267080745355,-2.8128695451530072,-20.003679820044905,-1.4705882352941124,-11.842105263157887,0.5305512966212289,2.833713227717971,0.18864091476333833,1.2286309122364392,0.6461902046819956,4.561960767480788,0.3709087140103762,0.879637380558207,-5.633802816901401,-16.510903426791266,0.0,0.5932203389830581,0.7761966364812523,3.0423280423280685,-6.21898426776476,2.851518397359798,5.872906210983847,-0.06420774137405338,0.028116193223676866,-0.8660254037844386,0.5000000000000001,0,0,0,1,0.13812154696131174,0.1386001386001201,0.34891835310537633,0.425230333097093,0.1614447141029466,0.19679412330728305,0.22752036076524873,0.4137931034482678
1993-11-01,145.6,144.8,144.2,142.1,2.99,3.03,3.0,3.09,18.153333333333332,18.01090909090909,19.9495,20.3385,6.8,6.8,7.1,7.4,65.8509,65.0267,64.784,64.2422,3456.7,3445.7,3436.9,3426.5,121970.0,121017.0,119945.0,116906.0,81.7992,81.0442,81.0851,81.1636,5.33,5.68,6.04,6.87,119.1,118.7,119.7,117.8,82.7,77.3,80.3,85.3,364.18,378.84,367.18,335.02,145.13333333333333,144.73333333333332,143.8166666666667,3.0366666666666666,3.035,3.025,17.88950937950938,18.43368650793651,19.17062458173871,6.766666666666666,6.883333333333333,7.050000000000001,65.41643333333333,65.1781,64.92087500000001,3451.5333333333333,3445.983333333333,3431.9750000000004,121595.33333333333,121051.5,119536.58333333333,81.39606666666667,81.28201666666668,81.31878333333333,5.456666666666667,5.696666666666666,6.052499999999999,118.83333333333333,119.14999999999999,118.72499999999998,79.3,79.45,83.36666666666667,366.09999999999997,371.5933333333333,352.49583333333334,-3.2362459546925404,-3.548387096774186,3.7079354715851887,-16.28972870248101,1.4925373134328401,-6.849315068493156,0.733038914392603,2.892835100274227,0.13035165981114538,0.9609206145218652,0.14039524134024095,4.076182024523645,0.5586097697701575,0.9694644616102366,-0.5597014925373234,-19.119878603945374,0.33698399326032025,0.8467400508044065,6.161745827984588,12.824010914051854,2.50506642648054,5.749462802717931,5.897648250903697,0.024742039919850356,0.05590255204565775,-0.5000000000000004,0.8660254037844384,0,0,0,1,0.4137931034482678,0.20761245674740803,0.2781641168289051,0.2822865208186309,0.2531757023856625,0.20760658169776494,0.2265672582945133,0.27472527472527375
1993-12-01,146.0,145.0,144.3,142.3,3.02,3.09,3.04,2.92,16.60904761904762,17.504285714285714,19.09409090909091,19.41409090909091,6.6,6.7,7.0,7.4,66.1518,65.3717,64.9301,64.3507,3470.1,3452.2,3442.4,3424.7,123122.0,121799.0,119902.0,117843.0,82.0178,81.3448,81.1568,81.1549,5.72,5.36,5.96,6.77,119.0,118.7,119.5,117.6,81.2,77.9,81.5,91.0,373.83,355.28,371.89,334.82,145.53333333333333,145.03333333333333,144.14166666666668,3.033333333333333,3.0383333333333336,3.019166666666667,17.42222222222222,17.876944444444444,18.859836883326015,6.7,6.8,6.983333333333333,65.79146666666666,65.40606666666666,65.08000833333334,3459.6666666666665,3451.5166666666664,3435.6083333333336,122297.0,121581.0,120054.58333333333,81.7206,81.43746666666667,81.38996666666667,5.47,5.6433333333333335,5.956666666666667,118.93333333333334,119.03333333333335,118.82499999999999,80.60000000000001,79.60000000000001,83.02499999999999,364.43,372.70166666666665,355.73,1.0033444816053505,-2.265372168284785,-8.506898903520277,-18.336909707954774,-2.941176470588236,-10.810810810810823,0.45694136298819465,2.972500941748568,0.38765296380942615,1.2724354297388052,0.9444945478396249,5.317092364805909,0.26723977740612526,1.0524422277966794,7.317073170731692,-16.739446870451246,-0.08396305625524292,1.018675721561979,-1.8137847642079818,-4.806565064478308,2.6497885660936804,11.58438302190914,5.923801148622886,0.026152897719188495,0.10961091708734472,-2.4492935982947064e-16,1.0,0,0,0,1,0.27472527472527375,0.13812154696131174,0.06934812760057696,0.14074595355384467,0.27554664171161775,0.20703344134715973,0.2259371544534002,0.205479452054802
1994-01-01,146.3,145.6,144.5,142.8,2.96,2.99,3.06,3.02,14.514761904761905,18.153333333333332,17.89,19.032,6.5,6.8,6.9,7.3,66.5436,65.8509,65.1052,64.5978,3474.5,3456.7,3442.0,3419.1,123771.0,121970.0,121676.0,118697.0,82.3349,81.7992,81.262,81.3264,5.77,5.33,5.81,6.6,118.6,119.1,119.2,118.0,88.2,82.7,77.0,89.3,383.3,364.18,392.19,329.01,145.96666666666667,145.36666666666667,144.475,2.99,3.025,3.0225000000000004,16.425714285714285,17.113722943722944,18.451559466298598,6.633333333333333,6.716666666666666,6.908333333333332,66.1821,65.67498333333333,65.26275,3467.1,3456.8666666666663,3439.758333333333,122954.33333333333,122225.83333333333,120548.58333333333,82.05063333333334,81.63381666666666,81.4883,5.6066666666666665,5.611666666666667,5.873333333333332,118.89999999999999,118.88333333333333,118.90833333333335,84.03333333333335,80.71666666666667,82.79166666666667,373.77,374.6033333333333,359.77,-1.9867549668874163,1.3698630136986356,-12.60930645947418,-25.235943456074107,-1.5151515151515138,-12.162162162162172,0.5922741331301662,3.407732938414032,0.1267974986311593,1.4541419686395995,0.527119442504187,5.03042183243807,0.3866233915077011,1.45400955456787,0.8741258741258751,-14.771048744460858,-0.3361344537815225,0.8503401360544283,8.62068965517242,-3.076923076923077,2.5332370328759124,14.479421778866254,5.948817972386509,0.025016823763623464,0.13522489839886997,0.49999999999999994,0.8660254037844387,1,0,0,0,0.205479452054802,0.4137931034482678,0.1386001386001201,0.35137034434293835,0.2979992767427812,0.2297219954228639,0.23133161266181332,0.0
1994-02-01,146.3,146.0,144.8,143.1,3.05,3.02,3.03,3.03,15.026666666666667,16.60904761904762,18.01090909090909,20.086111111111112,6.6,6.6,6.8,7.1,66.7351,66.1518,65.0267,64.9089,3474.9,3470.1,3445.7,3414.5,122772.0,123122.0,121017.0,117987.0,82.3903,82.0178,81.0442,81.5884,5.75,5.72,5.68,6.26,119.1,119.0,118.7,118.4,94.3,81.2,77.3,86.6,386.88,373.83,378.84,329.31,146.20000000000002,145.66666666666666,144.76666666666668,3.01,3.0233333333333334,3.025,15.383492063492064,16.63650072150072,18.117781688520818,6.566666666666666,6.666666666666667,6.849999999999999,66.47683333333333,65.94663333333334,65.44085833333334,3473.1666666666665,3462.35,3444.4083333333333,123221.66666666667,122408.5,120888.16666666667,82.24766666666666,81.82186666666666,81.57695833333334,5.746666666666666,5.601666666666667,5.802499999999999,118.89999999999999,118.86666666666666,119.0,87.90000000000002,83.60000000000001,83.20833333333333,381.33666666666664,373.7183333333333,364.5925,3.040540540540526,0.9933774834437026,3.5267871788983385,-21.045257110830875,1.538461538461533,-9.589041095890416,0.28778124417676576,3.3086266095749384,0.011512447834216566,1.6320084232692933,-0.8071357587803307,3.433111199103589,0.06728616904858598,1.308185287926178,-0.34662045060658286,-12.878787878787879,0.4215851602023646,0.9322033898305104,6.916099773242634,5.599104143337064,0.9339942603704632,17.589131029451988,5.958114567426428,0.009296595039918643,0.16202642198620065,0.8660254037844386,0.5000000000000001,1,0,0,0,0.0,0.27472527472527375,0.20761245674740803,0.21008403361342243,0.16006824226002525,0.20662197232284388,0.2020507506332351,0.2734107997265811
1994-03-01,146.7,146.3,145.0,143.3,3.25,2.96,3.09,3.07,14.78105263157895,14.514761904761905,17.504285714285714,20.32217391304348,6.6,6.5,6.7,7.0,66.774,66.5436,65.3717,64.8522,3475.7,3474.5,3452.2,3411.7,124813.0,123771.0,121799.0,117015.0,82.2437,82.3349,81.3448,81.3955,5.97,5.77,5.36,5.98,119.3,118.6,118.7,118.7,93.2,88.2,77.9,85.9,381.91,383.3,355.28,330.08,146.43333333333334,145.98333333333335,145.0666666666667,3.0866666666666664,3.06,3.043333333333333,14.774160401002506,16.098191311612364,17.675693481893138,6.566666666666666,6.633333333333334,6.808333333333334,66.68423333333334,66.23785,65.59628333333333,3475.0333333333333,3467.35,3449.508333333333,123785.33333333333,123041.16666666667,121457.0,82.32296666666666,82.02178333333333,81.63156666666667,5.829999999999999,5.6499999999999995,5.778333333333333,119.0,118.96666666666668,119.07499999999999,91.89999999999999,86.25,83.75833333333334,384.03000000000003,374.23,368.97583333333336,6.557377049180335,7.26072607260726,-1.6345210853219827,-26.41157589035511,0.0,-7.042253521126762,0.05829016514546925,2.8734118125557373,0.023022245244463946,1.7923561282764622,1.662431173231682,5.785383135430178,-0.17793356742237254,0.8031779027410924,3.826086956521735,-4.63258785942492,0.16792611251050804,0.7601351351351315,-1.166489925768821,7.621247113163987,-1.2846360628618658,15.972791594546187,5.945184978753801,-0.012929588672626835,0.14818542238646604,1.0,6.123233995736766e-17,1,0,0,0,0.2734107997265811,0.205479452054802,0.13812154696131174,0.13976240391335715,0.15963008392712771,0.21758836281937274,0.207327981142665,0.27266530334015826
1994-04-01,147.1,146.3,145.6,143.8,3.34,3.05,2.99,2.96,14.680869565217392,15.026666666666667,18.153333333333332,20.2525,6.5,6.6,6.8,7.1,67.4552,66.7351,65.8509,65.0301,3480.1,3474.9,3456.7,3411.3,126935.0,122772.0,121970.0,119682.0,82.871,82.3903,81.7992,81.5045,6.48,5.75,5.33,5.97,119.7,119.1,119.1,119.3,91.5,94.3,82.7,85.6,384.13,386.88,364.18,342.15,146.70000000000002,146.33333333333334,145.38333333333333,3.213333333333333,3.1016666666666666,3.065833333333334,14.829529621154336,15.627621953434312,17.205584786240966,6.566666666666666,6.6000000000000005,6.766666666666667,66.9881,66.5851,65.8132,3476.9,3472.0,3455.2083333333335,124840.0,123897.16666666667,122283.66666666667,82.50166666666667,82.27614999999999,81.754525,6.066666666666666,5.836666666666667,5.82,119.36666666666667,119.13333333333333,119.15833333333332,93.0,88.51666666666667,84.22500000000001,384.3066666666667,379.03833333333336,373.48,2.7692307692307683,8.794788273615639,-0.6777803236254099,-27.759354742089382,-1.5151515151515138,-7.14285714285714,1.0201575463503865,4.013742016462052,0.1265932042466389,2.004865609520179,1.7001434145481609,8.4775456138102,0.7627331941534532,1.812753776314402,8.5427135678392,8.361204013377922,0.3352891869237373,0.8424599831508006,-1.8240343347639465,6.519208381839348,0.5812887853159143,16.374818225884646,5.9509810369620935,0.005796058208292543,0.15164598763915205,0.8660254037844387,-0.49999999999999983,0,1,0,0,0.27266530334015826,0.0,0.4137931034482678,0.34891835310537633,0.18202536768891311,0.24001232221584715,0.2184032227615651,0.06798096532969478
1994-05-01,147.2,146.7,146.0,144.2,3.56,3.25,3.02,3.0,16.419999999999998,14.78105263157895,16.60904761904762,19.9495,6.4,6.6,6.6,7.1,67.8541,66.774,66.1518,64.784,3481.3,3475.7,3470.1,3436.9,126646.0,124813.0,123122.0,119945.0,83.1358,82.2437,82.0178,81.0851,6.97,5.97,5.72,6.04,119.7,119.3,119.0,119.7,92.6,93.2,81.2,80.3,377.27,381.91,373.83,367.18,147.0,146.6,145.66666666666666,3.3833333333333333,3.1966666666666668,3.1158333333333332,15.29397406559878,15.338733064545423,16.886209786240965,6.5,6.533333333333332,6.708333333333333,67.36110000000001,66.91896666666666,66.04853333333334,3479.0333333333333,3476.1,3461.0416666666665,126131.33333333333,124676.5,122864.0,82.75016666666666,82.49891666666666,81.89046666666667,6.473333333333334,6.109999999999999,5.903333333333333,119.56666666666666,119.23333333333333,119.19166666666666,92.43333333333334,90.16666666666667,84.80833333333334,381.1033333333333,381.22,376.4066666666666,6.586826347305386,20.270270270270263,11.846235858555932,-18.9235896802864,-1.538461538461533,-9.859154929577452,0.5913554477638527,4.342604424720231,0.034481767765304205,2.0520036349778614,-0.22767558199078275,5.818753028859813,0.31953276779574935,2.0014845806059833,7.5617283950617065,16.75041876046901,0.0,0.3352891869237373,1.2021857923497192,8.177570093457941,-1.7858537474292557,10.264503872570518,5.932961111484582,-0.0180199254775113,0.09771187408607585,0.49999999999999994,-0.8660254037844387,0,1,0,0,0.06798096532969478,0.2734107997265811,0.27472527472527375,0.2781641168289051,0.20468568946547805,0.18237696586275165,0.1949917737802583,0.20380434782609758
1994-06-01,147.5,147.1,146.3,144.3,4.01,3.34,2.96,3.04,17.88904761904762,14.680869565217392,14.514761904761905,19.09409090909091,6.1,6.5,6.5,7.0,68.1663,67.4552,66.5436,64.9301,3490.8,3480.1,3474.5,3442.4,125841.0,126935.0,123771.0,119902.0,83.2793,82.871,82.3349,81.1568,7.18,6.48,5.77,5.96,119.9,119.7,118.6,119.5,92.8,91.5,88.2,81.5,381.43,384.13,383.3,371.89,147.26666666666665,146.85,145.94166666666666,3.6366666666666667,3.361666666666667,3.2000000000000006,16.329972394755004,15.552066397878756,16.7145054211616,6.333333333333333,6.45,6.625,67.8252,67.25471666666667,66.33039166666667,3484.066666666667,3479.5500000000006,3465.533333333333,126474.0,125129.66666666667,123355.33333333333,83.09536666666666,82.70916666666666,82.07331666666667,6.876666666666668,6.353333333333333,5.998333333333334,119.76666666666667,119.38333333333333,119.20833333333333,92.3,92.09999999999998,85.85000000000001,380.9433333333333,382.4866666666667,377.5941666666667,12.64044943820224,33.666666666666664,8.946696827330225,-10.3283409657003,-4.687500000000011,-14.084507042253524,0.4601048425961096,5.220887873549018,0.272886565363506,1.5682737350519282,-0.6356300238460011,4.9155863103922615,0.1726091527356477,2.706045870326368,3.012912482065988,18.87417218543046,0.1670843776107045,0.1670843776107045,0.2159827213823018,15.566625155666248,1.1026585734354777,3.880930333896182,5.9439273476503205,0.01096623616573833,0.038075156618260664,1.2246467991473532e-16,-1.0,0,1,0,0,0.20380434782609758,0.27266530334015826,0.205479452054802,0.06934812760057696,0.18148353883198354,0.1705568113795556,0.18879512636335768,0.2711864406779618
1994-07-01,147.9,147.2,146.3,144.5,4.25,3.56,3.05,3.06,19.06,16.419999999999998,15.026666666666667,17.89,6.1,6.4,6.6,6.9,68.6265,67.8541,66.7351,65.1052,3479.5,3481.3,3474.9,3442.0,126978.0,126646.0,122772.0,121676.0,83.5893,83.1358,82.3903,81.262,7.1,6.97,5.75,5.81,120.5,119.7,119.1,119.2,91.2,92.6,94.3,77.0,385.64,377.27,386.88,392.19,147.53333333333333,147.11666666666665,146.24166666666667,3.94,3.5766666666666667,3.3008333333333333,17.78968253968254,16.309606080418437,16.71166451207069,6.2,6.383333333333333,6.55,68.21563333333334,67.60186666666667,66.638425,3483.866666666667,3480.3833333333337,3468.625,126488.33333333333,125664.16666666667,123945.0,83.33479999999999,82.91823333333333,82.276025,7.083333333333333,6.574999999999999,6.093333333333334,120.03333333333335,119.7,119.29166666666667,92.2,92.60000000000001,86.65833333333335,381.44666666666666,382.8766666666666,378.74,5.985037406483795,39.80263157894737,6.545638459286063,-0.17854167162616452,0.0,-12.857142857142867,0.6751136558680537,5.692891278467149,-0.3237080325426911,1.0777364629328323,0.9035211099721163,5.901486213741225,0.37224136129865304,2.9972842694635515,-1.1142061281337101,19.12751677852349,0.500417014178467,0.8368200836819994,-1.724137931034475,11.901840490797543,1.103741184489948,3.6973298556024714,5.954904291796179,0.010976944145858702,0.03630618017531084,-0.4999999999999998,-0.8660254037844388,0,0,1,0,0.2711864406779618,0.06798096532969478,0.0,0.1386001386001201,0.1809905846112514,0.18150797615008227,0.20561498578647308,0.33806626098715764
1994-08-01,148.4,147.5,146.7,144.8,4.26,4.01,3.25,3.03,19.6545,17.88904761904762,14.78105263157895,18.01090909090909,6.1,6.1,6.6,6.8,68.7178,68.1663,66.774,65.0267,3488.2,3490.8,3475.7,3445.7,126726.0,125841.0,124813.0,121017.0,83.4406,83.2793,82.2437,81.0442,7.3,7.18,5.97,5.68,120.7,119.9,119.3,118.7,89.0,92.8,93.2,77.3,385.49,381.43,381.91,378.84,147.9333333333333,147.46666666666667,146.56666666666666,4.173333333333333,3.778333333333333,3.4008333333333334,18.867849206349206,17.080911635973994,16.858706178737357,6.1,6.3,6.483333333333333,68.50353333333332,67.93231666666667,66.939475,3486.1666666666665,3482.6,3472.4750000000004,126515.0,126323.16666666667,124365.83333333333,83.4364,83.09328333333333,82.457575,7.1933333333333325,6.833333333333333,6.2175,120.36666666666667,119.96666666666668,119.41666666666667,91.0,91.71666666666668,87.65833333333335,384.18666666666667,382.645,378.1816666666667,0.23529411764704466,39.2156862745098,3.11909758656872,9.86305198434878,0.0,-11.594202898550732,0.13303898639738243,5.548865528406344,0.2500359247018302,1.3422428820453192,-0.19845957567452555,4.150366547223783,-0.1778935820732963,2.680957889296365,2.8169014084507005,25.645438898450944,0.16597510373443924,1.2583892617449743,-2.412280701754388,15.58441558441559,-0.03889638004356266,-1.7083556439480785,5.954515252329704,-0.0003890394664756158,-0.017231163912175163,-0.8660254037844384,-0.5000000000000004,0,0,1,0,0.33806626098715764,0.20380434782609758,0.2734107997265811,0.20761245674740803,0.27101901649707233,0.2378523529812752,0.22223716265205953,0.40431266846361336
1994-09-01,149.0,147.9,147.1,145.0,4.47,4.25,3.34,3.09,18.38347826086957,19.06,14.680869565217392,17.504285714285714,6.0,6.1,6.5,6.7,69.1785,68.6265,67.4552,65.3717,3485.7,3479.5,3480.1,3452.2,128034.0,126978.0,126935.0,121799.0,83.7334,83.5893,82.871,81.3448,7.24,7.1,6.48,5.36,121.2,120.5,119.7,118.7,91.7,91.2,91.5,77.9,380.36,385.64,384.13,355.28,148.4333333333333,147.85,146.91666666666666,4.326666666666667,3.981666666666666,3.5208333333333335,19.032659420289857,17.68131590752243,16.889753609567396,6.066666666666666,6.199999999999999,6.416666666666667,68.84093333333333,68.33306666666667,67.28545833333334,3484.4666666666667,3484.2666666666664,3475.808333333333,127246.0,126860.0,124950.58333333333,83.58776666666667,83.34156666666667,82.681675,7.213333333333334,7.044999999999999,6.3475,120.8,120.28333333333332,119.625,90.63333333333333,91.46666666666665,88.85833333333333,383.83,382.3866666666667,378.30833333333334,4.929577464788726,47.524752475247524,-6.466823064084204,2.0685750401601366,-1.6393442622950727,-11.764705882352944,0.6704230927067067,6.384761951629092,-0.07167020239665645,1.1608671677743265,1.0321480990483467,5.798358908252554,0.35090831082231766,3.3181893337215884,-0.8219178082191747,27.464788732394375,0.41425020712511085,2.1061499578769904,3.0337078651685445,18.62871927554981,-1.3307738203325647,0.4012247914687128,5.941118172671244,-0.01339707965845971,0.004004220313343687,-1.0,-1.8369701987210297e-16,0,0,1,0,0.40431266846361336,0.2711864406779618,0.27266530334015826,0.13812154696131174,0.3378551233762443,0.2596693311041139,0.23862884696174333,0.2013422818792021
1994-10-01,149.3,148.4,147.2,145.6,4.73,4.26,3.56,2.99,17.445714285714285,19.6545,16.419999999999998,18.153333333333332,5.9,6.1,6.4,6.8,69.3961,68.7178,67.8541,65.8509,3486.1,3488.2,3481.3,3456.7,128992.0,126726.0,126646.0,121970.0,83.7254,83.4406,83.1358,81.7992,7.46,7.3,6.97,5.33,121.0,120.7,119.7,119.1,91.5,89.0,92.6,82.7,391.58,385.49,377.27,364.18,148.9,148.21666666666667,147.275,4.486666666666667,4.213333333333333,3.6574999999999993,18.49456418219462,18.14212336093858,16.884872657186445,6.0,6.099999999999999,6.349999999999999,69.09746666666668,68.65655,67.62082500000001,3486.6666666666665,3485.266666666667,3478.633333333333,127917.33333333333,127202.83333333333,125550.0,83.63313333333333,83.48396666666667,82.88005833333334,7.333333333333333,7.208333333333333,6.522500000000001,120.96666666666665,120.5,119.81666666666666,90.73333333333335,91.46666666666665,89.99166666666667,385.81,383.62833333333333,381.3333333333333,5.816554809843422,53.07443365695794,-5.101123747356217,-0.33461193177182214,-1.6666666666666607,-11.940298507462687,0.3145485953005789,6.156180732641192,0.011475456866638645,0.9819825039105501,0.7482387490822751,5.9056314091248785,-0.009554132520606107,2.9265546168900647,3.038674033149169,39.17910447761193,-0.16501650165017256,1.9376579612468303,-0.21810250817885235,17.458279845956337,2.949836996529598,10.217293402386861,5.970189836829127,0.029071664157883426,0.0972836258452805,-0.8660254037844386,0.5000000000000001,0,0,0,1,0.2013422818792021,0.33806626098715764,0.06798096532969478,0.4137931034482678,0.31457373710999104,0.24778216086062121,0.2438972415382342,0.06697923643670389
1994-11-01,149.4,149.0,147.5,146.0,4.76,4.47,4.01,3.02,17.716190476190476,18.38347826086957,17.88904761904762,16.60904761904762,5.8,6.0,6.1,6.6,69.9544,69.1785,68.1663,66.1518,3484.3,3485.7,3490.8,3470.1,129795.0,128034.0,125841.0,123122.0,84.1216,83.7334,83.2793,82.0178,7.74,7.24,7.18,5.72,120.9,121.2,119.9,119.0,92.7,91.7,92.8,81.2,389.77,380.36,381.43,373.83,149.23333333333335,148.58333333333334,147.59166666666667,4.653333333333333,4.413333333333333,3.805,17.848461007591442,18.358155106970326,16.848444085757873,5.8999999999999995,6.0,6.266666666666666,69.50966666666666,69.0066,67.96278333333333,3485.366666666667,3485.766666666667,3480.933333333333,128940.33333333333,127727.66666666667,126202.08333333333,83.86013333333334,83.64826666666666,83.07359166666667,7.4799999999999995,7.336666666666667,6.723333333333334,121.03333333333335,120.7,119.96666666666668,91.96666666666668,91.48333333333333,90.82499999999999,387.2366666666667,385.71166666666664,383.46583333333336,0.6342494714587588,59.1973244147157,1.5503875968992276,-2.4080583390168386,-1.6949152542372947,-14.70588235294118,0.8045120691220431,6.231501771426062,-0.051633630704794875,0.798449388144773,0.622519225998519,6.415512011150293,0.4732136245392704,2.8391475711254,3.753351206434319,45.2157598499062,-0.08264462809917106,1.5113350125944613,1.3114754098360715,12.091898428053206,-0.4622299402420982,7.026745016200775,5.965556821566797,-0.004633015262330176,0.06790857066309997,-0.5000000000000004,0.8660254037844384,0,0,0,1,0.06697923643670389,0.40431266846361336,0.20380434782609758,0.27472527472527375,0.22421139559317313,0.24761520604512274,0.21499608595393718,0.2677376171352108
1994-12-01,149.8,149.3,147.9,146.3,5.29,4.73,4.25,2.96,18.0695,17.445714285714285,19.06,14.514761904761905,5.6,5.9,6.1,6.5,70.4326,69.3961,68.6265,66.5436,3487.2,3486.1,3479.5,3474.5,129790.0,128992.0,126978.0,123771.0,84.414,83.7254,83.5893,82.3349,7.96,7.46,7.1,5.77,121.5,121.0,120.5,118.6,91.6,91.5,91.2,88.2,384.39,391.58,385.64,383.3,149.50000000000003,148.96666666666667,147.90833333333333,4.926666666666667,4.626666666666666,3.9941666666666666,17.74380158730159,18.38823050379572,16.97014845083724,5.766666666666667,5.916666666666667,6.183333333333334,69.9277,69.38431666666666,68.31951666666667,3485.866666666667,3485.1666666666665,3482.358333333333,129525.66666666667,128385.83333333333,126757.75,84.08699999999999,83.83738333333334,83.273275,7.72,7.466666666666668,6.91,121.13333333333334,120.96666666666668,120.17500000000001,91.93333333333334,91.28333333333335,91.69166666666666,388.5799999999999,386.205,384.3458333333333,11.13445378151261,75.16556291390728,1.9942748091603013,8.793113334671299,-3.4482758620689724,-15.151515151515149,0.6835881660052667,6.4711768991924545,0.08323049105989355,0.49278118786202363,-0.0038522285142006396,5.4157664755283275,0.34759205721242026,2.92156092945679,2.84237726098191,39.16083916083917,0.496277915632759,2.1008403361344463,-1.1866235167206085,12.807881773399,-1.380301203273726,2.8248134178637363,5.951657662189595,-0.01389915937720243,0.02785651356670904,-2.4492935982947064e-16,1.0,0,0,0,1,0.2677376171352108,0.2013422818792021,0.2711864406779618,0.205479452054802,0.1786863784837056,0.2582707509299749,0.21441378115476528,0.20026702269690944
1995-01-01,150.1,149.4,148.4,146.3,5.45,4.76,4.26,3.05,17.15952380952381,17.716190476190476,19.6545,15.026666666666667,5.5,5.8,6.1,6.6,71.1523,69.9544,68.7178,66.7351,3486.4,3484.3,3488.2,3474.9,129873.0,129795.0,126726.0,122772.0,84.9892,84.1216,83.4406,82.3903,7.81,7.74,7.3,5.75,121.9,120.9,120.7,119.1,95.1,92.7,89.0,94.3,379.29,389.77,385.49,386.88,149.76666666666668,149.33333333333334,148.225,5.166666666666667,4.826666666666666,4.201666666666666,17.648404761904764,18.07148447204969,17.190545276234065,5.633333333333333,5.816666666666666,6.1000000000000005,70.5131,69.80528333333332,68.703575,3485.9666666666667,3486.316666666666,3483.35,129819.33333333333,128868.33333333333,127266.25,84.50826666666667,84.0707,83.49446666666667,7.836666666666666,7.585,7.079999999999999,121.43333333333334,121.2,120.44999999999999,93.13333333333333,91.93333333333334,92.26666666666667,384.48333333333335,385.1466666666667,384.0116666666667,3.0245746691871522,84.12162162162163,-5.0359788066974165,18.22118696893149,-1.7857142857142794,-15.384615384615385,1.0218279603479097,6.925835091579047,-0.022941041523272254,0.3424953230680705,0.06394945681484909,4.930072472550107,0.6814035586514056,3.2237848105724165,-1.8844221105527637,35.355285961871765,0.3292181069958877,2.7824620573355885,3.820960698689957,7.823129251700678,-1.326777491610076,-1.0461779285155237,5.938301083991916,-0.013356578197678992,-0.010516888394593416,0.49999999999999994,0.8660254037844387,1,0,0,0,0.20026702269690944,0.06697923643670389,0.33806626098715764,0.0,0.17832795875627472,0.24645084793313288,0.21397941204160756,0.26648900732844094
1995-02-01,150.5,149.8,149.0,146.7,5.53,5.29,4.47,3.25,18.039523809523807,18.0695,18.38347826086957,14.78105263157895,5.6,5.6,6.0,6.6,71.2734,70.4326,69.1785,66.774,3492.4,3487.2,3485.7,3475.7,130171.0,129790.0,128034.0,124813.0,84.8472,84.414,83.7334,82.2437,7.78,7.96,7.24,5.97,122.9,121.5,121.2,119.3,97.6,91.6,91.7,93.2,378.55,384.39,380.36,381.91,150.13333333333333,149.68333333333334,148.57500000000002,5.423333333333333,5.038333333333333,4.408333333333333,17.75618253968254,17.802321773636994,17.441616704805494,5.566666666666666,5.733333333333333,6.016666666666666,70.95276666666666,70.23121666666667,69.08176666666667,3488.6666666666665,3487.0166666666664,3484.808333333333,129944.66666666667,129442.5,127882.83333333333,84.75013333333334,84.30513333333333,83.69920833333333,7.8500000000000005,7.665,7.2491666666666665,122.10000000000001,121.56666666666666,120.76666666666667,94.76666666666667,93.36666666666667,92.54166666666667,380.74333333333334,383.99,383.31749999999994,1.4678899082568808,81.31147540983608,5.128347439988867,20.0500697173279,1.8181818181818077,-15.151515151515149,0.17019829295750188,6.800469318244806,0.17209729233593762,0.503611614722721,0.229454929046069,6.026618447202936,-0.16708005252431546,2.9820257967260844,-0.3841229193341733,35.30434782608695,0.8203445447087843,3.1905961376994307,2.628811777076767,3.499469777306463,-0.19510137361913316,-2.1531224152191886,5.936348164549315,-0.0019529194426004537,-0.021766402877112512,0.8660254037844386,0.5000000000000001,1,0,0,0,0.26648900732844094,0.2677376171352108,0.40431266846361336,0.2734107997265811,0.24483121572018707,0.23452130565668008,0.23618682931897764,0.2657807308970028
1995-03-01,150.9,150.1,149.3,147.1,5.92,5.45,4.73,3.34,18.57,17.15952380952381,17.445714285714285,14.680869565217392,5.4,5.5,5.9,6.5,71.193,71.1523,69.3961,67.4552,3489.9,3486.4,3486.1,3480.1,127944.0,129873.0,128992.0,126935.0,84.4634,84.9892,83.7254,82.871,7.47,7.81,7.46,6.48,123.5,121.9,121.0,119.7,95.1,95.1,91.5,91.5,376.64,379.29,391.58,384.13,150.5,150.0,148.92499999999998,5.633333333333333,5.28,4.630833333333333,17.923015873015874,17.83340873015873,17.75736231884058,5.5,5.633333333333333,5.916666666666667,71.20623333333333,70.56696666666666,69.45001666666667,3489.566666666667,3487.716666666667,3485.991666666667,129329.33333333333,129427.5,128143.75,84.7666,84.4268,83.88418333333333,7.6866666666666665,7.703333333333333,7.3741666666666665,122.76666666666667,121.95,121.11666666666667,95.93333333333332,93.93333333333332,92.69999999999999,378.16,383.37000000000006,382.87833333333333,7.052441229656403,82.15384615384616,2.9406330016102267,25.63381284717274,-3.5714285714285587,-18.181818181818176,-0.11280505770735472,6.617845269116707,-0.07158401099530698,0.4085507955232215,-1.7108265281821633,2.5085527949813002,-0.45234256404455,2.698930130818522,-3.98457583547559,25.125628140703515,0.4882017900732283,3.5205364626990754,-2.561475409836067,2.0386266094420513,-0.50455686170916,-1.3799062606373313,5.931289824071912,-0.005058340477403611,-0.013895154681889288,1.0,6.123233995736766e-17,1,0,0,0,0.2657807308970028,0.20026702269690944,0.2013422818792021,0.27266530334015826,0.24417892030745106,0.21143264939557835,0.23555099024984613,0.1988071570576455
1995-04-01,151.2,150.5,149.4,147.2,5.98,5.53,4.76,3.56,18.539130434782606,18.039523809523807,17.716190476190476,16.419999999999998,5.4,5.6,5.8,6.4,71.3113,71.2734,69.9544,67.8541,3491.1,3492.4,3484.3,3481.3,129087.0,130171.0,129795.0,126646.0,84.3123,84.8472,84.1216,83.1358,7.2,7.78,7.74,6.97,123.9,122.9,120.9,119.7,90.3,97.6,92.7,92.6,382.12,378.55,389.77,377.27,150.86666666666665,150.31666666666666,149.26666666666668,5.81,5.488333333333333,4.850833333333333,18.38288474810214,18.01564475500345,18.078884057971013,5.466666666666668,5.55,5.824999999999999,71.25923333333333,70.88616666666667,69.77135833333332,3491.133333333333,3488.5499999999997,3486.9083333333333,129067.33333333333,129443.33333333333,128323.08333333333,84.54096666666666,84.52461666666666,84.00429166666667,7.483333333333333,7.66,7.434166666666666,123.43333333333334,122.43333333333334,121.46666666666668,94.33333333333333,93.73333333333333,92.60000000000001,379.1033333333333,381.79333333333335,382.7108333333333,1.013513513513531,79.0419161676647,-0.16623352298004157,26.28087425220633,0.0,-16.92307692307692,0.16616802213702542,5.7165348260771465,0.03438493939653675,0.3160828711818553,0.8933595948227291,1.6953558908102462,-0.17889405351904086,1.7392091322658176,-3.6144578313252906,11.111111111111116,0.32388663967610754,3.5087719298245723,-5.047318611987384,-1.3114754098360715,1.4549702633814832,-0.5232603545674563,5.945734695401808,0.014444871329896358,-0.005246341560285472,0.8660254037844387,-0.49999999999999983,0,1,0,0,0.1988071570576455,0.26648900732844094,0.06697923643670389,0.06798096532969478,0.24369229842769644,0.21101012859198556,0.2293961447263034,0.3968253968254176
1995-05-01,151.8,150.9,149.8,147.5,6.05,5.92,5.29,4.01,19.89631578947368,18.57,18.0695,17.88904761904762,5.8,5.4,5.6,6.1,71.1882,71.193,70.4326,68.1663,3499.2,3489.9,3487.2,3490.8,128663.0,127944.0,129790.0,125841.0,83.8748,84.4634,84.414,83.2793,7.06,7.47,7.96,7.18,124.6,123.5,121.5,119.9,92.5,95.1,91.6,92.8,391.03,376.64,384.39,381.43,151.3,150.71666666666667,149.65,5.983333333333333,5.703333333333333,5.058333333333334,19.00181540808543,18.378998973883984,18.368577040427155,5.533333333333334,5.55,5.7749999999999995,71.23083333333334,71.09179999999999,70.0492,3493.4,3491.0333333333333,3488.3999999999996,128564.66666666667,129254.66666666667,128491.16666666667,84.21683333333333,84.48348333333333,84.06587499999999,7.243333333333332,7.546666666666667,7.441666666666666,124.0,123.05,121.875,92.63333333333333,93.69999999999999,92.59166666666665,383.2633333333333,382.00333333333333,383.8575,1.1705685618728978,69.9438202247191,7.32065271057567,21.171228924931064,7.407407407407396,-9.37500000000001,-0.17262341311966578,4.913630863868201,0.23201856148491462,0.514175738948075,-0.32846065056899576,1.592628270928409,-0.518904121937136,0.8889070653075981,-1.9444444444444486,1.2912482065997155,0.5649717514124131,4.093567251461971,2.436323366555926,-0.10799136069113979,2.331728252904841,3.6472552813634707,5.968784283384761,0.023049587982953312,0.03582317190017914,0.49999999999999994,-0.8660254037844387,0,1,0,0,0.3968253968254176,0.2657807308970028,0.2677376171352108,0.20380434782609758,0.2871377615933553,0.2659844886567712,0.25679984735094696,0.19762845849802257
1995-06-01,152.1,151.2,150.1,147.9,6.01,5.98,5.45,4.25,19.741818181818186,18.539130434782606,17.15952380952381,19.06,5.6,5.4,5.5,6.1,71.5378,71.3113,71.1523,68.6265,3524.2,3491.1,3486.4,3479.5,130217.0,129087.0,129873.0,126978.0,83.9876,84.3123,84.9892,83.5893,6.63,7.2,7.81,7.1,124.9,123.9,121.9,120.5,89.8,90.3,95.1,91.2,385.22,382.12,379.29,385.64,151.70000000000002,151.1,150.03333333333333,6.013333333333333,5.823333333333333,5.225,19.39242146869149,18.657718670853683,18.5229745873247,5.6000000000000005,5.55,5.733333333333333,71.34576666666668,71.276,70.33015833333333,3504.8333333333335,3497.1999999999994,3491.183333333334,129322.33333333333,129325.83333333333,128855.83333333333,84.05823333333332,84.41241666666666,84.1249,6.963333333333334,7.324999999999999,7.395833333333333,124.46666666666665,123.61666666666666,122.29166666666667,90.86666666666667,93.39999999999999,92.34166666666665,386.1233333333333,382.14166666666665,384.17333333333335,-0.6611570247933907,49.87531172069826,-0.7765136485078927,10.357010625863627,-3.4482758620689724,-8.196721311475407,0.49109262490132366,4.945992374531105,0.7144490169181505,0.9568007333562445,1.207806440079895,3.477404025714992,0.1344861627091909,0.8505114716381934,-6.090651558073645,-7.660167130919215,0.24077046548958148,4.170141784820691,-2.9189189189189224,-3.2327586206896575,-1.4858195023399579,0.9936292373436961,5.953814599656076,-0.014969683728685013,0.009887252005755798,1.2246467991473532e-16,-1.0,0,1,0,0,0.19762845849802257,0.1988071570576455,0.20026702269690944,0.2711864406779618,0.2644203374603619,0.2542996288839065,0.2562851899069407,0.19723865877712132
1995-07-01,152.4,151.8,150.5,148.4,6.0,6.05,5.53,4.26,18.44590909090909,19.89631578947368,18.039523809523807,19.6545,5.6,5.8,5.6,6.1,71.7749,71.1882,71.2734,68.7178,3548.9,3499.2,3492.4,3488.2,131485.0,128663.0,130171.0,126726.0,83.9584,83.8748,84.8472,83.4406,6.17,7.06,7.78,7.3,125.3,124.6,122.9,120.7,92.7,92.5,97.6,89.0,387.56,391.03,378.55,385.49,152.1,151.48333333333335,150.40833333333333,6.02,5.915,5.370833333333334,19.36134768740032,18.872116217751227,18.47180034490046,5.666666666666667,5.566666666666666,5.691666666666666,71.5003,71.37976666666667,70.592525,3524.1,3507.616666666667,3496.966666666667,130121.66666666667,129594.5,129231.41666666667,83.94026666666666,84.24061666666667,84.15565833333334,6.62,7.051666666666667,7.318333333333334,124.93333333333334,124.18333333333334,122.69166666666666,91.66666666666667,93.0,92.46666666666665,387.93666666666667,383.52,384.3333333333333,-0.16638935108153063,41.176470588235304,-6.564284398600129,-3.2218830487455885,0.0,-8.196721311475407,0.3314331723927699,4.587732144288292,0.7008682821633361,1.9945394453225962,0.9737591865885298,3.5494337601789328,-0.03476703703880757,0.4415636929607114,-6.9381598793363475,-13.098591549295769,0.32025620496396456,3.983402489626564,3.229398663697114,1.6447368421052655,0.6074450963085898,0.4978736645576243,5.959870675516803,0.006056075860726651,0.004966383720623746,-0.4999999999999998,-0.8660254037844388,0,0,1,0,0.19723865877712132,0.3968253968254176,0.26648900732844094,0.33806626098715764,0.2638975047001872,0.2537949015639418,0.25012287474853734,0.1312335958005173
1995-08-01,152.6,152.1,150.9,149.0,5.85,6.01,5.92,4.47,17.325499999999998,19.741818181818186,18.57,18.38347826086957,5.7,5.6,5.4,6.0,71.4748,71.5378,71.193,69.1785,3567.4,3524.2,3489.9,3485.7,130478.0,130217.0,127944.0,128034.0,83.2944,83.9876,84.4634,83.7334,6.28,6.63,7.47,7.24,125.3,124.9,123.5,121.2,94.4,89.8,95.1,91.7,386.23,385.22,376.64,380.36,152.36666666666667,151.83333333333334,150.75833333333335,5.953333333333333,5.968333333333334,5.503333333333333,18.504409090909093,18.75311224949726,18.277717011567127,5.633333333333333,5.583333333333333,5.658333333333334,71.59583333333333,71.41333333333334,70.822275,3546.8333333333335,3520.116666666667,3503.566666666666,130726.66666666667,129645.66666666667,129544.08333333333,83.7468,83.98181666666666,84.143475,6.359999999999999,6.801666666666667,7.233333333333333,125.16666666666667,124.58333333333333,123.075,92.3,92.46666666666665,92.91666666666667,386.33666666666664,384.79999999999995,384.395,-2.500000000000002,37.323943661971825,-6.074024789926325,-11.849703630211916,1.7857142857143016,-6.5573770491803245,-0.4181127385757377,4.012060921624383,0.5212882865113233,2.2705120119259403,-0.765866828915851,2.960718400328277,-0.7908678583679607,-0.17521446394201945,1.7828200972447306,-13.972602739726025,0.0,3.81110190555094,1.8338727076591121,6.067415730337089,-0.3431726700381832,0.1919634750577215,5.956433046936053,-0.0034376285807500295,0.0019177946063493323,-0.8660254037844384,-0.5000000000000004,0,0,1,0,0.1312335958005173,0.19762845849802257,0.2657807308970028,0.40431266846361336,0.17536690435855373,0.23125233297595452,0.2328868193163173,0.1965923984272644
1995-09-01,152.9,152.4,151.2,149.3,5.74,6.0,5.98,4.73,18.020869565217392,18.44590909090909,18.539130434782606,17.445714285714285,5.7,5.6,5.4,5.9,72.4223,71.7749,71.3113,69.3961,3589.0,3548.9,3491.1,3486.1,131509.0,131485.0,129087.0,128992.0,84.0724,83.9584,84.3123,83.7254,6.49,6.17,7.2,7.46,125.1,125.3,123.9,121.0,96.2,92.7,90.3,91.5,383.67,387.56,382.12,391.58,152.63333333333333,152.16666666666666,151.08333333333334,5.863333333333333,5.938333333333333,5.609166666666667,17.93075955204216,18.661590510366825,18.24749962026278,5.666666666666667,5.633333333333333,5.633333333333333,71.89066666666668,71.61821666666667,71.09259166666666,3568.433333333333,3536.6333333333337,3512.1749999999997,131157.33333333334,130239.83333333333,129833.66666666667,83.77506666666666,83.91665,84.171725,6.3133333333333335,6.638333333333333,7.170833333333333,125.23333333333333,124.85000000000001,123.39999999999999,94.43333333333334,92.64999999999999,93.29166666666667,385.82,385.97166666666664,384.67083333333335,-1.8803418803418737,28.411633109619693,4.013561312616631,-1.9724705548460508,0.0,-4.999999999999993,1.3256420444688333,4.689029105863818,0.6054829848068488,2.9635367358062936,0.7901715231686479,2.7141228111282834,0.9340363817975872,0.4048563655602244,3.343949044585992,-10.359116022099446,-0.15961691939345712,3.2178217821782207,1.9067796610169552,4.907306434023995,-0.6628174921678776,0.8702282048585586,5.949782808113339,-0.006650238822714094,0.008664635442094948,-1.0,-1.8369701987210297e-16,0,0,1,0,0.1965923984272644,0.19723865877712132,0.1988071570576455,0.2013422818792021,0.17502155100163433,0.2197209442309981,0.21557679681328823,0.1308044473512071
1995-10-01,153.1,152.6,151.8,149.4,5.8,5.85,6.05,4.76,18.2255,17.325499999999998,19.89631578947368,17.716190476190476,5.6,5.7,5.8,5.8,72.7144,71.4748,71.1882,69.9544,3602.1,3567.4,3499.2,3484.3,131507.0,130478.0,128663.0,129795.0,84.0747,83.2944,83.8748,84.1216,6.2,6.28,7.06,7.74,125.2,125.3,124.6,120.9,88.9,94.4,92.5,92.7,383.06,386.23,391.03,389.77,152.86666666666667,152.48333333333332,151.4,5.796666666666667,5.908333333333334,5.698333333333333,17.857289855072466,18.609318771236392,18.31248176311992,5.666666666666667,5.666666666666667,5.608333333333333,72.20383333333335,71.85206666666666,71.36911666666667,3586.1666666666665,3555.133333333333,3521.841666666667,131164.66666666666,130643.16666666667,130043.25,83.81383333333333,83.87705,84.20083333333334,6.323333333333333,6.471666666666667,7.065833333333334,125.2,125.06666666666668,123.75,93.16666666666667,92.41666666666667,93.075,384.32,386.12833333333333,383.96083333333337,1.0452961672473782,22.621564482029587,1.1355192047867169,4.469783819194251,-1.7543859649122862,-5.084745762711873,0.4033288089442033,4.7816808149161005,0.36500417943716723,3.327500645420378,-0.0015208084617746032,1.9497333167948439,0.0027357372931025026,0.4171971707510602,-4.46841294298922,-16.890080428954423,0.07993605115907965,3.4710743801652955,-7.588357588357586,-2.841530054644803,-0.1589907993848949,-2.1758006026865506,5.948191634874515,-0.0015911732388236288,-0.021998201954612107,-0.8660254037844386,0.5000000000000001,0,0,0,1,0.1308044473512071,0.1312335958005173,0.3968253968254176,0.06697923643670389,0.15287681385966292,0.20838715927992504,0.2096986439359553,0.2612671456564408
1995-11-01,153.5,152.9,152.1,149.8,5.76,5.74,6.01,5.29,17.43318181818182,18.020869565217392,19.741818181818186,18.0695,5.5,5.7,5.6,5.6,72.5866,72.4223,71.5378,70.4326,3613.4,3589.0,3524.2,3487.2,130682.0,131509.0,130217.0,129790.0,83.58,84.0724,83.9876,84.414,6.04,6.49,6.63,7.96,125.3,125.1,124.9,121.5,90.2,96.2,89.8,91.6,383.14,383.67,385.22,384.39,153.16666666666666,152.76666666666665,151.74166666666667,5.766666666666666,5.859999999999999,5.781666666666666,17.893183794466406,18.198796442687748,18.288897708285866,5.6000000000000005,5.616666666666667,5.583333333333333,72.57443333333333,72.08513333333333,71.58846666666666,3601.5,3574.1666666666665,3532.6,131232.66666666666,130979.66666666667,130117.16666666667,83.90903333333334,83.82791666666667,84.15570000000001,6.243333333333333,6.301666666666667,6.924166666666667,125.19999999999999,125.18333333333334,124.11666666666666,91.76666666666667,92.03333333333335,92.86666666666667,383.29,384.81333333333333,383.4083333333333,-0.6896551724137945,21.00840336134453,-4.347305598300089,-1.5974577513659383,-1.7857142857142794,-5.1724137931034475,-0.1757561088312487,3.7627368685886786,0.31370589378418856,3.7051918606319845,-0.6273430311694472,0.6833853384182742,-0.5884053109913023,-0.6438298843578827,-2.580645161290329,-21.963824289405686,0.07987220447283061,3.639371381306855,1.462317210348707,-2.696871628910469,0.020884456743064383,-1.7010031557072147,5.948400457636955,0.00020882276244016396,-0.017156363929841767,-0.5000000000000004,0.8660254037844384,0,0,0,1,0.2612671456564408,0.1965923984272644,0.19762845849802257,0.2677376171352108,0.19622133047830412,0.1857941174184289,0.22588930303760005,0.13029315960910726
1995-12-01,153.7,153.1,152.4,150.1,5.8,5.8,6.0,5.45,17.9925,18.2255,18.44590909090909,17.15952380952381,5.6,5.6,5.6,5.5,72.7779,72.7144,71.7749,71.1523,3619.9,3602.1,3548.9,3486.4,132430.0,131507.0,131485.0,129873.0,83.4429,84.0747,83.9584,84.9892,5.93,6.2,6.17,7.81,125.4,125.2,125.3,121.9,88.2,88.9,92.7,95.1,385.31,383.06,387.56,379.29,153.4333333333333,153.03333333333333,152.06666666666666,5.786666666666666,5.824999999999999,5.824166666666667,17.883727272727274,17.907243412384716,18.2824810416192,5.566666666666666,5.616666666666667,5.583333333333333,72.69296666666666,72.29181666666666,71.78390833333333,3611.8000000000006,3590.116666666667,3543.6583333333333,131539.66666666666,131348.5,130337.16666666667,83.6992,83.73713333333333,84.074775,6.0566666666666675,6.185,6.755,125.30000000000001,125.26666666666667,124.44166666666666,89.10000000000001,91.76666666666667,92.58333333333333,383.83666666666664,384.8283333333334,383.48500000000007,0.694444444444442,9.640831758034029,3.2083539749172107,-0.4261324331055194,1.8181818181818077,0.0,0.26354726629984615,3.3298500978240275,0.17988597996347888,3.8053452626749307,1.3375981389939007,2.0340550119423595,-0.16403445800431404,-1.150401592152972,-1.8211920529801362,-25.502512562814072,0.07980845969672856,3.2098765432098775,-2.2172949002217335,-3.7117903930130924,0.5663726053139806,0.23934025338849807,5.95404820509755,0.005647747460594488,0.002390542907955151,-2.4492935982947064e-16,1.0,0,0,0,1,0.13029315960910726,0.1308044473512071,0.19723865877712132,0.20026702269690944,0.17412158420558507,0.1745715676036097,0.2144355982437581,0.13012361743658385
1996-01-01,153.9,153.5,152.6,150.5,5.6,5.76,5.85,5.53,19.0265,17.43318181818182,17.325499999999998,18.039523809523807,5.6,5.5,5.7,5.6,73.0305,72.5866,71.4748,71.2734,3629.5,3613.4,3567.4,3492.4,132574.0,130682.0,130478.0,130171.0,83.3654,83.58,83.2944,84.8472,5.71,6.04,6.28,7.78,125.7,125.3,125.3,122.9,91.0,90.2,94.4,97.6,387.44,383.14,386.23,378.55,153.7,153.28333333333333,152.38333333333333,5.72,5.758333333333333,5.836666666666667,18.150727272727277,18.00400856389987,18.438062390825547,5.566666666666666,5.616666666666666,5.591666666666666,72.79833333333335,72.50108333333334,71.940425,3620.933333333333,3603.5499999999997,3555.5833333333335,131895.33333333334,131530.0,130562.25,83.46276666666665,83.6383,83.93945833333332,5.8933333333333335,6.108333333333333,6.580000000000001,125.46666666666665,125.33333333333333,124.75833333333334,89.8,91.48333333333333,92.24166666666667,385.2966666666667,384.80833333333334,384.16416666666663,-3.4482758620689724,2.752293577981635,5.746838960678047,10.880116553350883,0.0,1.8181818181818077,0.347083386577518,2.6396897921781903,0.26520069615183495,4.10452042221201,0.10873669108208972,2.0797240380987514,-0.09287788415790477,-1.9105956992182538,-3.709949409780766,-26.888604353393085,0.23923444976077235,3.1173092698933536,3.1746031746031633,-4.311251314405884,0.5528016402377212,2.1487516148593455,5.9595609980949735,0.005512792997423688,0.02125991410305783,0.49999999999999994,0.8660254037844387,1,0,0,0,0.13012361743658385,0.2612671456564408,0.1312335958005173,0.26648900732844094,0.17389464090071063,0.16338572738018678,0.2085903144720643,0.5198180636777128
1996-02-01,154.7,153.7,152.9,150.9,5.56,5.8,5.74,5.92,18.854545454545455,17.9925,18.020869565217392,18.57,5.6,5.6,5.7,5.4,72.6125,72.7779,72.4223,71.193,3647.9,3619.9,3589.0,3489.9,131734.0,132430.0,131509.0,127944.0,82.5158,83.4429,84.0724,84.4634,5.65,5.93,6.49,7.47,126.3,125.4,125.1,123.5,89.3,88.2,96.2,95.1,399.45,385.31,383.67,376.64,154.1,153.63333333333333,152.73333333333332,5.653333333333333,5.71,5.839166666666666,18.62451515151515,18.25884947299078,18.505980861244016,5.6,5.599999999999999,5.591666666666666,72.80696666666667,72.69069999999999,72.05201666666666,3632.433333333334,3616.9666666666667,3568.5416666666665,132246.0,131739.33333333334,130692.5,83.10803333333332,83.50853333333333,83.745175,5.763333333333333,6.003333333333333,6.4025,125.8,125.5,125.04166666666667,89.5,90.63333333333333,91.55,390.7333333333333,387.0116666666666,385.9058333333334,-0.7142857142857117,0.5424954792043302,-0.9037634113186477,4.51797760089081,0.0,0.0,-0.5723636015089628,1.8788215519394358,0.5069568811131075,4.45252548390791,-0.6336083998370712,1.2007282728103696,-1.0191278396073145,-2.7477630375545736,-1.0507880910682998,-27.37789203084833,0.4773269689737347,2.766476810414975,-1.8681318681318726,-8.504098360655732,3.0998348131323628,5.521067230220567,5.9900886009280505,0.030527602833076983,0.05374043637873527,0.8660254037844386,0.5000000000000001,1,0,0,0,0.5198180636777128,0.13029315960910726,0.1965923984272644,0.2657807308970028,0.2600782802411346,0.22814980535971938,0.22970106916783695,0.19392372333548735
1996-03-01,155.0,153.9,153.1,151.2,5.22,5.6,5.8,5.98,19.0935,19.0265,18.2255,18.539130434782606,5.5,5.6,5.6,5.4,73.6752,73.0305,72.7144,71.3113,3661.8,3629.5,3602.1,3491.1,133468.0,132574.0,131507.0,129087.0,83.3451,83.3654,84.0747,84.3123,5.81,5.71,6.2,7.2,126.2,125.7,125.2,123.9,88.5,91.0,88.9,90.3,404.76,387.44,383.06,382.12,154.53333333333333,153.98333333333332,153.07500000000002,5.46,5.623333333333332,5.780833333333334,18.991515151515152,18.43762121212121,18.549605861244018,5.566666666666666,5.566666666666666,5.599999999999999,73.10606666666666,72.89951666666667,72.25886666666666,3646.4,3629.1,3582.866666666667,132592.0,132065.83333333334,131152.83333333334,83.07543333333332,83.38731666666666,83.65198333333333,5.723333333333334,5.890000000000001,6.264166666666667,126.06666666666668,125.68333333333334,125.26666666666667,89.60000000000001,89.35000000000001,91.0,397.2166666666667,390.52666666666664,388.24916666666667,-6.1151079136690605,-11.824324324324332,1.2673577627772215,2.8190630048465115,-1.7857142857142794,1.8518518518518379,1.4635221208469718,3.4865787366735512,0.38104114696126956,4.9256425685549665,1.3162888851776966,4.317513912336657,1.0050196447225934,-1.324005427202779,2.8318584070796238,-22.22222222222222,-0.07917656373712667,2.1862348178137703,-0.8958566629339249,-6.9400630914826404,1.329327825760429,7.4660152931181,6.003294298861559,0.013205697933508453,0.07200447478964733,1.0,6.123233995736766e-17,1,0,0,0,0.19392372333548735,0.13012361743658385,0.1308044473512071,0.1988071570576455,0.281288468149928,0.22770502617775654,0.22371298520437732,0.3225806451612856
1996-04-01,155.5,154.7,153.5,151.8,5.31,5.56,5.76,6.05,21.33238095238095,18.854545454545455,17.43318181818182,19.89631578947368,5.5,5.6,5.5,5.8,73.585,72.6125,72.5866,71.1882,3686.9,3647.9,3613.4,3499.2,133537.0,131734.0,130682.0,128663.0,82.8594,82.5158,83.58,83.8748,6.27,5.65,6.04,7.06,126.4,126.3,125.3,124.6,93.7,89.3,90.2,92.5,396.21,399.45,383.14,391.03,155.06666666666666,154.38333333333333,153.43333333333334,5.363333333333333,5.541666666666667,5.724999999999999,19.760142135642138,18.955434704184704,18.782376737710546,5.533333333333334,5.55,5.608333333333333,73.2909,73.04461666666667,72.44834166666668,3665.5333333333333,3643.2333333333336,3599.183333333333,132913.0,132404.16666666666,131523.66666666666,82.90676666666667,83.18476666666666,83.53090833333333,5.909999999999999,5.901666666666666,6.1866666666666665,126.3,125.88333333333334,125.47499999999998,90.5,90.14999999999999,91.28333333333335,400.13999999999993,392.7183333333333,389.42333333333335,1.724137931034475,-11.204013377926437,11.725880285861434,15.066782810685254,0.0,1.8518518518518379,-0.12242925706344998,3.188414739319012,0.6854552405920478,5.608547449228052,0.051697785236903826,3.4472874882830906,-0.5827577146107044,-1.7232361114570494,7.917383820998269,-12.916666666666677,0.15847860538826808,2.0177562550443895,5.875706214689269,3.7652270210409844,-2.1123628817076856,3.6873233539202355,5.981944373723823,-0.021349925137736037,0.03620967832201494,0.8660254037844387,-0.49999999999999983,0,1,0,0,0.3225806451612856,0.5198180636777128,0.2612671456564408,0.3968253968254176,0.3454408107248286,0.2596677258127696,0.23402744254634733,0.38585209003214604
1996-05-01,156.1,155.0,153.7,152.1,5.22,5.22,5.8,6.01,23.497142857142855,19.0935,17.9925,19.741818181818186,5.6,5.5,5.6,5.6,74.3172,73.6752,72.7779,71.5378,3697.7,3661.8,3619.9,3524.2,134077.0,133468.0,132430.0,130217.0,83.2941,83.3451,83.4429,83.9876,6.51,5.81,5.93,6.63,127.4,126.2,125.4,124.9,92.7,88.5,88.2,89.8,392.85,404.76,385.31,385.22,155.53333333333333,154.81666666666666,153.79166666666666,5.25,5.451666666666667,5.655833333333333,21.3076746031746,19.966094877344876,19.08244566001631,5.533333333333334,5.566666666666666,5.591666666666666,73.85913333333333,73.33305,72.70909166666667,3682.1333333333337,3657.283333333333,3615.7250000000004,133694.0,132970.0,131974.83333333334,83.1662,83.13711666666667,83.48251666666667,6.196666666666666,5.98,6.140833333333333,126.66666666666667,126.23333333333333,125.70833333333333,91.63333333333333,90.56666666666666,91.30000000000001,397.94,394.33666666666664,389.57500000000005,-1.6949152542372836,-13.719008264462806,10.147774454216707,18.09795896773123,1.8181818181818077,-3.4482758620689724,0.995039749949056,4.395391371041835,0.29292901895900947,5.6727251943301304,0.4043823060275509,4.207891934744246,0.5246236395629378,-0.6923414422448593,3.8277511961722466,-7.790368271954673,0.7911392405063333,2.2471910112359605,-1.067235859124871,0.216216216216214,-0.8480351328840618,0.4654374344679635,5.973427859621831,-0.008516514101992279,0.004643576237069347,0.49999999999999994,-0.8660254037844387,0,1,0,0,0.38585209003214604,0.19392372333548735,0.13029315960910726,0.19762845849802257,0.30078548617630635,0.2804318832087205,0.2331130003135747,0.19218449711724261
1996-06-01,156.4,155.5,153.9,152.4,5.24,5.31,5.6,6.0,21.165454545454544,21.33238095238095,19.0265,18.44590909090909,5.6,5.5,5.6,5.6,74.8726,73.585,73.0305,71.7749,3709.6,3686.9,3629.5,3548.9,135011.0,133537.0,132574.0,131485.0,83.5236,82.8594,83.3654,83.9584,6.74,6.27,5.71,6.17,128.1,126.4,125.7,125.3,89.4,93.7,91.0,92.7,391.93,396.21,387.44,387.56,156.0,155.26666666666665,154.15,5.256666666666667,5.358333333333333,5.591666666666666,21.998326118326116,20.494920634920636,19.201082023652674,5.566666666666666,5.566666666666666,5.591666666666666,74.25826666666666,73.68216666666667,72.98699166666667,3698.066666666666,3672.2333333333336,3631.1749999999997,134208.33333333334,133400.16666666666,132374.33333333334,83.2257,83.15056666666666,83.44385,6.506666666666667,6.114999999999999,6.1499999999999995,127.3,126.68333333333334,125.97499999999998,91.93333333333334,90.76666666666667,91.26666666666667,393.66333333333336,395.44000000000005,390.1341666666667,0.3831417624521105,-12.811980033277859,-9.923284400424471,7.211272794253065,0.0,0.0,0.7473370902025378,4.661591494286932,0.3218216729318213,5.260768401339311,0.6966146318906352,3.6815469562345937,0.2755297193918871,-0.5524625063699884,3.533026113671278,1.6591251885369473,0.5494505494505475,2.562049639711761,-3.5598705501618144,-0.44543429844097204,-0.23418607611047637,1.7418617932609903,5.971083252416115,-0.002344607205715832,0.017268652760038528,1.2246467991473532e-16,-1.0,0,1,0,0,0.19218449711724261,0.3225806451612856,0.13012361743658385,0.19723865877712132,0.3002057441035581,0.29074710612674304,0.23265933686517637,0.19181585677747748
1996-07-01,156.7,156.1,154.7,152.6,5.27,5.22,5.56,5.85,20.4235,23.497142857142855,18.854545454545455,17.325499999999998,5.3,5.6,5.6,5.7,75.4433,74.3172,72.6125,71.4748,3722.5,3697.7,3647.9,3567.4,133678.0,134077.0,131734.0,130478.0,83.7665,83.2941,82.5158,83.2944,6.91,6.51,5.65,6.28,128.0,127.4,126.3,125.3,92.4,92.7,89.3,94.4,385.27,392.85,399.45,386.23,156.4,155.73333333333332,154.50833333333333,5.243333333333333,5.303333333333334,5.530833333333334,21.6953658008658,20.727753968253968,19.36588126607692,5.5,5.516666666666666,5.566666666666666,74.8777,74.0843,73.29269166666667,3709.933333333333,3687.7333333333336,3645.6416666666664,134255.33333333334,133584.16666666666,132557.08333333334,83.52806666666667,83.21741666666667,83.42785833333333,6.72,6.315,6.211666666666666,127.83333333333333,127.06666666666666,126.2,91.5,91.0,91.24166666666667,390.01666666666665,395.0783333333334,389.9433333333333,0.5725190839694472,-12.16666666666667,-3.505497809466529,10.7210270816392,-5.357142857142849,-5.357142857142849,0.7622281048073498,5.110978907668273,0.34774638775070255,4.891656569641301,-0.9873269585441213,1.6678708597938963,0.2908160088884948,-0.22856557533255106,2.522255192878342,11.993517017828204,-0.07806401249024209,2.154828411811649,3.3557046979865834,-0.3236245954692518,-1.6992830352358879,-0.5908762514191368,5.953944387194059,-0.017138865222055877,-0.005926288322744,-0.4999999999999998,-0.8660254037844388,0,0,1,0,0.19181585677747748,0.38585209003214604,0.5198180636777128,0.1312335958005173,0.2566174813089554,0.30102914601689196,0.23220743669853938,0.19144862795150708
1996-08-01,157.0,156.4,155.0,152.9,5.4,5.24,5.22,5.74,21.30227272727273,21.165454545454544,19.0935,18.020869565217392,5.5,5.6,5.5,5.7,75.4549,74.8726,73.6752,72.4223,3737.1,3709.6,3661.8,3589.0,134285.0,135011.0,133468.0,131509.0,83.3918,83.5236,83.3451,84.0724,6.87,6.74,5.81,6.49,128.0,128.1,126.2,125.1,94.7,89.4,88.5,96.2,383.47,391.93,404.76,383.67,156.70000000000002,156.11666666666667,154.875,5.303333333333334,5.276666666666666,5.493333333333333,20.963742424242426,21.13570851370851,19.697278993349645,5.466666666666666,5.5,5.55,75.25693333333332,74.55803333333333,73.62436666666666,3723.066666666667,3702.6,3659.7833333333333,134324.66666666666,134009.33333333334,132874.33333333334,83.56063333333333,83.36341666666667,83.435975,6.84,6.5183333333333335,6.260833333333333,128.03333333333333,127.35000000000001,126.425,92.16666666666667,91.89999999999999,91.26666666666667,386.89000000000004,392.41499999999996,389.71333333333337,2.4667931688804767,-7.692307692307676,4.302752844873448,22.953292703083505,3.7735849056603765,-3.508771929824561,0.015375785523707997,5.568536043472649,0.39220953660175084,4.756965857487239,0.45407621298942935,2.917733257713939,-0.44731485737137255,0.11693463186002173,-0.5788712011577379,9.394904458598718,0.0,2.154828411811649,2.4891774891774965,0.3177966101694851,-0.46720481740076814,-0.7146001087434906,5.949261390889543,-0.004682996304516074,-0.007171656046510044,-0.8660254037844384,-0.5000000000000004,0,0,1,0,0.19144862795150708,0.19218449711724261,0.19392372333548735,0.1965923984272644,0.19181632728207573,0.24630090672919103,0.2372253560444552,0.1273885350318471
1996-09-01,157.2,156.7,155.5,153.1,5.22,5.27,5.31,5.8,21.903181818181817,20.4235,21.33238095238095,18.2255,5.1,5.3,5.5,5.6,75.8411,75.4433,73.585,72.7144,3744.0,3722.5,3686.9,3602.1,134126.0,133678.0,133537.0,131507.0,83.4315,83.7665,82.8594,84.0747,6.64,6.91,6.27,6.2,128.3,128.0,126.4,125.2,95.3,92.4,93.7,88.9,387.35,385.27,396.21,383.06,156.96666666666667,156.48333333333335,155.23333333333332,5.296666666666666,5.276666666666666,5.449999999999999,21.209651515151517,21.603988816738816,20.020805014430014,5.3,5.433333333333334,5.5,75.57976666666666,74.91901666666666,73.90926666666667,3734.533333333333,3716.2999999999997,3672.7000000000003,134029.66666666666,134119.0,133092.41666666666,83.52993333333333,83.37781666666666,83.38256666666666,6.8066666666666675,6.656666666666666,6.273333333333333,128.1,127.7,126.69166666666668,94.13333333333333,93.03333333333335,91.19166666666666,385.3633333333334,389.5133333333333,390.02,-3.3333333333333437,-9.059233449477356,2.820868451936409,21.543423523012393,-7.272727272727275,-10.526315789473696,0.5118289203219328,4.720645436557502,0.18463514489845956,4.3187517414321475,-0.11840488513237268,1.9899778722368922,0.04760659920999277,-0.7623191439759092,-3.3478893740902516,2.311248073959926,0.23437500000000888,2.557953637090349,0.6335797254487741,-0.9355509355509439,1.0118131796490015,0.9591576094039267,5.959328677077911,0.010067286188368385,0.009545868964572435,-1.0,-1.8369701987210297e-16,0,0,1,0,0.1273885350318471,0.19181585677747748,0.3225806451612856,0.1308044473512071,0.17021767325361056,0.23521170867858432,0.23145836742817041,0.31806615776082126
1996-10-01,157.7,157.0,156.1,153.5,5.3,5.4,5.22,5.76,23.9715,21.30227272727273,23.497142857142855,17.43318181818182,5.2,5.5,5.6,5.5,76.3158,75.4549,74.3172,72.5866,3753.4,3737.1,3697.7,3613.4,135214.0,134285.0,134077.0,130682.0,83.564,83.3918,83.2941,83.58,6.83,6.87,6.51,6.04,128.2,128.0,127.4,125.3,94.7,94.7,92.7,90.2,383.14,383.47,392.85,383.14,157.29999999999998,156.85,155.61666666666665,5.3066666666666675,5.2749999999999995,5.408333333333332,22.392318181818183,22.043841991341992,20.499638347763348,5.266666666666667,5.383333333333333,5.466666666666666,75.87060000000001,75.37415,74.20938333333332,3744.8333333333335,3727.383333333333,3685.308333333334,134541.66666666666,134398.5,133401.33333333334,83.46243333333334,83.49525,83.34000833333333,6.78,6.75,6.325833333333333,128.16666666666666,128.0,126.94166666666668,94.89999999999999,93.2,91.67500000000001,384.65333333333336,387.33500000000004,390.02666666666664,1.5325670498084198,-8.62068965517241,9.443003299645136,31.527255768017337,1.9607843137255054,-7.142857142857128,0.6259139173877992,4.952801645891314,0.2510683760683863,4.200327586685559,0.8111775494684004,2.8188613533880247,0.15881291838213407,-0.6074360063134554,2.8614457831325435,10.16129032258064,-0.0779423226812348,2.396166134185296,-0.6295907660020972,6.524184476940387,-1.0868723376791123,0.020884456743064383,5.948400457636955,-0.0109282194409559,0.00020882276244016396,-0.8660254037844386,0.5000000000000001,0,0,0,1,0.31806615776082126,0.19144862795150708,0.38585209003214604,0.2612671456564408,0.21230110691472515,0.23445929411184027,0.24706350996230494,0.3170577045022105
1996-11-01,158.2,157.2,156.4,153.7,5.24,5.22,5.24,5.8,24.87913043478261,21.903181818181817,21.165454545454544,17.9925,5.2,5.1,5.6,5.6,76.3384,75.8411,74.8726,72.7779,3772.8,3744.0,3709.6,3619.9,136236.0,134126.0,135011.0,132430.0,83.1973,83.4315,83.5236,83.4429,6.53,6.64,6.74,5.93,128.0,128.3,128.1,125.4,96.5,95.3,89.4,88.2,381.07,387.35,391.93,385.31,157.7,157.20000000000002,156.00833333333333,5.253333333333333,5.278333333333333,5.364999999999999,23.584604084321473,22.27417325428195,21.120134065813414,5.166666666666667,5.316666666666666,5.441666666666666,76.1651,75.71101666666667,74.52203333333334,3756.7333333333336,3739.8999999999996,3698.591666666667,135192.0,134758.33333333334,133864.16666666666,83.3976,83.47911666666666,83.30811666666666,6.666666666666667,6.753333333333333,6.366666666666666,128.16666666666666,128.1,127.16666666666667,95.5,93.83333333333333,92.2,383.8533333333333,385.37166666666667,389.8541666666667,-1.1320754716981019,-9.027777777777768,3.7862896972763904,42.71135753792856,0.0,-5.454545454545457,0.029613789018778647,5.168722601692299,0.5168647093302114,4.411357724027232,0.7558388924223891,4.250011478244908,-0.43882533148245084,-0.4578846614022525,-4.392386530014636,8.112582781456968,-0.15600624024960652,2.154828411811649,1.9007391763463444,6.984478935698446,-0.5402724852534346,-0.5402724852534346,5.942983085285078,-0.0054173723518777805,-0.0054173723518777805,-0.5000000000000004,0.8660254037844384,0,0,0,1,0.3170577045022105,0.1273885350318471,0.19218449711724261,0.13029315960910726,0.25417079909829293,0.22299356319018435,0.2517127231994524,0.3160556257901348
1996-12-01,158.7,157.7,156.7,153.9,5.31,5.3,5.27,5.6,23.705,23.9715,20.4235,19.0265,5.4,5.2,5.3,5.6,77.0397,76.3158,75.4433,73.0305,3795.1,3753.4,3722.5,3629.5,135581.0,135214.0,133678.0,132574.0,83.5622,83.564,83.7665,83.3654,6.2,6.83,6.91,5.71,128.2,128.2,128.0,125.7,99.2,94.7,92.4,91.0,377.85,383.14,385.27,387.44,158.2,157.58333333333331,156.42499999999998,5.283333333333333,5.29,5.324166666666666,24.185210144927538,22.697430830039526,21.59617573248008,5.266666666666667,5.283333333333333,5.425000000000001,76.56463333333333,76.0722,74.87718333333332,3773.7666666666664,3754.15,3713.191666666667,135677.0,134853.33333333334,134126.75,83.44116666666666,83.48555,83.31805833333334,6.5200000000000005,6.663333333333334,6.389166666666667,128.13333333333333,128.11666666666667,127.39999999999999,96.8,95.46666666666665,93.11666666666667,380.68666666666667,383.02500000000003,389.2325,1.3358778625954137,-8.448275862068966,-4.719338715878518,31.749340002778936,3.8461538461538547,-3.5714285714285587,0.9186726470557405,5.855898562613082,0.5910729431721773,4.8399127047708435,-0.480783346545699,2.379370233330813,0.4385959640517356,0.14297202038759949,-5.053598774885149,4.553119730185506,0.15624999999999112,2.2328548644338087,2.797927461139893,12.471655328798192,-0.844989109612404,-1.9361033972645325,5.934497291466729,-0.008485793818348242,-0.01955091363082051,-2.4492935982947064e-16,1.0,0,0,0,1,0.3160556257901348,0.31806615776082126,0.19181585677747748,0.13012361743658385,0.31705982935105553,0.24363875130233303,0.26719292871453804,0.2520478890989386
1997-01-01,159.1,158.2,157.0,154.7,5.29,5.24,5.4,5.56,25.228571428571428,24.87913043478261,21.30227272727273,18.854545454545455,5.4,5.2,5.5,5.6,77.5333,76.3384,75.4549,72.6125,3818.6,3772.8,3737.1,3647.9,135569.0,136236.0,134285.0,131734.0,83.6933,83.1973,83.3918,82.5158,6.3,6.53,6.87,5.65,129.1,128.0,128.0,126.3,96.9,96.5,94.7,89.3,369.0,381.07,383.47,399.45,158.66666666666666,157.98333333333332,156.85833333333332,5.28,5.293333333333333,5.298333333333333,24.60423395445135,23.498276068134768,22.113015018194364,5.333333333333333,5.3,5.408333333333334,76.97046666666665,76.42053333333332,75.25241666666666,3795.5,3770.1666666666665,3728.9500000000003,135795.33333333334,135168.5,134376.33333333334,83.48426666666667,83.47335,83.34538333333333,6.343333333333334,6.5616666666666665,6.438333333333333,128.4333333333333,128.29999999999998,127.68333333333334,97.53333333333335,96.21666666666668,93.60833333333333,375.97333333333336,380.31333333333333,387.6958333333334,-0.37664783427494575,-5.535714285714278,6.427215475939385,32.59701694253505,0.0,-3.5714285714285587,0.6407086216587032,6.165643121709419,0.6192195199072437,5.210084033613449,-0.008850797678139344,2.2591156637048027,0.1568891197215816,0.39332864713657045,1.6129032258064502,10.332749562171628,0.7020280811232515,2.704852824184556,-2.318548387096775,6.483516483516483,-2.342199285430735,-4.759446623993391,5.910796644040527,-0.02370064742620226,-0.04876435405444646,0.49999999999999994,0.8660254037844387,1,0,0,0,0.2520478890989386,0.3170577045022105,0.19144862795150708,0.5198180636777128,0.29505373979709465,0.25367742335590987,0.2773532846864009,0.18856065367693908
1997-02-01,159.4,158.7,157.2,155.0,5.25,5.31,5.22,5.22,25.13181818181818,23.705,21.903181818181817,19.0935,5.3,5.4,5.1,5.5,77.6562,77.0397,75.8411,73.6752,3834.6,3795.1,3744.0,3661.8,136841.0,135581.0,134126.0,133468.0,83.4262,83.5622,83.4315,83.3451,6.58,6.2,6.64,5.81,129.7,128.2,128.3,126.2,97.4,99.2,95.3,88.5,355.11,377.85,387.35,404.76,159.06666666666666,158.38333333333333,157.25,5.283333333333332,5.2683333333333335,5.2725,24.688463203463204,24.13653364389234,22.63612107880043,5.366666666666667,5.266666666666667,5.383333333333333,77.40973333333334,76.78741666666666,75.672725,3816.1,3786.4166666666665,3744.508333333333,135997.0,135594.5,134801.91666666666,83.56056666666666,83.47908333333334,83.42125,6.359999999999999,6.5133333333333345,6.515833333333333,129.0,128.58333333333334,127.96666666666665,97.83333333333333,96.66666666666667,94.28333333333335,367.32,375.58666666666664,384.0008333333333,-0.7561436672967825,-5.575539568345322,-0.38350664058478534,33.29315332690452,-1.85185185185186,-5.357142857142849,0.15851253590393188,6.946049233947327,0.4190017283821401,5.118013103429364,0.9382675980496913,3.8767516358722887,-0.31914143665024985,1.1033038521107486,4.444444444444451,16.460176991150433,0.4647560030983655,2.692003167062551,0.5159958720330149,9.070548712206051,-3.7642276422764187,-11.100262861434462,5.872427600633912,-0.03836904340661551,-0.11766100029413895,0.8660254037844386,0.5000000000000001,1,0,0,0,0.18856065367693908,0.3160556257901348,0.1273885350318471,0.19392372333548735,0.2522213895220042,0.25319609431014856,0.2497485005196698,0.18820577164364583
1997-03-01,159.7,159.1,157.7,155.5,5.19,5.29,5.3,5.31,22.176315789473687,25.228571428571428,23.9715,21.33238095238095,5.2,5.4,5.2,5.5,78.5833,77.5333,76.3158,73.585,3846.3,3818.6,3753.4,3686.9,137500.0,135569.0,135214.0,133537.0,84.0084,83.6933,83.564,82.8594,6.42,6.3,6.83,6.27,128.5,129.1,128.2,126.4,99.7,96.9,94.7,93.7,346.58,369.0,383.14,396.21,159.4,158.79999999999998,157.64166666666665,5.243333333333333,5.263333333333334,5.2700000000000005,24.178901799954435,24.18205597244098,22.893022394589902,5.3,5.283333333333334,5.358333333333333,77.92426666666667,77.24445,76.08173333333333,3833.1666666666665,3803.466666666667,3759.883333333333,136636.66666666666,136156.83333333334,135137.91666666666,83.7093,83.57523333333332,83.476525,6.433333333333334,6.476666666666667,6.566666666666666,129.1,128.61666666666667,128.15833333333333,98.0,97.40000000000002,95.21666666666668,356.8966666666667,368.7916666666667,379.1525,-1.1428571428571344,-0.5747126436781436,-11.760002284604598,16.145891478637697,-1.8867924528301772,-5.454545454545457,1.1938518753170868,6.661807501031536,0.30511657017682214,5.038505652957559,0.48158081276810094,3.0209488416699237,0.6978623022503738,0.7958476263151493,-2.4316109422492405,10.499139414802073,-0.9252120277563503,1.8225039619651273,2.361396303901442,12.655367231638426,-2.4020725972234036,-14.3739499950588,5.848113672212099,-0.02431392842181257,-0.15518062664945997,1.0,6.123233995736766e-17,1,0,0,0,0.18820577164364583,0.2520478890989386,0.31806615776082126,0.3225806451612856,0.2096047714731745,0.26333230041211503,0.24927200454534967,0.06261740763933155
1997-04-01,159.8,159.4,158.2,156.1,5.39,5.25,5.24,5.22,20.965,25.13181818181818,24.87913043478261,23.497142857142855,5.2,5.3,5.2,5.6,79.082,77.6562,76.3384,74.3172,3861.2,3834.6,3772.8,3697.7,138416.0,136841.0,136236.0,134077.0,84.12,83.4262,83.1973,83.2941,6.69,6.58,6.53,6.51,127.3,129.7,128.0,127.4,100.0,97.4,96.5,92.7,351.81,355.11,381.07,392.85,159.63333333333335,159.15,158.0,5.276666666666667,5.278333333333333,5.276666666666666,22.757711323763957,23.68097263910765,22.862407315224818,5.233333333333333,5.283333333333333,5.333333333333333,78.4405,77.70548333333333,76.53981666666665,3847.3666666666663,3821.433333333333,3774.4083333333333,137585.66666666666,136690.5,135544.5,83.85153333333334,83.66789999999999,83.581575,6.563333333333333,6.453333333333334,6.601666666666667,128.49999999999997,128.46666666666667,128.23333333333335,99.03333333333335,98.28333333333335,95.74166666666667,351.1666666666667,363.57,375.45250000000004,3.8535645472061564,1.5065913370998052,-5.462204817847405,-1.7221750971025407,0.0,-5.454545454545457,0.6346132066227916,7.470272474009643,0.3873852793593757,4.727548889310795,0.6661818181818102,3.653669020571071,0.13284385847129876,1.5213723488222364,4.20560747663552,6.698564593301448,-0.9338521400778177,0.7120253164556889,0.30090270812437314,6.7235859124866515,1.5090311039298365,-11.206178541682432,5.8630912571410825,0.01497758492898349,-0.11885311658274045,0.8660254037844387,-0.49999999999999983,0,1,0,0,0.06261740763933155,0.18856065367693908,0.3170577045022105,0.38585209003214604,0.1464612776533055,0.22075750872520006,0.22760840141852015,0.06257822277846437
1997-05-01,159.9,159.7,158.7,156.4,5.51,5.19,5.31,5.24,19.695454545454545,22.176315789473687,23.705,21.165454545454544,5.1,5.2,5.4,5.6,79.1747,78.5833,77.0397,74.8726,3877.0,3846.3,3795.1,3709.6,136288.0,137500.0,135581.0,135011.0,83.7916,84.0084,83.5622,83.5236,6.89,6.42,6.2,6.74,127.0,128.5,128.2,128.1,101.4,99.7,99.2,89.4,344.47,346.58,377.85,391.93,159.79999999999998,159.43333333333334,158.31666666666666,5.363333333333333,5.323333333333333,5.300833333333333,20.945590111642744,22.817026657552972,22.545599955917464,5.166666666666667,5.266666666666667,5.291666666666667,78.94666666666666,78.17819999999999,76.94460833333333,3861.5,3838.7999999999997,3789.35,137401.33333333334,136699.16666666666,135728.75,83.97333333333334,83.76695,83.62303333333334,6.666666666666667,6.5133333333333345,6.633333333333333,127.60000000000001,128.29999999999998,128.20000000000002,100.36666666666667,99.10000000000001,96.46666666666665,347.62000000000006,357.47,371.42083333333335,2.226345083487935,5.555555555555558,-6.055547123994531,-16.17936416696143,-1.9230769230769384,-8.92857142857143,0.11722010065502442,6.536171976339267,0.40919921268001147,4.84896016442653,-1.5373945208646433,1.6490524101822057,-0.3903946742748521,0.5972811999889638,2.9895366218235964,5.837173579109067,-0.23566378633149698,-0.31397174254317317,1.4000000000000012,9.385113268608425,-2.0863534294079167,-12.315133002418222,5.8420070039332,-0.02108425320788232,-0.1314208556886305,0.49999999999999994,-0.8660254037844387,0,1,0,0,0.06257822277846437,0.18820577164364583,0.3160556257901348,0.19218449711724261,0.10446713402048058,0.17834426177124238,0.20066891248071336,0.0
1997-06-01,159.9,159.8,159.1,156.7,5.5,5.39,5.29,5.27,20.81904761904762,20.965,25.228571428571428,20.4235,4.9,5.2,5.4,5.3,79.6133,79.082,77.5333,75.4433,3889.2,3861.2,3818.6,3722.5,136192.0,138416.0,135569.0,133678.0,83.8144,84.12,83.6933,83.7665,6.71,6.69,6.3,6.91,127.4,127.3,129.1,128.0,103.2,100.0,96.9,92.4,343.84,351.81,369.0,385.27,159.86666666666667,159.63333333333333,158.60833333333332,5.466666666666666,5.355,5.3225,20.49316738816739,22.33603459406091,22.516732712050217,5.066666666666667,5.183333333333334,5.233333333333333,79.28999999999999,78.60713333333332,77.33966666666666,3875.7999999999997,3854.483333333333,3804.316666666667,136965.33333333334,136801.0,135827.16666666666,83.90866666666666,83.80898333333333,83.64726666666667,6.763333333333333,6.598333333333334,6.630833333333334,127.23333333333333,128.16666666666666,128.14166666666668,101.53333333333335,99.76666666666667,97.61666666666667,346.70666666666665,351.8016666666667,367.41333333333336,-0.1814882032667886,4.961832061068705,5.70483443781391,-1.636661880627166,-3.9215686274509665,-12.49999999999999,0.5539648397783647,6.331688761977006,0.31467629610522074,4.8414923441880475,-0.07043907020427564,0.8747435394153014,0.027210364762098038,0.3481650695132954,-2.61248185776487,-0.4451038575667643,0.31496062992126816,-0.5464480874316835,1.7751479289940697,15.436241610738243,-0.18288965657388134,-12.270048222896957,5.8401764328942,-0.001830571039000084,-0.13090681952191474,1.2246467991473532e-16,-1.0,0,1,0,0,0.0,0.06261740763933155,0.2520478890989386,0.19181585677747748,0.04173187680593197,0.12566832413955323,0.18465353772094314,0.18761726078797558
1997-07-01,160.2,159.9,159.4,157.0,5.56,5.51,5.25,5.4,19.26,19.695454545454545,25.13181818181818,21.30227272727273,5.0,5.1,5.3,5.5,79.9792,79.1747,77.6562,75.4549,3906.0,3877.0,3834.6,3737.1,137474.0,136288.0,136841.0,134285.0,83.7402,83.7916,83.4262,83.3918,6.49,6.89,6.58,6.87,127.2,127.0,129.7,128.0,104.5,101.4,97.4,94.7,340.76,344.47,355.11,383.47,160.0,159.81666666666666,158.89999999999998,5.523333333333333,5.3999999999999995,5.346666666666667,19.924834054834054,21.341272689299007,22.419774378716884,5.0,5.116666666666666,5.208333333333333,79.58906666666667,79.01478333333334,77.71765833333332,3890.7333333333336,3869.0499999999997,3819.6083333333336,136651.33333333334,137118.5,136143.5,83.78206666666667,83.8168,83.645075,6.696666666666666,6.63,6.595833333333332,127.2,127.85000000000001,128.075,103.03333333333335,101.03333333333335,98.625,343.02333333333337,347.09499999999997,363.70416666666665,1.0909090909090757,5.502846299810238,-7.488563586459285,-5.696868803094468,2.0408163265306145,-5.660377358490565,0.4595965749441433,6.012329789391524,0.4319654427645814,4.92948287441235,0.9413181390977465,2.8396594802435615,-0.08852894013440249,-0.03139679943652274,-3.2786885245901565,-6.078147612156293,-0.15698587127158659,-0.6249999999999978,1.2596899224806224,13.095238095238093,-0.895765472312704,-11.552936901393828,5.83117841717464,-0.008998015719559938,-0.1227659700194188,-0.4999999999999998,-0.8660254037844388,0,0,1,0,0.18761726078797558,0.06257822277846437,0.18856065367693908,0.19144862795150708,0.08339849452214665,0.11492988608772607,0.18430365472181798,0.12484394506866447
1997-08-01,160.4,159.9,159.7,157.2,5.52,5.5,5.19,5.22,19.663636363636364,20.81904761904762,22.176315789473687,21.903181818181817,4.9,4.9,5.2,5.1,80.6624,79.6133,78.5833,75.8411,3923.9,3889.2,3846.3,3744.0,139018.0,136192.0,137500.0,134126.0,83.978,83.8144,84.0084,83.4315,6.22,6.71,6.42,6.64,126.9,127.4,128.5,128.3,107.1,103.2,99.7,95.3,324.1,343.84,346.58,387.35,160.16666666666666,159.98333333333332,159.1833333333333,5.526666666666666,5.445,5.3566666666666665,19.914227994227996,20.429909052935372,22.28322134841385,4.933333333333334,5.05,5.158333333333333,80.08496666666666,79.51581666666667,78.15161666666667,3906.366666666667,3883.933333333334,3835.1749999999997,137561.33333333334,137481.33333333334,136537.91666666666,83.8442,83.90876666666666,83.693925,6.473333333333333,6.569999999999999,6.541666666666667,127.16666666666667,127.38333333333333,127.98333333333335,104.93333333333332,102.64999999999999,99.65833333333332,336.23333333333335,341.9266666666667,358.75666666666666,-0.7194244604316502,2.2222222222222143,2.09572359105068,-7.692307692307699,-1.9999999999999907,-10.909090909090901,0.8542220977454162,6.901473595485519,0.458269329237071,4.998528270584157,1.1231214629675357,3.5245932159213567,0.2839735276485955,0.7029468125163252,-4.160246533127898,-9.461426491994185,-0.2358490566037763,-0.8593749999999956,2.4880382775119614,13.093980992608234,-4.889071487263752,-15.482306308185779,5.781052110147502,-0.050126307027138495,-0.16820928074204122,-0.8660254037844384,-0.5000000000000004,0,0,1,0,0.12484394506866447,0.0,0.18820577164364583,0.1273885350318471,0.10415373528554668,0.10431043465301364,0.1787532644815811,0.24937655860348684
1997-09-01,160.8,160.2,159.8,157.7,5.54,5.56,5.39,5.3,19.95285714285714,19.26,20.965,23.9715,4.8,5.0,5.2,5.2,81.4694,79.9792,79.082,76.3158,3957.4,3906.0,3861.2,3753.4,138756.0,137474.0,138416.0,135214.0,84.3178,83.7402,84.12,83.564,6.3,6.49,6.69,6.83,127.2,127.2,127.3,128.2,104.4,104.5,100.0,94.7,324.01,340.76,351.81,383.14,160.46666666666667,160.16666666666669,159.48333333333332,5.54,5.503333333333333,5.383333333333334,19.625497835497836,20.059332611832613,22.1206942921368,4.8999999999999995,4.983333333333333,5.133333333333334,80.70366666666666,79.99683333333333,78.62064166666666,3929.1,3902.4500000000003,3852.9583333333335,138416.0,137690.66666666666,136923.75,84.012,83.96033333333334,83.76778333333333,6.336666666666666,6.550000000000001,6.513333333333333,127.10000000000001,127.16666666666667,127.89166666666665,105.33333333333333,103.43333333333332,100.41666666666667,329.62333333333333,338.165,353.4783333333333,0.36231884057971175,6.130268199233724,1.4708407634898446,-8.904298432594448,-2.0408163265306256,-5.882352941176472,1.0004661403578252,7.421174007233544,0.8537424501134039,5.699786324786338,-0.18846480311901503,3.4519779908444237,0.40462978399105065,1.0623086004686533,1.2861736334405238,-5.12048192771084,0.23640661938533203,-0.857365549493383,-2.5210084033613356,9.548793284365175,-0.02776920703487784,-16.35213631083,5.780774379513571,-0.0002777306339307728,-0.17855429756434038,-1.0,-1.8369701987210297e-16,0,0,1,0,0.24937655860348684,0.18761726078797558,0.06261740763933155,0.31806615776082126,0.1872792548200423,0.11450556581298714,0.18891893311255106,0.24875621890545485
1997-10-01,161.2,160.4,159.9,158.2,5.54,5.52,5.51,5.24,19.803333333333335,19.663636363636364,19.695454545454545,24.87913043478261,4.9,4.9,5.1,5.2,82.2156,80.6624,79.1747,76.3384,3973.1,3923.9,3877.0,3772.8,139274.0,139018.0,136288.0,136236.0,84.5693,83.978,83.7916,83.1973,6.21,6.22,6.89,6.53,127.5,126.9,127.0,128.0,106.0,107.1,101.4,96.5,322.82,324.1,344.47,381.07,160.79999999999998,160.4,159.775,5.533333333333334,5.528333333333333,5.403333333333333,19.806608946608947,19.865721500721502,21.773347069914575,4.866666666666667,4.933333333333334,5.108333333333333,81.44913333333334,80.5191,79.11229166666666,3951.4666666666667,3921.1000000000004,3871.2666666666664,139016.0,137833.66666666666,137262.08333333334,84.28836666666666,84.03521666666667,83.85155833333333,6.243333333333333,6.47,6.461666666666667,127.2,127.2,127.83333333333333,105.83333333333333,104.43333333333332,101.35833333333333,323.6433333333334,333.3333333333333,348.45166666666665,0.0,4.528301886792452,-0.7493854561943514,-17.388009372240642,2.083333333333348,-5.769230769230771,0.9159267160430806,7.7307713474798145,0.3967251225552193,5.853359620610643,0.37331718988729,3.0026476548286496,0.2982762832996144,1.2030300129242333,-1.4285714285714235,-9.077598828696932,0.2358490566037652,-0.5460218408736228,1.5325670498084198,11.932418162618784,-0.36727261504274633,-15.743592420525133,5.777094892345134,-0.0036794871684371344,-0.17130556529182162,-0.8660254037844386,0.5000000000000001,0,0,0,1,0.24875621890545485,0.12484394506866447,0.06257822277846437,0.3170577045022105,0.2076589075258687,0.1455287010240077,0.18314310487460386,0.18610421836229296
1997-11-01,161.5,160.8,159.9,158.7,5.5,5.54,5.5,5.31,21.32521739130435,19.95285714285714,20.81904761904762,23.705,4.7,4.8,4.9,5.4,82.9446,81.4694,79.6133,77.0397,3992.3,3957.4,3889.2,3795.1,138885.0,138756.0,136192.0,135581.0,84.7793,84.3178,83.8144,83.5622,6.03,6.3,6.71,6.2,127.8,127.2,127.4,128.2,105.6,104.4,103.2,99.2,324.87,324.01,343.84,377.85,161.16666666666666,160.66666666666666,160.04999999999998,5.526666666666666,5.526666666666666,5.425,20.360469289164943,20.13734864169647,21.47718764962472,4.8,4.866666666666666,5.066666666666666,82.20986666666666,81.14741666666667,79.66280833333333,3974.266666666667,3940.316666666667,3889.558333333333,138971.66666666666,138266.5,137482.83333333334,84.55546666666667,84.19983333333333,83.98339166666666,6.18,6.326666666666667,6.420000000000001,127.5,127.33333333333333,127.81666666666668,105.33333333333333,105.13333333333333,102.11666666666666,323.90000000000003,330.06666666666666,343.7683333333334,-0.7220216606498187,4.961832061068705,7.684989351814586,-14.28471566879871,-4.081632653061229,-9.615384615384615,0.8866930363580661,8.653836077256006,0.48324985527674613,5.817960135708233,-0.2793055415942658,1.9444199770985549,0.24831706068277892,1.9015040151543428,-2.898550724637672,-7.656967840735074,0.23529411764706687,-0.15625000000000222,-0.37735849056603765,9.430051813471497,0.6350288086240052,-14.747946571496051,5.783425102308398,0.006330209963263833,-0.15955798297668,-0.5000000000000004,0.8660254037844384,0,0,0,1,0.18610421836229296,0.24937655860348684,0.0,0.3160556257901348,0.2280789986237449,0.1661163669546458,0.1722303143629441,0.12383900928791824
1997-12-01,161.7,161.2,160.2,159.1,5.52,5.54,5.56,5.29,20.19388888888889,19.803333333333335,19.26,25.228571428571428,4.6,4.9,5.0,5.4,83.5978,82.2156,79.9792,77.5333,4014.8,3973.1,3906.0,3818.6,138354.0,139274.0,137474.0,135569.0,84.8918,84.5693,83.7402,83.6933,5.88,6.21,6.49,6.3,127.9,127.5,127.2,129.1,107.2,106.0,104.5,96.9,306.04,322.82,340.76,369.0,161.46666666666667,160.96666666666667,160.3,5.5200000000000005,5.53,5.4425,20.44081320450886,20.033155520003348,21.18459505703213,4.733333333333333,4.816666666666666,5.0,82.91933333333333,81.81150000000001,80.20931666666667,3993.4,3961.25,3907.866666666667,138837.66666666666,138626.83333333334,137713.91666666666,84.74680000000001,84.37939999999999,84.09419166666666,6.04,6.1883333333333335,6.3933333333333335,127.73333333333335,127.41666666666667,127.79166666666667,106.26666666666667,105.8,102.78333333333332,317.91,323.76666666666665,337.78416666666664,0.363636363636366,3.9548022598870025,-5.3051206074774875,-14.811689985703902,-2.1276595744680993,-14.814814814814826,0.7875135934105604,8.512624010737335,0.5635849009342886,5.789043766962676,-0.382330705259748,2.045271830123685,0.13269748629676226,1.5911500654602229,-2.4875621890547372,-5.161290322580648,0.07824726134586513,-0.23400936037439868,1.5151515151515138,8.064516129032251,-5.7961646196940215,-19.00489612280005,5.723715812363651,-0.059709289944746224,-0.21078147910307798,-2.4492935982947064e-16,1.0,0,0,0,1,0.12383900928791824,0.24875621890545485,0.18761726078797558,0.2520478890989386,0.18623314885188869,0.1867562018359655,0.15621226298775936,0.06184291898578831
1998-01-01,161.8,161.5,160.4,159.4,5.5,5.5,5.52,5.25,18.332727272727272,21.32521739130435,19.663636363636364,25.13181818181818,4.7,4.7,4.9,5.3,83.9538,82.9446,80.6624,77.6562,4032.9,3992.3,3923.9,3834.6,139206.0,138885.0,139018.0,136841.0,84.692,84.7793,83.978,83.4262,5.81,6.03,6.22,6.58,126.8,127.8,126.9,129.7,102.1,105.6,107.1,97.4,288.74,324.87,324.1,355.11,161.66666666666666,161.23333333333332,160.525,5.506666666666667,5.52,5.46,19.950611184306837,19.87861006545789,20.609941377378448,4.666666666666667,4.766666666666667,4.941666666666667,83.49873333333333,82.47393333333333,80.74435833333332,4013.3333333333335,3982.4,3925.725,138815.0,138915.5,138017.0,84.78770000000002,84.53803333333333,84.17741666666667,5.906666666666666,6.074999999999999,6.3525,127.5,127.35000000000001,127.59999999999998,104.96666666666665,105.39999999999999,103.21666666666668,306.55,315.09666666666664,331.09583333333336,-0.36231884057970065,3.969754253308122,-9.216459624999063,-27.333470606403786,2.1739130434782705,-12.962962962962965,0.4258485271143364,8.280957988374027,0.45083192188901666,5.612004399518145,0.6158116136866232,2.6827667092034213,-0.23535842095468995,1.193285484023221,-1.1904761904761973,-7.777777777777784,-0.8600469116497367,-1.7815646785437678,-4.757462686567171,5.366357069143435,-5.652855835838455,-21.750677506775062,5.665526629201668,-0.05818918316198296,-0.24527001483885869,0.49999999999999994,0.8660254037844387,1,0,0,0,0.06184291898578831,0.18610421836229296,0.12484394506866447,0.18856065367693908,0.12392871554533318,0.16579381153560094,0.1403618488116635,0.12360939431395046
1998-02-01,162.0,161.7,160.8,159.7,5.56,5.52,5.54,5.19,16.724,20.19388888888889,19.95285714285714,22.176315789473687,4.6,4.6,4.8,5.2,84.3218,83.5978,81.4694,78.5833,4056.2,4014.8,3957.4,3846.3,139478.0,138354.0,138756.0,137500.0,84.4984,84.8918,84.3178,84.0084,5.54,5.88,6.3,6.42,125.4,127.9,127.2,128.5,106.6,107.2,104.4,99.7,289.1,306.04,324.01,346.58,161.83333333333334,161.5,160.74166666666667,5.526666666666666,5.526666666666667,5.485833333333333,18.416872053872055,19.3886706715185,19.909289862226935,4.633333333333333,4.716666666666667,4.883333333333334,83.9578,83.08383333333333,81.299825,4034.6333333333337,4004.4499999999994,3944.191666666667,139012.66666666666,138992.16666666666,138236.75,84.69406666666667,84.62476666666667,84.26676666666667,5.743333333333333,5.961666666666666,6.265833333333333,126.7,127.10000000000001,127.24166666666667,105.3,105.31666666666666,103.98333333333333,294.62666666666667,309.2633333333334,325.59499999999997,1.0909090909090757,5.9047619047619015,-8.77516612119409,-33.45487429914993,-2.1276595744680993,-13.20754716981133,0.4383363230729298,8.58347433946034,0.5777480225148013,5.778959995827471,0.1953938767007113,1.927054026205588,-0.2285930194115049,1.2852077644673,-4.647160068846812,-15.805471124620063,-1.1041009463722329,-3.3153430994602773,4.407443682664058,9.445585215605746,0.12467964258502384,-18.588606347328994,5.666772649022301,0.001246019820632327,-0.20565495161161085,0.8660254037844386,0.5000000000000001,1,0,0,0,0.12360939431395046,0.12383900928791824,0.24937655860348684,0.18820577164364583,0.10309710752921901,0.16558805307648194,0.1349492438647478,0.0
1998-03-01,162.0,161.8,161.2,159.8,5.51,5.5,5.54,5.39,16.06,18.332727272727272,19.803333333333335,20.965,4.6,4.7,4.9,5.2,84.4583,83.9538,82.2156,79.082,4088.9,4032.9,3973.1,3861.2,139349.0,139206.0,139274.0,138416.0,84.074,84.692,84.5693,84.12,5.57,5.81,6.21,6.69,125.0,126.8,127.5,127.3,110.4,102.1,106.0,100.0,297.49,288.74,322.82,351.81,161.9333333333333,161.7,160.93333333333334,5.523333333333333,5.521666666666666,5.512499999999999,17.03890909090909,18.739861147708975,19.399596879770794,4.633333333333333,4.683333333333334,4.833333333333333,84.24463333333334,83.58198333333333,81.78940833333333,4059.3333333333335,4026.366666666667,3964.4083333333333,139344.33333333334,139091.0,138390.83333333334,84.42146666666666,84.58413333333333,84.27223333333333,5.640000000000001,5.84,6.195,125.73333333333333,126.73333333333333,126.95,106.36666666666667,106.31666666666668,104.875,291.7766666666667,304.84333333333336,321.50416666666666,-0.8992805755395628,6.165703275529855,-3.970342023439377,-27.580396345081304,0.0,-11.538461538461553,0.1618798460184756,7.476143150007708,0.8061732656180709,6.307360320307831,-0.09248770415406504,1.3447272727272752,-0.5022580309212987,0.07808742935231372,0.5415162454873723,-13.239875389408095,-0.31897926634769647,-2.7237354085603127,3.564727954971869,10.732196589769316,2.9021099965409913,-14.164117952565059,5.695380610975362,0.028607961953061256,-0.15273306123673702,1.0,6.123233995736766e-17,1,0,0,0,0.0,0.06184291898578831,0.24875621890545485,0.06261740763933155,0.06181743776657959,0.12402529330923413,0.11926542956111064,0.0
1998-04-01,162.0,162.0,161.5,159.9,5.49,5.56,5.5,5.51,15.115454545454549,16.724,21.32521739130435,19.695454545454545,4.7,4.6,4.7,5.1,84.488,84.3218,82.9446,79.1747,4114.3,4056.2,3992.3,3877.0,140055.0,139478.0,138885.0,136288.0,83.5488,84.4984,84.7793,83.7916,5.65,5.54,6.03,6.89,124.7,125.4,127.8,127.0,106.5,106.6,105.6,101.4,295.94,289.1,324.87,344.47,162.0,161.83333333333334,161.11666666666667,5.52,5.513333333333333,5.520833333333333,15.966484848484852,17.95854801639584,18.912134758558675,4.633333333333334,4.6499999999999995,4.791666666666667,84.4227,83.96071666666667,82.23990833333333,4086.4666666666667,4049.9,3985.5,139627.33333333334,139221.16666666666,138527.41666666666,84.0404,84.41404999999999,84.22463333333333,5.586666666666667,5.746666666666667,6.108333333333334,125.03333333333335,126.26666666666667,126.73333333333333,107.83333333333333,106.40000000000002,105.41666666666667,294.1766666666667,300.36333333333334,316.8483333333333,-0.3629764065335661,1.855287569573294,-5.881354013358964,-27.9014808230167,2.1739130434782705,-9.615384615384615,0.035165282749005655,6.835942439493192,0.6211939641468378,6.554957008184004,0.5066415977150962,1.1841116633915183,-0.6246877750553104,-0.6790299572040026,1.4362657091562037,-15.545590433482815,-0.23999999999999577,-2.04241948153967,-3.532608695652184,6.499999999999995,-0.5210259168375475,-15.880731076433307,5.690156731074389,-0.005223879900973394,-0.1729345260666939,0.8660254037844387,-0.49999999999999983,0,1,0,0,0.0,0.12360939431395046,0.18610421836229296,0.06257822277846437,0.04120313143798349,0.08256592349165832,0.114047312257833,0.12345679012344402
1998-05-01,162.2,162.0,161.7,159.9,5.45,5.51,5.52,5.5,15.353809523809524,16.06,20.19388888888889,20.81904761904762,4.3,4.6,4.6,4.9,84.7779,84.4583,83.5978,79.6133,4140.2,4088.9,4014.8,3889.2,142052.0,139349.0,138354.0,136192.0,83.2923,84.074,84.8918,83.8144,5.64,5.57,5.88,6.71,124.9,125.0,127.9,127.4,108.7,110.4,107.2,103.2,308.29,297.49,306.04,343.84,162.0666666666667,161.95000000000002,161.30833333333334,5.483333333333334,5.505,5.515833333333333,15.509754689754692,16.963313371813374,18.55033100675492,4.533333333333334,4.583333333333333,4.725,84.57473333333333,84.26626666666667,82.70684166666666,4114.466666666667,4074.5499999999997,4007.433333333334,140485.33333333334,139749.0,139007.75,83.63836666666667,84.16621666666667,84.183025,5.62,5.6816666666666675,6.004166666666667,124.86666666666667,125.78333333333335,126.55833333333332,108.53333333333335,106.91666666666667,106.02499999999999,300.5733333333333,297.6,313.8333333333333,-0.7285974499089298,-1.0889292196007205,1.5768958693118007,-22.04389348631214,-8.510638297872353,-15.686274509803921,0.3431256509800251,7.077008185695677,0.6295117030843622,6.7887541913850935,1.4258684088393814,4.229279173514899,-0.3070062047569877,-0.5958831195489789,-0.1769911504424848,-18.1422351233672,0.1603849238171584,-1.6535433070866135,2.0657276995305285,7.199211045364895,4.173143204703655,-10.503091706099221,5.731040898427028,0.040884167352639444,-0.11096610550617214,0.49999999999999994,-0.8660254037844387,0,1,0,0,0.12345679012344402,0.0,0.12383900928791824,0.0,0.041152263374481336,0.07212468545185018,0.11912052620324798,0.2466091245376223
1998-06-01,162.6,162.0,161.8,160.2,5.49,5.49,5.5,5.56,14.914,15.115454545454549,18.332727272727272,19.26,4.4,4.7,4.7,5.0,85.3367,84.488,83.9538,79.9792,4164.4,4114.3,4032.9,3906.0,142063.0,140055.0,139206.0,137474.0,83.3136,83.5488,84.692,83.7402,5.65,5.65,5.81,6.49,125.1,124.7,126.8,127.2,106.5,106.5,102.1,104.5,299.1,295.94,288.74,340.76,162.26666666666668,162.1,161.53333333333333,5.476666666666667,5.5,5.515,15.12775468975469,16.08333189033189,18.05824370516762,4.466666666666666,4.55,4.683333333333334,84.86753333333333,84.55608333333333,83.18379166666666,4139.633333333332,4099.483333333334,4030.3666666666663,141390.0,140367.16666666666,139497.0,83.3849,83.90318333333333,84.14129166666667,5.646666666666667,5.6433333333333335,5.915833333333333,124.90000000000002,125.31666666666666,126.36666666666667,107.23333333333333,106.8,106.3,301.11,296.4433333333333,310.105,0.7339449541284404,-0.181818181818183,-2.864497720435444,-28.363677950594703,2.3255813953488413,-10.204081632653061,0.6591340431881365,7.188999827918208,0.5845128254673648,7.076005348143566,0.0077436431729305255,4.31082589285714,0.02557259194426731,-0.5975106902871286,0.17730496453902678,-15.797317436661695,0.16012810248198228,-1.8053375196232402,-2.023919043238276,3.197674418604657,-2.980959486198065,-13.011865984178673,5.700777965635902,-0.030262932791125685,-0.13939846725829774,1.2246467991473532e-16,-1.0,0,1,0,0,0.2466091245376223,0.0,0.06184291898578831,0.18761726078797558,0.12335530488702211,0.09258637132680085,0.13967128658138317,0.12300123001232066
1998-07-01,162.8,162.2,162.0,160.4,5.56,5.45,5.56,5.52,13.72181818181818,15.353809523809524,16.724,19.663636363636364,4.5,4.3,4.6,4.9,84.8248,84.7779,84.3218,80.6624,4184.1,4140.2,4056.2,3923.9,143248.0,142052.0,139478.0,139018.0,82.3151,83.2923,84.4984,83.978,5.5,5.64,5.54,6.22,124.8,124.9,125.4,126.9,105.6,108.7,106.6,107.1,292.32,308.29,289.1,324.1,162.53333333333333,162.26666666666668,161.75,5.5,5.510000000000001,5.515,14.663209235209237,15.314847041847043,17.596728553652465,4.3999999999999995,4.516666666666667,4.641666666666667,84.9798,84.70125,83.58759166666667,4162.900000000001,4124.683333333333,4053.5416666666665,142454.33333333334,141040.83333333334,139978.16666666666,82.97366666666666,83.50703333333333,84.02253333333333,5.596666666666667,5.591666666666666,5.833333333333333,124.93333333333334,124.98333333333333,126.16666666666667,106.93333333333332,107.38333333333333,106.39166666666667,299.90333333333336,297.04,306.0683333333333,1.2750455373406133,0.0,-7.993709388372128,-28.754838100632508,2.2727272727272707,-9.999999999999998,-0.5998591461821245,6.058575229559682,0.47305734319471604,7.119815668202767,0.8341369674017773,4.200066921745194,-1.1984838009640564,-1.7018110775947504,-2.6548672566371723,-15.254237288135597,-0.23980815347721673,-1.8867924528301883,-0.8450704225352212,1.0526315789473717,-2.266800401203617,-14.215283483976993,5.677849092629697,-0.022928873006205386,-0.1533293245449432,-0.4999999999999998,-0.8660254037844388,0,0,1,0,0.12300123001232066,0.12345679012344402,0.12360939431395046,0.12484394506866447,0.164355714891129,0.10277942316455624,0.1342866173500786,0.24570024570023108
1998-08-01,163.2,162.6,162.0,160.8,5.54,5.49,5.51,5.54,14.172727272727274,14.914,16.06,19.95285714285714,4.5,4.4,4.6,4.8,84.4986,85.3367,84.4583,81.4694,4203.8,4164.4,4088.9,3957.4,141882.0,142063.0,139349.0,138756.0,81.5396,83.3136,84.074,84.3178,5.46,5.65,5.57,6.3,124.9,125.1,125.0,127.2,105.2,106.5,110.4,104.4,292.87,299.1,297.49,324.01,162.86666666666665,162.46666666666667,161.98333333333332,5.53,5.506666666666667,5.516666666666667,14.269515151515153,14.88963492063492,17.139152796076708,4.466666666666666,4.5,4.608333333333333,84.8867,84.73071666666667,83.907275,4184.099999999999,4149.283333333334,4076.866666666667,142397.66666666666,141441.5,140216.83333333334,82.38943333333333,83.01389999999999,83.81933333333333,5.536666666666666,5.578333333333333,5.7700000000000005,124.93333333333334,124.89999999999999,126.0,105.76666666666667,107.15000000000002,106.23333333333335,294.7633333333333,297.66833333333335,303.46583333333336,-0.3597122302158251,0.36231884057971175,3.2860739366635805,-27.924179380490056,0.0,-8.163265306122458,-0.3845573464364205,4.755871384932742,0.4708300470829929,7.133209307066957,-0.9535909750921445,2.0601648707361697,-0.9421114716498091,-2.903617614137033,-0.727272727272732,-12.218649517684888,0.08012820512821595,-1.5760441292356209,-0.37878787878786735,-1.7740429505135324,0.18814997263274513,-9.635914841098437,5.679728824552481,0.0018797319227843445,-0.10132328559502035,-0.8660254037844384,-0.5000000000000004,0,0,1,0,0.24570024570023108,0.2466091245376223,0.0,0.24937655860348684,0.2051035334167247,0.12312789839560301,0.14435797573604248,0.1225490196078427
1998-09-01,163.4,162.8,162.0,161.2,5.55,5.56,5.49,5.54,13.47190476190476,13.72181818181818,15.115454545454549,19.803333333333335,4.5,4.5,4.7,4.9,86.248,84.8248,84.488,82.2156,4228.7,4184.1,4114.3,3973.1,140632.0,143248.0,140055.0,139274.0,82.7869,82.3151,83.5488,84.5693,5.34,5.5,5.65,6.21,124.2,124.8,124.7,127.5,104.4,105.6,106.5,106.0,284.11,292.32,295.94,322.82,163.13333333333333,162.70000000000002,162.20000000000002,5.55,5.513333333333333,5.517499999999999,13.78881673881674,14.458285714285715,16.599073430997343,4.5,4.483333333333333,4.583333333333333,85.19046666666667,85.029,84.30549166666667,4205.533333333334,4172.583333333333,4099.475,141920.66666666666,141655.33333333334,140373.16666666666,82.21386666666666,82.79938333333332,83.69175833333334,5.433333333333334,5.54,5.69,124.63333333333333,124.76666666666667,125.75,105.06666666666666,106.14999999999999,106.23333333333333,289.76666666666665,295.43833333333333,300.1408333333333,0.18050541516245744,0.18050541516245744,-4.944866978221718,-32.4813250280423,0.0,-6.25,2.070330159316258,5.865515150473688,0.5923212331699901,6.855511194218411,-0.88101380020017,1.352013606618807,1.5296861892871716,-1.8156308632340967,-2.197802197802201,-15.238095238095239,-0.5604483586869491,-2.358490566037741,-0.760456273764254,0.0,-2.9910881961279667,-12.314434739668522,5.649361487114312,-0.030367337438168995,-0.13141289239925857,-1.0,-1.8369701987210297e-16,0,0,1,0,0.1225490196078427,0.12300123001232066,0.0,0.24875621890545485,0.16375016510679816,0.14355273499691013,0.13378901415307212,0.0611995104039087
1998-10-01,163.5,163.2,162.2,161.5,5.51,5.54,5.45,5.5,15.031428571428572,14.172727272727274,15.353809523809524,21.32521739130435,4.6,4.5,4.3,4.7,86.2021,84.4986,84.7779,82.9446,4267.7,4203.8,4140.2,3992.3,142084.0,141882.0,142052.0,138885.0,82.3253,81.5396,83.2923,84.7793,4.81,5.46,5.64,6.03,123.8,124.9,124.9,127.8,100.9,105.2,108.7,105.6,288.98,292.87,308.29,324.87,163.36666666666667,162.95000000000002,162.39166666666668,5.533333333333334,5.516666666666667,5.515000000000001,14.225353535353536,14.444281385281386,16.201414700838615,4.533333333333334,4.466666666666667,4.558333333333333,85.64956666666667,85.31468333333333,84.63770000000001,4233.4,4198.15,4124.025000000001,141532.66666666666,141993.5,140607.33333333334,82.21726666666666,82.59546666666667,83.50475833333333,5.203333333333333,5.3999999999999995,5.573333333333333,124.3,124.61666666666666,125.44166666666668,103.5,105.21666666666665,105.80833333333334,288.65333333333336,294.27833333333336,297.3208333333333,-0.7207207207207245,-0.5415162454873723,11.57611961401155,-24.096472455334606,2.2222222222222143,-6.122448979591855,-0.05321862535943023,4.848836473856544,0.922269255326702,7.414864966902424,1.0324819386768214,2.017605583238802,-0.5575761382537681,-2.6534451627245326,-9.925093632958804,-22.544283413848643,-0.32206119162641045,-2.9019607843137285,-3.3524904214559337,-4.8113207547169745,1.7141248108127227,-10.482621894554233,5.666357481565465,0.016995994451153074,-0.11073741077966837,-0.8660254037844386,0.5000000000000001,0,0,0,1,0.0611995104039087,0.24570024570023108,0.12345679012344402,0.18610421836229296,0.14314959190399415,0.15375265339756158,0.11815928844460995,0.24464831804280607
1998-11-01,163.9,163.4,162.6,161.7,5.07,5.55,5.49,5.52,14.460909090909093,13.47190476190476,14.914,20.19388888888889,4.5,4.5,4.4,4.6,86.7914,86.248,85.3367,83.5978,4307.9,4228.7,4164.4,4014.8,144096.0,140632.0,142063.0,138354.0,82.4879,82.7869,83.3136,84.8918,4.53,5.34,5.65,5.88,124.0,124.2,125.1,127.9,97.4,104.4,106.5,107.2,295.93,284.11,299.1,306.04,163.6,163.23333333333332,162.59166666666667,5.376666666666666,5.453333333333333,5.479166666666667,14.321414141414143,14.295464646464646,15.62938900913901,4.533333333333334,4.5,4.541666666666667,86.41383333333333,85.65026666666667,84.95826666666666,4268.099999999999,4226.099999999999,4150.325,142270.66666666666,142334.16666666666,141041.58333333334,82.53336666666667,82.4614,83.31380833333334,4.8933333333333335,5.215,5.448333333333333,124.0,124.46666666666665,125.125,100.90000000000002,103.33333333333333,105.125,289.67333333333335,292.2183333333333,294.9091666666667,-7.985480943738644,-7.818181818181813,-3.795510704843519,-32.18869085571091,-2.1739130434782483,-4.255319148936176,0.6836260369526892,4.637794383238925,0.9419593692152617,7.9052175437717365,1.4160637369443396,3.75202505670158,0.19750914967815447,-2.702782400892678,-5.82120582120581,-24.87562189054726,0.1615508885298933,-2.9733959311424085,-3.468780971258667,-7.765151515151503,2.40501072738597,-8.908178656077814,5.6901229398702355,0.02376545830477017,-0.09330216243816203,-0.5000000000000004,0.8660254037844384,0,0,0,1,0.24464831804280607,0.1225490196078427,0.2466091245376223,0.12383900928791824,0.14279894935151916,0.1739512413841219,0.12303796341798605,0.12202562538132788
1998-12-01,164.1,163.5,162.8,161.8,4.83,5.51,5.56,5.5,13.002105263157894,15.031428571428572,13.72181818181818,18.332727272727272,4.4,4.6,4.5,4.7,86.7256,86.2021,84.8248,83.9538,4346.6,4267.7,4184.1,4032.9,144785.0,142084.0,143248.0,139206.0,82.0403,82.3253,82.3151,84.692,4.83,4.81,5.5,5.81,123.6,123.8,124.8,126.8,102.7,100.9,105.6,102.1,294.12,288.98,292.32,288.74,163.83333333333334,163.48333333333332,162.79166666666666,5.136666666666667,5.343333333333334,5.421666666666667,14.16481430849852,13.97681552365763,15.030073706994761,4.5,4.5,4.525,86.57303333333334,85.88175,85.21891666666666,4307.4,4256.466666666666,4177.974999999999,143655.0,142787.83333333334,141577.5,82.2845,82.24918333333333,83.07618333333333,4.723333333333333,5.078333333333334,5.360833333333333,123.8,124.21666666666665,124.76666666666667,100.33333333333333,102.7,104.75,293.01000000000005,291.3883333333334,293.91583333333335,-4.7337278106508895,-12.49999999999999,-10.087912306068514,-35.61366344690581,-2.2222222222222143,-4.347826086956507,-0.07581396313459665,3.741486019967022,0.8983495438612987,8.264421639932262,0.47815345325339376,4.648221229599425,-0.5426250395512477,-3.3589816684296947,6.62251655629138,-17.85714285714285,-0.3225806451612967,-3.3620015637216616,5.44147843942504,-4.197761194029848,-0.6116311289832033,-3.8949156972944765,5.683987847328021,-0.006135092542214338,-0.03972796503563014,-2.4492935982947064e-16,1.0,0,0,0,1,0.12202562538132788,0.0611995104039087,0.12300123001232066,0.06184291898578831,0.14262448460934754,0.15318732485807285,0.12288684809243684,0.1828153564899626
1999-01-01,164.4,163.9,163.2,162.0,4.68,5.07,5.54,5.56,11.347272727272726,14.460909090909093,14.172727272727274,16.724,4.4,4.5,4.5,4.6,87.1185,86.7914,84.4986,84.3218,4375.6,4307.9,4203.8,4056.2,146071.0,144096.0,141882.0,139478.0,82.0415,82.4879,81.5396,84.4984,4.65,4.53,5.46,5.54,122.8,124.0,124.9,125.4,100.5,97.4,105.2,106.6,291.68,295.93,292.87,289.1,164.13333333333333,163.75,163.00833333333333,4.86,5.196666666666666,5.353333333333333,12.936762360446572,13.581057947900051,14.44795249487355,4.433333333333334,4.483333333333333,4.5,86.87849999999999,86.26403333333333,85.48264166666667,4343.366666666667,4288.383333333334,4206.533333333334,144984.0,143258.33333333334,142149.58333333334,82.18990000000001,82.20358333333333,82.85530833333333,4.670000000000001,4.9366666666666665,5.264166666666667,123.46666666666665,123.88333333333333,124.43333333333334,100.2,101.85000000000001,104.61666666666666,293.91,291.2816666666667,294.1608333333333,-3.105590062111807,-14.909090909090917,-12.727419924634953,-38.10373896657742,0.0,-6.382978723404253,0.4530380879463447,3.7695732652959,0.6671881470574625,8.497607180936795,0.8882135580343231,4.931540307170668,0.0014626957726804335,-3.1295754026354206,-3.7267080745341574,-19.965576592082602,-0.6472491909385036,-3.154574132492116,-2.142161635832529,-1.5670910871694366,-0.8295933632530894,1.018217081111028,5.675657310930353,-0.008330536397668453,0.010130681728684365,0.49999999999999994,0.8660254037844387,1,0,0,0,0.1828153564899626,0.24464831804280607,0.24570024570023108,0.12360939431395046,0.1831630999713655,0.16315634593767983,0.13296788455111805,0.18248175182480342
1999-02-01,164.7,164.1,163.4,162.0,4.63,4.83,5.55,5.51,12.514736842105265,13.002105263157894,13.47190476190476,16.06,4.3,4.4,4.5,4.6,87.4949,86.7256,86.248,84.4583,4403.0,4346.6,4228.7,4088.9,145883.0,144785.0,140632.0,139349.0,82.0391,82.0403,82.7869,84.074,4.72,4.83,5.34,5.57,122.9,123.6,124.2,125.0,103.9,102.7,104.4,110.4,287.08,294.12,284.11,297.49,164.4,164.0,163.23333333333332,4.713333333333334,5.045000000000001,5.275833333333334,12.288038277511964,13.30472620946305,14.097180565048987,4.366666666666666,4.45,4.475,87.113,86.76341666666667,85.74706666666667,4375.066666666667,4321.583333333333,4235.433333333333,145579.66666666666,143925.16666666666,142683.33333333334,82.0403,82.28683333333333,82.65036666666667,4.733333333333333,4.8133333333333335,5.195833333333334,123.09999999999998,123.55000000000001,124.22500000000001,102.36666666666667,101.63333333333334,104.39166666666667,290.96,290.31666666666666,293.9925,-1.0683760683760646,-16.726618705035968,10.288499650022365,-25.168997595639407,-2.272727272727282,-6.521739130434778,0.43205518919633423,3.763083805136991,0.6261998354511356,8.549874266554912,-0.12870453409643545,4.592122055091119,-0.002925348756410706,-2.910469310661501,1.5053763440860068,-14.801444043321311,0.08143322475571146,-1.9936204146730474,3.383084577114426,-2.5328330206378924,-1.5770707624794378,-0.6987201660325293,5.659760922561871,-0.01589638836848195,-0.007011726460429912,0.8660254037844386,0.5000000000000001,1,0,0,0,0.18248175182480342,0.12202562538132788,0.1225490196078427,0.0,0.1624409112320313,0.15261993029177523,0.13787391434368912,0.0
1999-03-01,164.7,164.4,163.5,162.0,4.76,4.68,5.51,5.49,12.013684210526316,11.347272727272726,15.031428571428572,15.115454545454549,4.4,4.4,4.6,4.7,88.027,87.1185,86.2021,84.488,4425.8,4375.6,4267.7,4114.3,147751.0,146071.0,142084.0,140055.0,82.1916,82.0415,82.3253,83.5488,5.0,4.65,4.81,5.65,122.3,122.8,123.8,124.7,108.1,100.5,100.9,106.5,287.33,291.68,288.98,295.94,164.6,164.21666666666667,163.45833333333334,4.6899999999999995,4.913333333333333,5.213333333333333,11.958564593301437,13.061689450899978,13.759987582592844,4.366666666666666,4.433333333333334,4.458333333333333,87.5468,87.05991666666667,86.04445833333334,4401.466666666667,4354.433333333333,4263.508333333333,146568.33333333334,145111.66666666666,143383.5,82.09073333333333,82.18761666666667,82.4935,4.79,4.756666666666667,5.148333333333333,122.66666666666667,123.23333333333333,124.0,104.16666666666667,102.25,104.19999999999999,288.69666666666666,290.8533333333333,293.14583333333337,2.807775377969768,-13.611615245009078,-4.003700899991602,-25.19499246247623,2.3255813953488413,-4.347826086956507,0.608149732155816,4.225398806274816,0.5178287531228731,8.239379784294076,1.280478191427381,6.029465586405358,0.18588697340657934,-2.23897994623784,5.932203389830515,-10.23339317773788,-0.4882017900732394,-2.1600000000000064,4.042348411934538,-2.083333333333348,0.08708373972412531,-3.4152408484318886,5.660631381000218,0.0008704584383467662,-0.0347492299751444,1.0,6.123233995736766e-17,1,0,0,0,0.0,0.1828153564899626,0.0611995104039087,0.0,0.12176570277158867,0.1321950936904681,0.13787391434368912,0.06071645415908211
1999-04-01,164.8,164.7,163.9,162.2,4.81,4.63,5.07,5.45,14.676521739130434,12.514736842105265,14.460909090909093,15.353809523809524,4.2,4.3,4.5,4.3,88.2267,87.4949,86.7914,84.7779,4432.6,4403.0,4307.9,4140.2,148475.0,145883.0,144096.0,142052.0,82.0452,82.0391,82.4879,83.2923,5.23,4.72,4.53,5.64,122.6,122.9,124.0,124.9,105.7,103.9,97.4,108.7,285.96,287.08,295.93,308.29,164.73333333333332,164.4333333333333,163.69166666666666,4.733333333333333,4.796666666666666,5.156666666666667,13.068314263920675,13.002538312183622,13.723409848732501,4.3,4.366666666666666,4.416666666666667,87.9162,87.39735,86.35601666666666,4420.466666666667,4381.916666666667,4290.033333333334,147369.66666666666,146176.83333333334,144085.16666666666,82.09196666666666,82.14093333333334,82.36819999999999,4.983333333333333,4.826666666666667,5.113333333333333,122.60000000000001,123.03333333333335,123.82499999999999,105.89999999999999,103.05000000000001,104.13333333333333,286.78999999999996,290.34999999999997,292.3141666666667,1.0504201680672232,-12.38615664845174,22.16503681918787,-2.9038677269292434,-4.545454545454552,-10.63829787234043,0.22686221273018337,4.425125461604007,0.15364453884043616,7.73643147072407,0.49001360396883076,6.011923887044368,-0.1781203918648666,-1.7996667815695755,4.600000000000004,-7.4336283185840735,0.24529844644316512,-1.6840417000801966,-2.2201665124884307,-0.7511737089201831,-0.4768036752166527,-3.3723051969994033,5.655851940898651,-0.004779440101566834,-0.03430479017573784,0.8660254037844387,-0.49999999999999983,0,1,0,0,0.06071645415908211,0.18248175182480342,0.24464831804280607,0.12345679012344402,0.08106606866129518,0.13211458431633036,0.14293361885694597,0.6674757281553312
1999-05-01,165.9,164.7,164.1,162.6,4.74,4.76,4.83,5.49,17.312380952380952,12.013684210526316,13.002105263157894,14.914,4.3,4.4,4.4,4.4,88.4295,88.027,86.7256,85.3367,4461.4,4425.8,4346.6,4164.4,148661.0,147751.0,144785.0,142063.0,81.9153,82.1916,82.0403,83.3136,5.18,5.0,4.83,5.65,123.6,122.3,123.6,125.1,104.6,108.1,102.7,106.5,282.62,287.33,294.12,299.1,165.13333333333333,164.76666666666668,164.0,4.77,4.741666666666666,5.0975,14.667528967345902,13.47778362242893,13.886624134446791,4.3,4.333333333333333,4.416666666666667,88.22773333333333,87.67036666666667,86.66031666666667,4439.933333333333,4407.5,4316.8,148295.66666666666,146937.66666666666,144635.91666666666,82.05069999999999,82.0455,82.25345,5.136666666666667,4.935,5.075,122.83333333333333,122.96666666666668,123.71666666666668,106.13333333333333,104.25,103.79166666666667,285.30333333333334,288.13166666666666,290.175,-1.4553014553014387,-13.027522935779812,17.959699580744726,12.75625717209936,2.3809523809523725,0.0,0.22986238859665775,4.307254602909483,0.6497315345395327,7.758079319839628,0.12527361508671842,4.652521611804139,-0.15832736101563105,-1.653214042594564,-0.9560229445506829,-8.15602836879432,0.815660685154973,-1.0408326661329181,-1.040681173131508,-3.771849126034965,-1.1679955238494855,-8.326575626844857,5.6441032391546,-0.011748701744050294,-0.08693765927242758,0.49999999999999994,-0.8660254037844387,0,1,0,0,0.6674757281553312,0.0,0.12202562538132788,0.2466091245376223,0.24273072743813776,0.20258581933508454,0.18826853035960323,0.06027727546713546
1999-06-01,166.0,164.8,164.4,162.8,4.74,4.81,4.68,5.56,17.7185,14.676521739130434,11.347272727272726,13.72181818181818,4.2,4.2,4.4,4.5,88.9886,88.2267,87.1185,84.8248,4486.1,4432.6,4375.6,4184.1,149619.0,148475.0,146071.0,143248.0,82.124,82.0452,82.0415,82.3151,5.54,5.23,4.65,5.5,124.7,122.6,122.8,124.8,106.8,105.7,100.5,105.6,276.44,285.96,291.68,292.32,165.5666666666667,165.08333333333334,164.28333333333333,4.763333333333333,4.726666666666667,5.034999999999999,16.569134230503796,14.263849411902617,14.120332467780122,4.233333333333333,4.3,4.3999999999999995,88.54826666666668,88.04753333333333,86.96464166666665,4460.033333333334,4430.75,4343.608333333334,148918.33333333334,147743.33333333334,145265.58333333334,82.02816666666666,82.05945,82.15431666666666,5.316666666666666,5.053333333333334,5.065833333333333,123.63333333333333,123.14999999999999,123.68333333333334,105.7,104.93333333333334,103.81666666666668,281.67333333333335,285.185,288.2866666666667,0.0,-13.661202185792353,2.345830124326098,18.804479013007903,-2.3255813953488302,-4.545454545454552,0.6322550732504428,4.27940147673862,0.5536378715201629,7.725002401306336,0.6444191818970602,5.318767025896953,0.2547753594261293,-1.427858116802061,6.949806949806958,-1.9469026548672663,0.8899676375404564,-0.3197442046362853,2.103250478011476,0.28169014084507005,-2.186681763498688,-7.576061517887,5.621993799223193,-0.022109439931407238,-0.07878416641270913,1.2246467991473532e-16,-1.0,0,1,0,0,0.06027727546713546,0.06071645415908211,0.1828153564899626,0.12300123001232066,0.2628231525938496,0.19229442768271912,0.172740876270396,0.0
1999-07-01,166.0,165.9,164.7,163.2,4.76,4.74,4.63,5.54,17.923181818181817,17.312380952380952,12.514736842105265,14.172727272727274,4.3,4.3,4.3,4.5,88.9188,88.4295,87.4949,84.4986,4508.0,4461.4,4403.0,4203.8,150198.0,148661.0,145883.0,141882.0,81.7593,81.9153,82.0391,81.5396,5.9,5.18,4.72,5.46,125.2,123.6,122.9,124.9,107.3,104.6,103.9,105.2,261.31,282.62,287.08,292.87,165.96666666666667,165.35,164.54999999999998,4.746666666666667,4.74,4.968333333333334,17.65135425685426,15.359834260387464,14.47044610414376,4.266666666666667,4.283333333333333,4.383333333333333,88.77896666666668,88.34758333333333,87.30580833333333,4485.166666666667,4452.816666666667,4370.599999999999,149492.66666666666,148431.16666666666,145844.75,81.93286666666667,82.01241666666667,82.108,5.54,5.261666666666667,5.099166666666667,124.5,123.55,123.71666666666665,106.23333333333333,106.06666666666666,103.95833333333333,273.45666666666665,280.1233333333333,285.70250000000004,0.42194092827003704,-14.388489208633093,1.1551870541062659,30.61812640784418,2.3809523809523725,-4.444444444444451,-0.07843701328035246,4.826418688874012,0.48817458371412936,7.741210774121066,0.3869829366591082,4.851725678543506,-0.4440845550630734,-0.6752102591140674,6.498194945848379,7.272727272727275,0.400962309542896,0.3205128205128194,0.46816479400748623,1.6098484848484862,-5.4731587324555075,-10.608237547892719,5.565707441981806,-0.05628635724138764,-0.11214165064789139,-0.4999999999999998,-0.8660254037844388,0,0,1,0,0.0,0.6674757281553312,0.18248175182480342,0.24570024570023108,0.2425843345408222,0.1618252016010587,0.16249077376936927,0.42168674698794817
1999-08-01,166.7,166.0,164.7,163.4,4.99,4.74,4.76,5.55,20.103333333333335,17.7185,12.013684210526316,13.47190476190476,4.3,4.2,4.4,4.5,89.4333,88.9886,88.027,86.248,4535.4,4486.1,4425.8,4228.7,150728.0,149619.0,147751.0,140632.0,81.9405,82.124,82.1916,82.7869,5.79,5.54,5.0,5.34,125.7,124.7,122.3,124.2,106.0,106.8,108.1,104.4,256.08,276.44,287.33,284.11,166.23333333333335,165.68333333333334,164.84166666666667,4.829999999999999,4.8,4.922499999999999,18.58167171717172,16.62460034225881,14.96466327586093,4.266666666666667,4.283333333333333,4.366666666666666,89.11356666666666,88.67065000000001,87.71703333333333,4509.833333333333,4474.883333333334,4398.233333333334,150181.66666666666,149238.66666666666,146581.91666666666,81.94126666666666,81.99598333333334,82.14140833333333,5.743333333333333,5.44,5.126666666666667,125.2,124.01666666666665,123.78333333333332,106.69999999999999,106.41666666666667,104.02499999999999,264.60999999999996,274.95666666666665,282.63666666666666,4.831932773109249,-9.927797833935015,12.163864303044146,41.84519991447508,0.0,-4.444444444444451,0.5786177951119464,5.839978413843561,0.6078083407275781,7.888101241733647,0.3528675481697441,6.23475846125654,0.22162616362910725,0.49166294659281906,-1.8644067796610209,6.043956043956045,0.39936102236421966,0.6405124099279291,-1.2115563839701693,0.7604562737642651,-2.001454211472975,-12.56188752688907,5.545489895661608,-0.020217546320197677,-0.1342389288908734,-0.8660254037844384,-0.5000000000000004,0,0,1,0,0.42168674698794817,0.06027727546713546,0.0,0.1225490196078427,0.16065467415169454,0.20169270079491616,0.17715631554334568,0.23995200959807672
1999-09-01,167.1,166.0,164.8,163.5,5.07,4.76,4.81,5.51,21.27863636363636,17.923181818181817,14.676521739130434,15.031428571428572,4.2,4.3,4.2,4.6,89.7924,88.9188,88.2267,86.2021,4552.7,4508.0,4432.6,4267.7,151911.0,150198.0,148475.0,142084.0,81.9786,81.7593,82.0452,82.3253,5.94,5.9,5.23,4.81,126.9,125.2,122.6,123.8,104.5,107.3,105.7,100.9,256.69,261.31,285.96,288.98,166.6,166.08333333333334,165.15,4.94,4.851666666666667,4.882499999999999,19.768383838383837,18.168759034443816,15.615224242671898,4.266666666666667,4.25,4.341666666666666,89.3815,88.96488333333333,88.0124,4532.033333333333,4496.033333333333,4425.233333333333,150945.66666666666,149932.0,147521.83333333334,81.8928,81.96048333333333,82.07405,5.876666666666668,5.596666666666668,5.176666666666667,125.93333333333334,124.78333333333335,124.00833333333333,105.93333333333334,105.81666666666666,104.03333333333335,258.02666666666664,269.84999999999997,280.3516666666667,1.603206412825653,-8.648648648648638,5.846309220542323,57.94823924087646,-2.3255813953488302,-6.666666666666665,0.4015282897980921,4.109544569149426,0.3814437535829329,7.661929198098716,0.7848574916405671,8.020222993344328,0.04649715342230909,-0.9763622022324836,2.590673575129543,11.23595505617978,0.9546539379474916,2.1739130434782705,-1.4150943396226467,0.09578544061301653,0.23820681037176605,-9.651191439935236,5.5478691311385475,0.002379235476939634,-0.10149235597576478,-1.0,-1.8369701987210297e-16,0,0,1,0,0.23995200959807672,0.0,0.06071645415908211,0.0611995104039087,0.22054625219534163,0.2416847023945956,0.18693989804253186,0.418910831837227
1999-10-01,167.8,166.7,165.9,163.9,5.22,4.99,4.74,5.07,23.796666666666667,20.103333333333335,17.312380952380952,14.460909090909093,4.2,4.3,4.3,4.5,89.4299,89.4333,88.4295,86.7914,4568.8,4535.4,4461.4,4307.9,151984.0,150728.0,148661.0,144096.0,81.3642,81.9405,81.9153,82.4879,5.92,5.79,5.18,4.53,128.0,125.7,123.6,124.0,107.2,106.0,104.6,97.4,264.74,256.08,282.62,295.93,167.2,166.58333333333334,165.50833333333333,5.093333333333333,4.920000000000001,4.858333333333333,21.726212121212125,19.688783189033188,16.345660750608406,4.233333333333333,4.25,4.308333333333334,89.55186666666667,89.16541666666667,88.28138333333334,4552.299999999999,4518.733333333334,4450.325,151541.0,150516.83333333334,148346.83333333334,81.7611,81.84698333333333,81.99395833333334,5.883333333333333,5.711666666666666,5.269166666666667,126.86666666666667,125.68333333333334,124.35833333333333,105.89999999999999,106.06666666666666,104.55833333333334,259.17,266.31333333333333,278.33166666666665,2.9585798816567976,-5.263157894736848,11.833607473707474,58.31274155737185,0.0,-8.695652173913038,-0.403708999870811,3.7444563415508503,0.3536363037318635,7.055322539072573,0.048054452936252545,6.967709242419984,-0.749463884477175,-1.167441843515904,-0.33670033670034627,23.076923076923084,0.8668242710795804,3.392568659127626,2.583732057416266,6.243805748265596,3.1360785383147016,-8.388123745587928,5.578748212285625,0.03087908114707716,-0.0876092692798407,-0.8660254037844386,0.5000000000000001,0,0,0,1,0.418910831837227,0.42168674698794817,0.6674757281553312,0.24464831804280607,0.36018319614108396,0.30138376534095307,0.21674917482864173,0.17878426698449967
1999-11-01,168.1,167.1,166.0,164.1,5.2,5.07,4.74,4.83,22.69142857142857,21.27863636363636,17.7185,13.002105263157894,4.1,4.2,4.2,4.4,90.523,89.7924,88.9886,86.7256,4592.7,4552.7,4486.1,4346.6,151586.0,151911.0,149619.0,144785.0,82.0771,81.9786,82.124,82.0403,6.11,5.94,5.54,4.83,127.7,126.9,124.7,123.6,103.2,104.5,106.8,102.7,310.72,256.69,276.44,294.12,167.66666666666666,166.95,165.85833333333332,5.163333333333333,4.996666666666667,4.869166666666667,22.588910533910532,20.585291125541126,17.031537373985028,4.166666666666667,4.216666666666667,4.275,89.9151,89.51433333333334,88.59235000000001,4571.400000000001,4540.616666666666,4474.058333333333,151827.0,151004.33333333334,148971.0,81.80663333333332,81.87395,81.95972499999999,5.989999999999999,5.866666666666667,5.400833333333334,127.53333333333335,126.36666666666666,124.66666666666667,104.96666666666665,105.83333333333333,105.04166666666667,277.3833333333334,270.99666666666667,279.56416666666667,-0.3831417624520994,2.564102564102555,-4.644508034338546,56.91564360703731,-2.3809523809523947,-8.888888888888902,1.2222981351874385,4.29950432876991,0.5231132901418301,6.611109821490757,-0.26186967049163234,5.197923606484567,0.8761838744804296,-0.49801243576329535,3.209459459459474,34.87858719646799,-0.23437499999999778,2.9838709677419306,-3.731343283582089,5.954825462012314,17.367983682103194,4.997803534619671,5.73889218510296,0.16014397281733572,0.048769245232724856,-0.5000000000000004,0.8660254037844384,0,0,0,1,0.17878426698449967,0.23995200959807672,0.06027727546713546,0.12202562538132788,0.27921570280660113,0.21993518847914784,0.21126050390711618,0.17846519928614857
1999-12-01,168.4,167.8,166.0,164.4,5.42,5.22,4.76,4.68,25.00238095238095,23.796666666666667,17.923181818181817,11.347272727272726,4.1,4.2,4.3,4.4,90.9618,89.4299,88.9188,87.1185,4611.8,4568.8,4508.0,4375.6,153286.0,151984.0,150198.0,146071.0,82.198,81.3642,81.7593,82.0415,6.03,5.92,5.9,4.65,128.3,128.0,125.2,122.8,107.2,107.2,107.3,100.5,293.18,264.74,261.31,291.68,168.1,167.35,166.21666666666667,5.28,5.11,4.918333333333334,23.83015873015873,21.799271284271285,18.03156034808695,4.133333333333333,4.2,4.25,90.30490000000002,89.84320000000001,88.94536666666666,4591.099999999999,4561.566666666667,4496.158333333334,152285.33333333334,151615.5,149679.41666666666,81.87976666666667,81.88628333333334,81.97286666666666,6.02,5.948333333333333,5.5008333333333335,128.0,126.96666666666668,125.05833333333334,105.86666666666667,105.89999999999999,105.41666666666667,289.5466666666667,273.7866666666667,279.48583333333335,4.230769230769216,12.215320910973082,10.184252497271885,92.29486645694547,0.0,-6.818181818181834,0.4847386851960289,4.884601547870515,0.41587737060988506,6.101320572401403,1.1214755980103686,5.871464585419761,0.14730052596887422,0.19222260279398995,-1.3093289689034338,24.84472049689441,0.469851213782313,3.8025889967637783,3.875968992248069,4.3816942551119675,-5.64495365602472,-0.319597443220454,5.680786754861885,-0.05810543024107506,-0.0032010924661358686,-2.4492935982947064e-16,1.0,0,0,0,1,0.17846519928614857,0.418910831837227,0.0,0.1828153564899626,0.25872009936929175,0.2396331757823167,0.21596380173251792,0.23752969121140222
2000-01-01,168.8,168.1,166.7,164.7,5.3,5.2,4.99,4.63,26.10238095238095,22.69142857142857,20.103333333333335,12.514736842105265,4.0,4.1,4.3,4.3,91.6634,90.523,89.4333,87.4949,4639.3,4592.7,4535.4,4403.0,155990.0,151586.0,150728.0,145883.0,82.5592,82.0771,81.9405,82.0391,6.28,6.11,5.79,4.72,127.8,127.7,125.7,122.9,105.4,103.2,106.0,103.9,283.07,310.72,256.08,287.08,168.43333333333334,167.81666666666666,166.58333333333334,5.306666666666667,5.2,4.97,24.59873015873016,23.162471139971142,19.2611527001793,4.066666666666666,4.1499999999999995,4.216666666666667,91.04939999999999,90.30063333333332,89.32410833333334,4614.6,4583.45,4518.133333333334,153620.66666666666,152580.83333333334,150506.0,82.27810000000001,82.01960000000001,82.01600833333333,6.140000000000001,6.011666666666667,5.636666666666667,127.93333333333334,127.39999999999999,125.47500000000001,105.26666666666667,105.58333333333333,105.825,295.6566666666667,277.41333333333336,278.7683333333334,-2.2140221402214055,13.247863247863245,4.399580992286456,130.0321987471483,-2.4390243902438935,-9.090909090909093,0.7713127928427044,5.216917187508963,0.5962964569148799,6.026602066002362,1.764022807040444,6.790533370758056,0.4394267500426041,0.6310221046665454,4.1459369817578695,35.05376344086022,-0.3897116134060852,4.071661237785018,-1.6791044776119368,4.875621890547266,-3.448393478409173,-2.9518650575973693,5.645694216880635,-0.03509253798125034,-0.029963094049717753,0.49999999999999994,0.8660254037844387,1,0,0,0,0.23752969121140222,0.17878426698449967,0.42168674698794817,0.18248175182480342,0.1982597191606835,0.27922145765088374,0.2205233296259712,0.2962085308056972
2000-02-01,169.3,168.4,167.1,164.7,5.45,5.42,5.07,4.76,27.259473684210523,25.00238095238095,21.27863636363636,12.013684210526316,4.0,4.1,4.2,4.4,91.538,90.9618,89.7924,88.027,4667.6,4611.8,4552.7,4425.8,154486.0,153286.0,151911.0,147751.0,82.179,82.198,81.9786,82.1916,6.66,6.03,5.94,5.0,128.3,128.3,126.9,122.3,112.0,107.2,104.5,108.1,284.32,293.18,256.69,287.33,168.83333333333334,168.25,166.96666666666667,5.39,5.276666666666666,5.038333333333333,26.12141186299081,24.35516119845067,20.489880770354738,4.033333333333332,4.1,4.191666666666667,91.38773333333334,90.65141666666666,89.66103333333332,4639.566666666667,4605.483333333334,4540.183333333333,154587.33333333334,153207.16666666666,151222.91666666666,82.31206666666667,82.05935,82.02766666666666,6.323333333333333,6.156666666666667,5.798333333333333,128.13333333333335,127.83333333333336,125.925,108.2,106.58333333333333,106.5,286.8566666666666,282.12,278.53833333333336,2.8301886792452935,17.71058315334775,4.432901097951469,117.81899234586587,0.0,-6.976744186046513,-0.13680487522828022,4.620955049951481,0.6100058198435176,6.009538950715432,-0.964164369510867,5.89719158503732,-0.4605180282754695,0.17052844314477955,6.050955414012726,41.10169491525424,0.3912363067292812,4.393816110659077,6.261859582542684,7.79595765158807,0.44158688663582524,-0.9614044865542626,5.650100364406341,0.004406147525705784,-0.009660558155530019,0.8660254037844386,0.5000000000000001,1,0,0,0,0.2962085308056972,0.17846519928614857,0.23995200959807672,0.0,0.23740114043441599,0.25830842162050854,0.23000056120771237,0.41346721795627595
2000-03-01,170.0,168.8,167.8,164.8,5.73,5.3,5.22,4.81,29.366000000000003,26.10238095238095,23.796666666666667,14.676521739130434,4.1,4.0,4.2,4.2,91.8239,91.6634,89.4299,88.2267,4680.9,4639.3,4568.8,4432.6,156286.0,155990.0,151984.0,148475.0,82.1719,82.5592,81.3642,82.0452,6.52,6.28,5.92,5.23,129.8,127.8,128.0,122.6,111.3,105.4,107.2,105.7,299.86,283.07,264.74,285.96,169.36666666666667,168.73333333333335,167.40833333333333,5.493333333333333,5.386666666666667,5.119166666666667,27.575951545530497,25.70305513784461,21.935907086144216,4.033333333333333,4.083333333333333,4.166666666666667,91.6751,90.99000000000001,89.97744166666666,4662.6,4626.85,4561.441666666667,155587.33333333334,153936.33333333334,151934.16666666666,82.30336666666666,82.09156666666667,82.02602499999999,6.486666666666667,6.253333333333334,5.925,128.63333333333335,128.3166666666667,126.55000000000001,109.56666666666666,107.71666666666668,106.76666666666667,289.0833333333333,289.315,279.5825,5.137614678899083,20.378151260504218,7.727685208425883,144.43792166827305,2.499999999999991,-6.818181818181834,0.3123293058620469,4.313335681097841,0.28494301139769806,5.763929685028679,1.165154123998291,5.776610648997305,-0.008639676803090524,-0.023968386063788483,-2.1021021021021102,30.399999999999984,1.1691348402182333,6.132461161079328,-0.6249999999999978,2.9602220166512483,5.465672481710748,4.360839452893894,5.703315699066757,0.0532153346604165,0.04268431806653972,1.0,6.123233995736766e-17,1,0,0,0,0.41346721795627595,0.23752969121140222,0.418910831837227,0.06071645415908211,0.3157351466577918,0.28722762301354177,0.2644561627040687,0.588235294117645
2000-04-01,171.0,169.3,168.1,165.9,5.85,5.45,5.2,4.74,29.84173913043478,27.259473684210523,22.69142857142857,17.312380952380952,4.0,4.0,4.1,4.3,92.1504,91.538,90.523,88.4295,4711.7,4667.6,4592.7,4461.4,157321.0,154486.0,151586.0,148661.0,82.2023,82.179,82.0771,81.9153,6.26,6.66,6.11,5.18,130.8,128.3,127.7,123.6,107.1,112.0,103.2,104.6,286.39,284.32,310.72,282.62,170.1,169.26666666666668,167.925,5.676666666666667,5.491666666666667,5.2058333333333335,28.822404271548436,26.710567215139292,23.199675202086244,4.033333333333333,4.05,4.1499999999999995,91.83743333333332,91.44341666666666,90.30441666666667,4686.733333333334,4650.666666666667,4584.7,156031.0,154825.83333333334,152671.33333333334,82.1844,82.23125,82.03911666666667,6.4799999999999995,6.31,6.010833333333333,129.63333333333335,128.78333333333333,127.23333333333335,110.13333333333333,107.69999999999999,106.88333333333333,290.19,292.92333333333335,279.6183333333333,2.094240837696315,21.62162162162162,1.6200338160961003,103.3297784097642,-2.4390243902438935,-4.761904761904767,0.35557191537280985,4.447293166354416,0.6579931209810042,6.296530253124555,0.6622474181948501,5.95790537127463,0.03699561528940354,0.19147981844154227,-3.9877300613496924,19.694072657743767,0.7704160246533087,6.688417618270814,-3.7735849056603765,1.3245033112582627,-4.492096311612093,0.15037068121415142,5.657354518275788,-0.045961180790969,0.0015025773771375484,0.8660254037844387,-0.49999999999999983,0,1,0,0,0.588235294117645,0.2962085308056972,0.17878426698449967,0.6674757281553312,0.43263701429320606,0.31544836672694476,0.30841606603394894,-0.05847953216373547
2000-05-01,170.9,170.0,168.4,166.0,6.02,5.73,5.42,4.74,25.722105263157896,29.366000000000003,25.00238095238095,17.7185,3.8,4.1,4.1,4.2,92.6989,91.8239,90.9618,88.9886,4767.8,4680.9,4611.8,4486.1,154516.0,156286.0,153286.0,149619.0,82.4316,82.1719,82.198,82.124,5.99,6.52,6.03,5.54,130.7,129.8,128.3,124.7,109.2,111.3,107.2,106.8,279.69,299.86,293.18,276.44,170.63333333333333,169.73333333333335,168.34166666666667,5.866666666666667,5.628333333333333,5.3125,28.30994813119756,27.215679997094185,23.90048556131765,3.9666666666666663,4.0,4.108333333333333,92.22439999999999,91.80606666666667,90.66019999999999,4720.133333333333,4679.85,4610.233333333334,156041.0,155314.16666666666,153159.25,82.26859999999999,82.29033333333332,82.08214166666667,6.256666666666667,6.29,6.078333333333333,130.43333333333334,129.28333333333333,127.825,109.2,108.7,107.26666666666667,288.6466666666667,287.7516666666667,279.37416666666667,2.9059829059828957,27.004219409282683,-13.804938945650736,48.576358930112185,-5.000000000000004,-11.627906976744185,0.5952225926311616,4.828026846244748,1.1906530551605732,6.86779934549695,-1.7829787504528904,3.9384909290264503,0.27894596623210255,0.6302851848189572,-4.313099041533541,15.63706563706564,-0.0764525993883991,5.744336569579289,1.9607843137255054,4.397705544933084,-2.3394671601661976,-1.0367277616587622,5.633681846976712,-0.023672671299076242,-0.0104213921778884,0.49999999999999994,-0.8660254037844387,0,1,0,0,-0.05847953216373547,0.41346721795627595,0.17846519928614857,0.06027727546713546,0.3144076599700618,0.2759044002022389,0.24791979434069336,0.17554125219425565
2000-06-01,171.2,171.0,168.8,166.0,6.27,5.85,5.3,4.76,28.78818181818182,29.84173913043478,26.10238095238095,17.923181818181817,4.0,4.0,4.0,4.3,92.9499,92.1504,91.6634,88.9188,4755.7,4711.7,4639.3,4508.0,155369.0,157321.0,155990.0,150198.0,82.3967,82.2023,82.5592,81.7593,6.44,6.26,6.28,5.9,131.6,130.8,127.8,125.2,110.7,107.1,105.4,107.3,275.19,286.39,283.07,261.31,171.03333333333333,170.2,168.775,6.046666666666667,5.77,5.44,28.1173420705915,27.846646808060996,24.822959046166137,3.9333333333333336,3.983333333333333,4.091666666666667,92.59973333333333,92.13741666666665,90.99030833333335,4745.066666666667,4703.833333333333,4632.7,155735.33333333334,155661.33333333334,153638.41666666666,82.34353333333333,82.32345,82.10486666666667,6.23,6.358333333333333,6.153333333333333,131.03333333333333,129.83333333333334,128.4,109.0,109.28333333333335,107.59166666666665,280.42333333333335,284.75333333333333,279.27,4.152823920265791,32.27848101265822,11.920006250092996,62.47527622644029,5.263157894736836,-4.761904761904767,0.2707691245527277,4.451469064576807,-0.2537858131633097,6.009674327366743,0.5520463900178685,3.84309479411038,-0.042338132463770606,0.3320588378549427,7.512520868113515,16.24548736462095,0.6885998469778221,5.533279871692054,1.3736263736263687,3.6516853932584414,-1.6089241660409703,-0.4521776877441708,5.617461768189674,-0.016220078787037906,-0.004532031033519068,1.2246467991473532e-16,-1.0,0,1,0,0,0.17554125219425565,0.588235294117645,0.23752969121140222,0.0,0.23509900471605505,0.2754170756869234,0.25752512573462005,0.5841121495327117
2000-07-01,172.2,170.9,169.3,166.7,6.53,6.02,5.45,4.99,31.82227272727273,25.722105263157896,27.259473684210523,20.103333333333335,4.0,3.8,4.0,4.3,92.9862,92.6989,91.538,89.4333,4773.6,4767.8,4667.6,4535.4,155488.0,154516.0,154486.0,150728.0,82.1729,82.4316,82.179,81.9405,6.1,5.99,6.66,5.79,133.8,130.7,128.3,125.7,106.4,109.2,112.0,106.0,285.73,279.69,284.32,256.08,171.4333333333333,170.76666666666665,169.29166666666666,6.273333333333333,5.9750000000000005,5.5874999999999995,28.777519936204147,28.799962103876293,25.981216621923718,3.9333333333333336,3.983333333333333,4.066666666666666,92.87833333333333,92.35788333333333,91.32925833333333,4765.7,4726.216666666666,4654.833333333333,155124.33333333334,155577.66666666666,154079.25,82.33373333333334,82.25906666666667,82.13933333333333,6.176666666666667,6.328333333333333,6.170000000000001,132.03333333333333,130.83333333333334,129.11666666666667,108.76666666666667,109.45,107.51666666666667,280.2033333333334,285.19666666666666,281.305,4.146730462519943,37.18487394957983,10.539362743550074,77.54812203596157,0.0,-6.976744186046513,0.03905329645323974,4.574285752844154,0.37639043673909356,5.8917480035492575,0.07659185551815995,3.5220176034301387,-0.2716128194454326,0.5058751726103372,-5.279503105590077,3.3898305084745672,1.6717325227963764,6.869009584664543,-3.8843721770551065,-0.8387698042870428,3.830081034921329,9.345222149936872,5.655047308974325,0.03758554078465082,0.08933986699251939,-0.4999999999999998,-0.8660254037844388,0,0,1,0,0.5841121495327117,-0.05847953216373547,0.2962085308056972,0.42168674698794817,0.23372462318774398,0.333180818740475,0.30620113819567935,0.29036004645761615
2000-08-01,172.7,171.2,170.0,167.1,6.54,6.27,5.73,5.07,29.69684210526316,28.78818181818182,29.366000000000003,21.27863636363636,4.0,4.0,4.1,4.2,92.8048,92.9499,91.8239,89.7924,4791.3,4755.7,4680.9,4552.7,153841.0,155369.0,156286.0,151911.0,81.7603,82.3967,82.1719,81.9786,6.05,6.44,6.52,5.94,133.7,131.6,129.8,126.9,108.3,110.7,111.3,104.5,281.59,275.19,299.86,256.69,172.03333333333333,171.33333333333334,169.79166666666666,6.446666666666666,6.156666666666666,5.716666666666668,30.1024322169059,29.206190174051727,26.7806756862512,4.0,3.983333333333333,4.041666666666667,92.91363333333334,92.56901666666666,91.61021666666666,4773.533333333334,4746.833333333333,4676.158333333334,154899.33333333334,155470.16666666666,154338.66666666666,82.10996666666666,82.18928333333334,82.12431666666667,6.196666666666666,6.226666666666667,6.191666666666666,133.03333333333333,131.73333333333332,129.78333333333333,108.46666666666665,108.83333333333333,107.70833333333333,280.83666666666664,284.7416666666666,283.43083333333334,0.15313935681469104,31.062124248496993,-6.679066074963302,47.720985434902104,0.0,-6.976744186046513,-0.19508271119800247,3.7698485910728996,0.37078934137757535,5.642280724963622,-1.0592457295739877,2.065309696937523,-0.5021120101639354,-0.21991567051702354,-0.8196721311475419,4.490500863557845,-0.07473841554560545,6.364359586316626,1.7857142857142794,2.169811320754711,-1.448920309382995,9.961730709153382,5.640452112289707,-0.01459519668461784,0.09496221662809923,-0.8660254037844384,-0.5000000000000004,0,0,1,0,0.29036004645761615,0.17554125219425565,0.41346721795627595,0.23995200959807672,0.3500044827281945,0.33220607134912816,0.2952572464848184,0.0
2000-09-01,172.7,172.2,171.0,167.8,6.5,6.53,5.85,5.22,31.26391304347826,31.82227272727273,29.84173913043478,23.796666666666667,4.1,4.0,4.0,4.2,92.5521,92.9862,92.1504,89.4299,4819.5,4773.6,4711.7,4568.8,154537.0,155488.0,157321.0,151984.0,81.2857,82.1729,82.2023,81.3642,5.83,6.1,6.26,5.92,132.9,133.8,130.8,128.0,107.3,106.4,107.1,107.2,274.47,285.73,286.39,264.74,172.5333333333333,171.78333333333333,170.25833333333333,6.523333333333333,6.285,5.835833333333333,30.927675958671387,29.522509014631442,27.61278207623803,4.033333333333332,3.983333333333333,4.033333333333332,92.78103333333333,92.69038333333333,91.84019166666667,4794.8,4769.933333333333,4698.391666666667,154622.0,155178.66666666666,154557.5,81.73963333333334,82.04158333333334,82.066575,5.993333333333332,6.111666666666667,6.1825,133.46666666666667,132.25,130.28333333333333,107.33333333333333,108.16666666666667,107.94166666666666,280.59666666666664,280.51,284.91249999999997,-0.6116207951070374,28.205128205128194,5.276894198583393,46.926299736509506,2.499999999999991,-2.3809523809523947,-0.272291950416359,3.0734226950164922,0.5885667772838277,5.860258747556402,0.4524151559077261,1.7286437453508885,-0.5804773221233184,-0.8452205819567515,-3.6363636363636376,-1.85185185185186,-0.5983545250560884,4.728132387706863,-0.9233610341643606,2.6794258373205704,-2.5284988813523035,6.926643032451607,5.614841965359553,-0.025610146930153732,0.06697283422100586,-1.0,-1.8369701987210297e-16,0,0,1,0,0.0,0.5841121495327117,0.588235294117645,0.418910831837227,0.29149073199677594,0.2632948683564155,0.2752612456849786,0.5211349160393786
2000-10-01,173.6,172.7,170.9,168.1,6.52,6.54,6.02,5.2,33.884,29.69684210526316,25.722105263157896,22.69142857142857,3.9,4.0,3.8,4.1,92.9792,92.8048,92.6989,90.523,4855.2,4791.3,4767.8,4592.7,155831.0,153841.0,154516.0,151586.0,81.4061,81.7603,82.4316,82.0771,5.8,6.05,5.99,6.11,134.7,133.7,130.7,127.7,106.8,108.3,109.2,103.2,273.68,281.59,279.69,310.72,173.0,172.21666666666667,170.74166666666667,6.52,6.396666666666666,5.944166666666667,31.61491838291381,30.196219159558975,28.45339318734914,3.9999999999999996,3.9666666666666663,4.008333333333334,92.7787,92.82851666666666,92.13596666666666,4822.0,4793.849999999999,4722.258333333333,154736.33333333334,154930.33333333334,154878.08333333334,81.48403333333333,81.90888333333334,82.07006666666666,5.8933333333333335,6.035,6.172499999999999,133.76666666666668,132.9,130.84166666666667,107.46666666666665,108.11666666666667,107.90833333333332,276.58,278.39166666666665,285.6575,0.3076923076922977,24.90421455938696,8.38054709555398,42.38969043283374,-4.8780487804877986,-7.142857142857151,0.4614698099772996,3.968806853188922,0.7407407407407307,6.268604447557347,0.8373399250664937,2.5311874934203615,0.14811953394016086,0.0514968499659485,-0.5145797598627877,-2.0270270270270285,1.3544018058690543,5.234374999999991,-0.4659832246039164,-0.3731343283582156,-0.287827449265865,3.376898088690794,5.611959540669349,-0.002882424690204388,0.033211328383724315,-0.8660254037844386,0.5000000000000001,0,0,0,1,0.5211349160393786,0.29036004645761615,-0.05847953216373547,0.17878426698449967,0.27049832083233155,0.25211147201003775,0.2837799193684913,0.1728110599078514
2000-11-01,173.9,172.7,171.2,168.4,6.51,6.5,6.27,5.42,33.108636363636364,31.26391304347826,28.78818181818182,25.00238095238095,3.9,4.1,4.0,4.1,92.6179,92.5521,92.9499,90.9618,4871.3,4819.5,4755.7,4611.8,155457.0,154537.0,155369.0,153286.0,80.8334,81.2857,82.3967,82.198,5.74,5.83,6.44,6.03,135.4,132.9,131.6,128.3,105.8,107.3,110.7,107.2,270.0,274.47,275.19,293.18,173.39999999999998,172.71666666666667,171.225,6.510000000000001,6.478333333333334,6.053333333333334,32.752183135704875,31.42730767630539,29.321493836699787,3.9666666666666663,3.983333333333334,3.9916666666666667,92.71640000000001,92.81501666666668,92.31054166666667,4848.666666666667,4811.099999999999,4745.475,155275.0,155087.16666666666,155200.66666666666,81.17506666666667,81.64251666666667,81.966425,5.79,5.993333333333333,6.141666666666667,134.33333333333334,133.68333333333334,131.48333333333332,106.63333333333333,107.55,108.125,272.7166666666667,276.77666666666664,282.26416666666665,-0.15337423312883347,25.192307692307693,-2.288288384971182,45.908117946017725,0.0,-4.8780487804877986,-0.388581532213661,2.3142184859096693,0.33160322952712207,6.066148452979747,-0.2400035936366951,2.5536659058224442,-0.7035099335307771,-1.5152825818651072,-1.0344827586206806,-6.0556464811784005,0.5196733481811489,6.029757243539557,-0.9363295880149836,2.519379844961245,-1.344636071324179,-13.10504634397529,5.598421958998375,-0.013537581670973964,-0.14047022610458537,-0.5000000000000004,0.8660254037844384,0,0,0,1,0.1728110599078514,0.0,0.17554125219425565,0.17846519928614857,0.2313153253157433,0.2906599040219689,0.2832821521121039,0.17251293847038163
2000-12-01,174.2,173.6,172.2,168.8,6.51,6.52,6.53,5.3,34.417142857142856,33.884,31.82227272727273,26.10238095238095,3.9,3.9,4.0,4.0,92.6438,92.9792,92.9862,91.6634,4882.7,4855.2,4773.6,4639.3,154334.0,155831.0,155488.0,155990.0,80.5963,81.4061,82.1729,82.5592,5.72,5.8,6.1,6.28,135.0,134.7,133.8,127.8,107.6,106.8,106.4,105.4,266.01,273.68,285.73,283.07,173.9,173.21666666666667,171.70833333333334,6.513333333333333,6.5183333333333335,6.144166666666667,33.80325974025974,32.36546784946557,30.10605732876328,3.9,3.9666666666666663,3.9749999999999996,92.74696666666667,92.76400000000001,92.45070833333334,4869.733333333334,4832.266666666666,4768.05,155207.33333333334,154914.66666666666,155288.0,80.94526666666665,81.34245,81.83295,5.753333333333333,5.873333333333334,6.115833333333334,135.03333333333333,134.25,132.04166666666666,106.73333333333333,107.03333333333332,108.15833333333335,269.8966666666667,275.24666666666667,280.0,0.0,20.110701107011074,3.952160636079971,37.65546138463005,0.0,-4.8780487804877986,0.027964356782006483,1.8491278756576968,0.23402377188839196,5.874062188299578,-0.7223862547199533,0.6836893127878607,-0.29331934571600327,-1.948587556874859,-0.34843205574913716,-5.140961857379778,-0.2954209748892267,5.222135619641466,1.7013232514177634,0.3731343283581934,-1.4777777777777779,-9.267344293608026,5.583533902060025,-0.014888056938350047,-0.09725285280186036,-2.4492935982947064e-16,1.0,0,0,0,1,0.17251293847038163,0.5211349160393786,0.5841121495327117,0.23752969121140222,0.28881963813920386,0.29015518506798993,0.28278613037745665,0.22962112514350874
2001-01-01,174.6,173.9,172.7,169.3,6.4,6.51,6.54,5.45,28.4365,33.108636363636364,29.69684210526316,27.259473684210523,3.9,3.9,4.0,4.0,92.3415,92.6179,92.8048,91.538,4927.6,4871.3,4791.3,4667.6,153687.0,155457.0,153841.0,154486.0,80.0735,80.8334,81.7603,82.179,5.24,5.74,6.05,6.66,136.2,135.4,133.7,128.3,98.4,105.8,108.3,112.0,271.45,270.0,281.59,284.32,174.23333333333335,173.61666666666665,172.19166666666663,6.473333333333334,6.496666666666666,6.235833333333333,31.987426406926414,31.801172394920112,30.3005672493982,3.9,3.9499999999999993,3.9666666666666663,92.5344,92.65655,92.50721666666668,4893.866666666666,4857.933333333333,4792.075,154492.66666666666,154614.5,155096.08333333334,80.50106666666666,80.99255,81.62580833333334,5.566666666666666,5.7299999999999995,6.029166666666666,135.53333333333333,134.65,132.74166666666667,103.93333333333334,105.69999999999999,107.57499999999999,269.1533333333333,272.8666666666667,279.0316666666667,-1.6897081413210335,20.75471698113209,-17.376930101278433,8.942169114293531,0.0,-2.500000000000002,-0.3263035410896342,0.7397718173229428,0.9195731869662493,6.214299571055992,-0.4192206513146779,-1.476376690813519,-0.6486650131581784,-3.0108092132675845,-8.391608391608385,-16.560509554140125,0.8888888888888724,6.572769953051627,-8.550185873605942,-6.641366223908918,2.0450359009059893,-4.104991698166538,5.60377796035146,0.02024405829143472,-0.0419162565291753,0.49999999999999994,0.8660254037844387,1,0,0,0,0.22962112514350874,0.1728110599078514,0.29036004645761615,0.2962085308056972,0.19164837450724725,0.2310733476697894,0.2821270832051322,0.572737686139746
2001-02-01,175.6,174.2,172.7,170.0,5.98,6.51,6.5,5.73,29.58571428571428,34.417142857142856,31.26391304347826,29.366000000000003,4.2,3.9,4.1,4.1,91.902,92.6438,92.5521,91.8239,4978.3,4882.7,4819.5,4680.9,155399.0,154334.0,154537.0,156286.0,79.4332,80.5963,81.2857,82.1719,5.16,5.72,5.83,6.52,140.0,135.0,132.9,129.8,94.7,107.6,107.3,111.3,265.49,266.01,274.47,299.86,174.79999999999998,174.1,172.71666666666667,6.296666666666667,6.403333333333333,6.28,30.81311904761905,31.782651091661958,30.494420632856844,4.0,3.983333333333333,3.983333333333333,92.29576666666667,92.50608333333334,92.53755000000001,4929.533333333334,4889.1,4817.966666666666,154473.33333333334,154874.16666666666,155172.16666666666,80.03433333333334,80.6047,81.39699166666666,5.373333333333334,5.581666666666667,5.904166666666666,137.0666666666667,135.70000000000002,133.71666666666667,100.23333333333333,103.43333333333334,106.13333333333333,267.65000000000003,270.18333333333334,277.46250000000003,-6.562499999999993,9.724770642201829,4.041335205508001,8.533695948983722,7.692307692307709,5.000000000000004,-0.4759506830623206,0.3976490637767949,1.0288984495494757,6.656525837689609,1.1139523837409904,0.5909920640057909,-0.7996403304463939,-3.3412428966037577,-1.526717557251911,-22.522522522522525,2.7900146842878115,9.119251753702251,-3.760162601626016,-15.446428571428573,-2.1956161355682347,-6.622819358469323,5.5815771751892305,-0.02220078516222923,-0.06852318921711031,0.8660254037844386,0.5000000000000001,1,0,0,0,0.572737686139746,0.17251293847038163,0.0,0.41346721795627595,0.3249572499178788,0.27813628761681103,0.3051711794829696,0.2277904328018332
2001-03-01,176.0,174.6,173.6,171.0,5.49,6.4,6.52,5.85,29.609473684210528,28.4365,33.884,29.84173913043478,4.2,3.9,3.9,4.0,91.3034,92.3415,92.9792,92.1504,5017.0,4927.6,4855.2,4711.7,154902.0,153687.0,155831.0,157321.0,78.6604,80.0735,81.4061,82.2023,5.1,5.24,5.8,6.26,137.4,136.2,134.7,130.8,90.6,98.4,106.8,107.1,261.87,271.45,273.68,286.39,175.39999999999998,174.64999999999998,173.21666666666667,5.956666666666667,6.234999999999999,6.259999999999999,29.210562656641603,31.50691119845067,30.514710106541056,4.1000000000000005,4.0,3.991666666666667,91.84896666666667,92.29796666666668,92.494175,4974.3,4922.016666666666,4845.974999999999,154662.66666666666,154935.0,155056.83333333334,79.38903333333333,80.16714999999999,81.10436666666666,5.166666666666667,5.46,5.785833333333334,137.86666666666667,136.45,134.35,94.56666666666668,100.64999999999999,104.40833333333335,266.27000000000004,268.0833333333333,274.2966666666667,-8.193979933110374,-4.188481675392675,0.08030699636587535,0.8291006068600559,0.0,2.4390243902439046,-0.6513459989989423,-0.5668458865284554,0.7773738023019838,7.180243115640161,-0.31982187787565897,-0.885555967904994,-0.9728929465261382,-4.273358654235815,-1.1627906976744318,-21.779141104294474,-1.8571428571428572,5.855161787365182,-4.329461457233375,-18.59838274932615,-1.363516516629626,-12.669245647969053,5.567848197415368,-0.013728977773862283,-0.1354675016513891,1.0,6.123233995736766e-17,1,0,0,0,0.2277904328018332,0.22962112514350874,0.5211349160393786,0.588235294117645,0.343383081361696,0.3161013597504499,0.2896981140534327,0.05681818181817455
2001-04-01,176.1,175.6,173.9,170.9,5.31,5.98,6.51,6.02,27.244545454545456,29.58571428571428,33.108636363636364,25.722105263157896,4.3,4.2,3.9,3.8,91.1162,91.902,92.6179,92.6989,5074.8,4978.3,4871.3,4767.8,153220.0,155399.0,155457.0,154516.0,78.2472,79.4332,80.8334,82.4316,4.89,5.16,5.74,5.99,135.9,140.0,135.4,130.7,91.5,94.7,105.8,109.2,263.03,265.49,270.0,279.69,175.9,175.0666666666667,173.64166666666665,5.593333333333334,6.033333333333334,6.215,28.813244474823424,30.400335440874915,30.29827730021694,4.233333333333333,4.066666666666667,4.016666666666667,91.44053333333333,91.98746666666666,92.40799166666666,5023.366666666666,4958.616666666667,4876.233333333334,154507.0,154499.83333333334,154715.08333333334,78.78026666666666,79.64066666666666,80.77477499999999,5.05,5.308333333333333,5.671666666666667,137.76666666666665,136.65,134.775,92.26666666666665,98.10000000000001,103.10833333333335,263.4633333333333,266.30833333333334,272.35,-3.2786885245901787,-9.230769230769232,-7.987066081914818,-8.703224917747898,2.3809523809523725,7.499999999999996,-0.20503069984249,-1.122295725249156,1.1520829180785341,7.70634802725132,-1.0858478263676363,-2.606772141036484,-0.5252960829082887,-4.811422551437106,-4.117647058823525,-21.884984025559106,-1.091703056768556,3.8990825688073327,0.9933774834437248,-14.565826330532206,0.44296788482833804,-8.156709382310845,5.572268094113519,0.004419896698150794,-0.0850864241622693,0.8660254037844387,-0.49999999999999983,0,1,0,0,0.05681818181817455,0.572737686139746,0.1728110599078514,-0.05847953216373547,0.28578210025325124,0.23871523738024925,0.2454133546951435,0.17035775127769437
2001-05-01,176.4,176.0,174.2,171.2,4.8,5.49,6.51,6.27,27.49,29.609473684210528,34.417142857142856,28.78818181818182,4.4,4.2,3.9,4.0,90.7891,91.3034,92.6438,92.9499,5139.1,5017.0,4882.7,4755.7,155561.0,154902.0,154334.0,155369.0,77.7206,78.6604,80.5963,82.3967,5.14,5.1,5.72,6.44,136.4,137.4,135.0,131.6,88.4,90.6,107.6,110.7,260.48,261.87,266.01,275.19,176.16666666666666,175.48333333333332,174.1,5.199999999999999,5.748333333333334,6.113333333333333,28.114673046251994,29.463896046935517,30.445601861620457,4.3,4.1499999999999995,4.066666666666666,91.06956666666667,91.68266666666666,92.24884166666668,5076.966666666667,5003.250000000001,4907.175,154561.0,154517.16666666666,154802.16666666666,78.2094,79.12186666666666,80.38219166666666,5.043333333333333,5.208333333333333,5.600833333333333,136.56666666666666,136.8166666666667,135.25,90.16666666666667,95.2,101.375,261.79333333333335,264.72166666666664,270.74916666666667,-9.6045197740113,-20.26578073089701,0.9009309619940398,6.873056146668843,2.3255813953488413,15.789473684210531,-0.3589921440973143,-2.0602186217959284,1.2670450066997851,7.787658878308656,1.5278684244876661,0.6763053664345486,-0.672995327628334,-5.715041319105774,5.112474437627812,-14.190317195325552,0.3679175864606421,4.361132364192821,-3.3879781420764976,-19.047619047619047,-0.9694711629851915,-6.868318495477133,5.562526082814175,-0.009742011299343822,-0.07115576416253688,0.49999999999999994,-0.8660254037844387,0,1,0,0,0.17035775127769437,0.2277904328018332,0.17251293847038163,0.17554125219425565,0.15165545529923405,0.2383063526085564,0.26448312831526266,0.5102040816326481
2001-06-01,177.3,176.1,174.6,172.2,4.21,5.31,6.4,6.53,28.62909090909091,27.244545454545456,28.4365,31.82227272727273,4.3,4.3,3.9,4.0,90.3555,91.1162,92.3415,92.9862,5137.2,5074.8,4927.6,4773.6,155538.0,153220.0,153687.0,155488.0,77.1128,78.2472,80.0735,82.1729,5.39,4.89,5.24,6.1,136.8,135.9,136.2,133.8,92.0,91.5,98.4,106.4,272.36,263.03,271.45,285.73,176.6,176.0,174.60833333333335,4.773333333333333,5.364999999999999,5.941666666666666,27.787878787878793,28.49922072226019,30.43234428586288,4.333333333333333,4.216666666666667,4.091666666666666,90.7536,91.30128333333334,92.03264166666668,5117.033333333334,5045.666666666667,4938.966666666666,154773.0,154717.83333333334,154816.25,77.69353333333333,78.54128333333334,79.94186666666666,5.14,5.153333333333333,5.513333333333333,136.36666666666667,137.11666666666667,135.68333333333334,90.63333333333333,92.60000000000001,99.81666666666666,265.29,265.78000000000003,270.5133333333333,-12.291666666666668,-32.854864433811805,4.143655544164826,-0.5526257618340913,-2.272727272727282,7.499999999999996,-0.47759037153137784,-2.791181055600911,-0.03697145414567338,8.021952604243321,-0.01478519680382373,0.10877330741654312,-0.782032048131398,-6.412756821571741,4.863813229571989,-16.30434782608696,0.2932551319648091,3.951367781155035,4.072398190045234,-16.892502258355925,4.560810810810811,-1.0283803917293444,5.607124720614766,0.0445986378005907,-0.010337047574908276,1.2246467991473532e-16,-1.0,0,1,0,0,0.5102040816326481,0.05681818181817455,0.22962112514350874,0.5841121495327117,0.245793338242839,0.29458820980226746,0.2923716974351287,0.2256063169768563
2001-07-01,177.7,176.4,175.6,172.7,3.97,4.8,5.98,6.54,27.59904761904762,27.49,29.58571428571428,29.69684210526316,4.5,4.4,4.2,4.0,89.8784,90.7891,91.902,92.8048,5180.1,5139.1,4978.3,4791.3,154459.0,155561.0,155399.0,153841.0,76.4807,77.7206,79.4332,81.7603,5.28,5.14,5.16,6.05,135.5,136.4,140.0,133.7,92.6,88.4,94.7,108.3,270.23,260.48,265.49,281.59,177.13333333333333,176.51666666666665,175.06666666666663,4.326666666666667,4.96,5.728333333333334,27.906046176046175,28.359645325434798,30.080408860177453,4.3999999999999995,4.316666666666666,4.133333333333333,90.34100000000001,90.89076666666666,91.77365833333333,5152.133333333333,5087.75,4972.841666666667,155186.0,154846.5,154730.5,77.1047,77.94248333333333,79.46751666666667,5.27,5.16,5.445,136.23333333333335,137.0,135.82500000000002,91.0,91.63333333333333,98.66666666666667,267.69,265.57666666666665,269.22166666666664,-5.700712589073631,-39.20367534456355,-3.597890318327246,-13.271286888964617,4.651162790697683,12.5,-0.5280254107386972,-3.3422163718917375,0.8350852604531722,8.515585721468067,-0.6937211485296246,-0.6617874048158057,-0.8197082715191151,-6.927101270613544,-2.0408163265306034,-13.442622950819661,-0.9502923976608235,1.2705530642750373,0.6521739130434634,-12.969924812030087,-0.7820531649287643,-5.424701641409724,5.599273448230355,-0.007851272384410635,-0.05577386074396973,-0.4999999999999998,-0.8660254037844388,0,0,1,0,0.2256063169768563,0.17035775127769437,0.572737686139746,0.29036004645761615,0.3020560499623996,0.2939190751078254,0.2624962113888074,-0.16882386043892694
2001-08-01,177.4,177.3,176.0,172.7,3.77,4.21,5.49,6.5,26.4247619047619,28.62909090909091,29.609473684210528,31.26391304347826,4.6,4.3,4.2,4.1,89.3028,90.3555,91.3034,92.5521,5210.0,5137.2,5017.0,4819.5,153945.0,155538.0,154902.0,154537.0,75.7806,77.1128,78.6604,81.2857,5.24,5.39,5.1,5.83,133.4,136.8,137.4,132.9,92.4,92.0,90.6,107.3,267.53,272.36,261.87,274.47,177.4666666666667,176.8166666666667,175.45833333333334,3.983333333333333,4.591666666666667,5.4975,27.550966810966813,27.8328199286094,29.807735510135682,4.466666666666666,4.383333333333333,4.183333333333333,89.84556666666667,90.45756666666666,91.481825,5175.766666666666,5126.366666666667,5007.733333333334,154647.33333333334,154604.16666666666,154739.16666666666,76.45803333333333,77.33371666666666,78.96920833333333,5.303333333333334,5.173333333333333,5.3775,135.23333333333335,135.9,135.8,92.33333333333333,91.25,97.34166666666665,270.04,265.9166666666667,268.05,-5.037783375314864,-42.354740061162076,-4.254805203768264,-11.018276586120068,2.2222222222222143,14.999999999999991,-0.6404208352618568,-3.773511714911293,0.577208934190443,8.738755661302777,-0.33277439320467117,0.06760226467585895,-0.915394341317477,-7.313696256006885,-0.7575757575757569,-13.388429752066111,-1.5498154981549828,-0.2243829468960179,-0.21598272138227959,-14.68144044321329,-0.9991488731821208,-4.993075038176076,5.589231709580483,-0.010041738649872123,-0.05122040270922401,-0.8660254037844384,-0.5000000000000004,0,0,1,0,-0.16882386043892694,0.5102040816326481,0.2277904328018332,0.0,0.1889955127235258,0.17032548401137992,0.22423088581409548,0.0
2001-09-01,177.4,177.7,176.1,173.6,3.65,3.97,5.31,6.52,27.37391304347826,27.59904761904762,27.244545454545456,33.884,4.9,4.5,4.3,3.9,89.2003,89.8784,91.1162,92.9792,5243.8,5180.1,5074.8,4855.2,155388.0,154459.0,153220.0,155831.0,75.4938,76.4807,78.2472,81.4061,4.97,5.28,4.89,5.8,133.4,135.5,135.9,134.7,91.5,92.6,91.5,106.8,272.39,270.23,263.03,273.68,177.5,177.04999999999998,175.85000000000002,3.796666666666667,4.284999999999999,5.26,27.13257418909593,27.460226488487354,29.483568843469016,4.666666666666667,4.5,4.25,89.46049999999998,90.10705,91.20250833333334,5211.3,5164.166666666667,5043.091666666666,154597.33333333334,154685.16666666666,154810.08333333334,75.91836666666667,76.80595000000001,78.48655,5.163333333333333,5.151666666666666,5.305833333333333,134.1,135.23333333333335,135.84166666666667,92.16666666666667,91.39999999999999,96.02499999999999,270.05,267.67,267.87666666666667,-3.183023872679047,-43.84615384615385,3.5919004384494357,-12.442460400239197,6.521739130434789,19.512195121951237,-0.11477803607502501,-3.6215277665228585,0.6487523992322553,8.803817823425675,0.9373477540680186,0.5506771841047753,-0.3784609781395387,-7.125361533455465,-5.152671755725202,-14.75128644939966,0.0,0.3762227238525151,-0.9740259740259827,-14.725069897483689,1.8166186969685638,-0.7578241702189792,5.607234862881972,0.01800315330148905,-0.007607102477581229,-1.0,-1.8369701987210297e-16,0,0,1,0,0.0,0.2256063169768563,0.05681818181817455,0.5211349160393786,0.018927485512643116,0.13236041187774106,0.22423088581409548,0.3945885005636862
2001-10-01,178.1,177.4,176.4,173.9,3.07,3.77,4.8,6.51,26.199473684210528,26.4247619047619,27.49,33.108636363636364,5.0,4.6,4.4,3.9,88.7485,89.3028,90.7891,92.6179,5355.1,5210.0,5139.1,4871.3,150843.0,153945.0,155561.0,155457.0,74.9237,75.7806,77.7206,80.8334,4.73,5.24,5.14,5.74,133.3,133.4,136.4,135.4,81.8,92.4,88.4,105.8,283.42,267.53,260.48,270.0,177.63333333333335,177.38333333333335,176.225,3.496666666666666,3.9116666666666666,4.972499999999999,26.66604954415023,27.286047860098204,28.843191650486556,4.833333333333333,4.616666666666666,4.341666666666666,89.08386666666667,89.71243333333332,90.84994999999999,5269.633333333334,5210.883333333334,5084.75,153392.0,154289.0,154394.41666666666,75.39936666666667,76.25203333333333,77.94635,4.98,5.125,5.216666666666667,133.36666666666667,134.8,135.72500000000002,88.56666666666666,89.78333333333332,93.94166666666666,274.44666666666666,271.0683333333333,268.68833333333333,-15.890410958904111,-52.914110429447845,-4.290359794021259,-22.678923137142814,2.0408163265306145,28.205128205128215,-0.5065005386753141,-4.55015745457048,2.122506579198302,10.296177294447206,-2.9249362885164887,-3.2009035429407473,-0.7551613509983568,-7.963039624794699,-4.828973843058337,-18.448275862068954,-0.07496251874062887,-1.0393466963622644,-10.601092896174869,-23.408239700374533,4.04934101839276,3.5589009061677945,5.646929896396724,0.0396950335147519,0.03497035572737506,-0.8660254037844386,0.5000000000000001,0,0,0,1,0.3945885005636862,-0.16882386043892694,0.17035775127769437,0.1728110599078514,0.07525488004158642,0.188655465001993,0.21368535119112111,-0.28074115665356336
2001-11-01,177.6,177.4,177.3,174.2,2.49,3.65,4.21,6.51,22.169565217391305,27.37391304347826,28.62909090909091,34.417142857142856,5.3,4.9,4.3,3.9,88.5052,89.2003,90.3555,92.6438,5343.8,5243.8,5137.2,4882.7,162518.0,155388.0,155538.0,154334.0,74.5431,75.4938,77.1128,80.5963,4.57,4.97,5.39,5.72,130.3,133.4,136.8,135.0,82.7,91.5,92.0,107.6,283.06,272.39,272.36,266.01,177.70000000000002,177.58333333333334,176.53333333333333,3.0700000000000003,3.526666666666667,4.6375,25.247650648360036,26.39930872966342,27.93160238829947,5.066666666666667,4.766666666666667,4.458333333333333,88.818,89.33178333333335,90.507225,5314.233333333334,5245.0,5124.125,156249.66666666666,155448.5,154982.83333333334,74.98686666666667,75.72245,77.42215833333333,4.756666666666667,5.03,5.119166666666667,132.33333333333334,133.78333333333333,135.3,85.33333333333333,88.83333333333333,92.01666666666667,279.62333333333333,274.83166666666665,269.77666666666664,-18.892508143322463,-61.75115207373272,-15.38163901837426,-33.03993262090245,6.000000000000005,35.897435897435905,-0.27414547851513094,-4.440502321905382,-0.21101379992903846,9.699669492743212,7.739835458059052,4.542092025447553,-0.5079834551683926,-7.7818080150036995,-3.382663847780132,-20.38327526132404,-2.2505626406601698,-3.7666174298375155,1.1002444987775029,-21.833648393194704,-0.12701997036200785,4.83703703703704,5.645658889305693,-0.0012710070910308957,0.047236930307318126,-0.5000000000000004,0.8660254037844384,0,0,0,1,-0.28074115665356336,0.0,0.5102040816326481,0.17251293847038163,0.037949114636707616,0.11347231368011672,0.17588933314433655,-0.05630630630630851
2001-12-01,177.5,178.1,177.7,174.6,2.09,3.07,3.97,6.4,19.635,26.199473684210528,27.59904761904762,28.4365,5.5,5.0,4.5,3.9,87.97,88.7485,89.8784,92.3415,5387.5,5355.1,5180.1,4927.6,157765.0,150843.0,154459.0,153687.0,73.9318,74.9237,76.4807,80.0735,4.65,4.73,5.28,5.24,129.8,133.3,135.5,136.2,83.9,81.8,92.6,98.4,276.16,283.42,270.23,271.45,177.73333333333335,177.61666666666667,176.8083333333333,2.55,3.173333333333334,4.269166666666667,22.668012967200614,24.90029357814827,26.69975715020423,5.266666666666667,4.966666666666667,4.591666666666667,88.4079,88.93419999999999,90.11774166666667,5362.133333333334,5286.716666666667,5166.191666666667,157042.0,155819.66666666666,155268.75,74.4662,75.19228333333334,76.86678333333333,4.650000000000001,4.906666666666667,5.03,131.13333333333335,132.61666666666667,134.86666666666667,82.8,87.48333333333333,90.04166666666667,280.88000000000005,275.465,270.6225,-16.06425702811246,-67.89554531490015,-11.432633849774465,-42.94994188942387,3.7735849056603765,41.025641025641036,-0.6047102317151998,-5.044913960783126,0.8177701261274706,10.338542200012292,-2.9245991213280975,2.2231005481617716,-0.8200624873395346,-8.268990015670695,1.7505470459518557,-18.706293706293696,-0.38372985418265726,-3.8518518518518396,1.45102781136639,-22.026022304832704,-2.4376457288207365,3.81564602834481,5.620980407895063,-0.024678481410630226,0.037446505835037946,-2.4492935982947064e-16,1.0,0,0,0,1,-0.05630630630630851,0.3945885005636862,0.2256063169768563,0.22962112514350874,0.019180345867938115,0.019053915690290617,0.15682106274627905,-0.05633802816901179
2002-01-01,177.4,177.6,177.4,175.6,1.82,2.49,3.77,5.98,19.388947368421057,22.169565217391305,26.4247619047619,29.58571428571428,5.7,5.3,4.6,4.2,87.9324,88.5052,89.3028,91.902,5440.5,5343.8,5210.0,4978.3,155751.0,162518.0,153945.0,155399.0,73.7552,74.5431,75.7806,79.4332,5.09,4.57,5.24,5.16,128.1,130.3,133.4,140.0,88.8,82.7,92.4,94.7,275.85,283.06,267.53,265.49,177.5,177.5666666666667,177.04166666666666,2.1333333333333333,2.815,3.8875000000000006,20.397837528604125,23.531943536377174,25.945794430905988,5.5,5.166666666666667,4.741666666666667,88.13586666666667,88.60986666666668,89.75031666666666,5390.599999999999,5330.116666666667,5208.933333333333,158678.0,156035.0,155440.75,74.0767,74.73803333333333,76.34025833333334,4.7700000000000005,4.875000000000001,5.0175,129.4,131.38333333333335,134.19166666666666,85.13333333333334,86.85000000000001,89.24166666666667,278.3566666666666,276.4016666666667,270.9891666666667,-12.91866028708133,-71.5625,-1.2531328320801838,-31.81668852207178,3.6363636363636376,46.15384615384617,-0.04274184381038992,-4.774776238202749,0.9837587006960469,10.408718240116887,-1.2765822584223319,1.342989322454069,-0.23886879529511074,-7.890625487833047,9.462365591397838,-2.862595419847336,-1.3097072419106404,-5.947136563876654,5.84028605482716,-9.756097560975618,-0.11225376593279046,1.620924663842338,5.61985723971844,-0.0011231681766226131,0.016079279366980614,0.49999999999999994,0.8660254037844387,1,0,0,0,-0.05633802816901179,-0.28074115665356336,-0.16882386043892694,0.572737686139746,-0.13112849704296123,-0.0279368085006874,0.13299113330356901,0.16910935738443378
2002-02-01,177.7,177.5,177.4,176.0,1.73,2.09,3.65,5.49,19.714761904761904,19.635,27.37391304347826,29.609473684210528,5.7,5.5,4.9,4.2,88.5176,87.97,89.2003,91.3034,5460.9,5387.5,5243.8,5017.0,155957.0,157765.0,155388.0,154902.0,74.1161,73.9318,75.4938,78.6604,5.04,4.65,4.97,5.1,128.5,129.8,133.4,137.4,93.0,83.9,91.5,90.6,281.51,276.16,272.39,261.87,177.5333333333333,177.61666666666667,177.21666666666667,1.88,2.475,3.533333333333333,19.579569757727658,22.413610203043845,25.123215065826624,5.633333333333333,5.3500000000000005,4.866666666666666,88.14,88.479,89.46828333333333,5429.633333333333,5371.933333333333,5249.150000000001,156491.0,156370.33333333334,155487.25,73.93436666666666,74.46061666666667,75.89716666666666,4.926666666666667,4.841666666666667,5.0075,128.79999999999998,130.5666666666667,133.23333333333332,88.56666666666666,86.95,89.10000000000001,277.84,278.7316666666667,272.32416666666666,-4.94505494505495,-71.07023411371239,1.6804137437161915,-33.363914373088676,0.0,35.71428571428572,0.6655112336294788,-3.682618441383212,0.3749655362558446,9.694072273667697,0.13226239317885025,0.3590756697276154,0.4893214308957283,-6.6938005770886715,-0.9823182711198419,-2.3255813953488413,0.31225604996096834,-8.214285714285719,4.729729729729737,-1.7951425554382339,2.051839767989838,6.034125579117844,5.640167970927469,0.02031073120902871,0.058590795738238555,0.8660254037844386,0.5000000000000001,1,0,0,0,0.16910935738443378,-0.05630630630630851,0.0,0.2277904328018332,0.018821674303037828,0.028385394469872722,0.09935543924062633,0.16882386043894915
2002-03-01,178.0,177.4,178.1,176.1,1.74,1.82,3.07,5.31,20.723684210526315,19.388947368421057,26.199473684210528,27.244545454545456,5.7,5.7,5.0,4.3,88.5278,87.9324,88.7485,91.1162,5490.2,5440.5,5355.1,5074.8,156668.0,155751.0,150843.0,153220.0,74.0132,73.7552,74.9237,78.2472,4.91,5.09,4.73,4.89,128.4,128.1,133.3,135.9,90.7,88.8,81.8,91.5,295.5,275.85,283.42,263.03,177.69999999999996,177.71666666666667,177.38333333333333,1.7633333333333334,2.1566666666666667,3.220833333333333,19.942464494569762,21.305238730885183,24.382732609686272,5.7,5.483333333333333,4.991666666666667,88.32593333333334,88.36691666666667,89.23698333333334,5463.866666666666,5413.0,5288.583333333333,156125.33333333334,156583.66666666666,155634.41666666666,73.9615,74.21385,75.5099,5.013333333333333,4.831666666666667,4.991666666666666,128.33333333333334,129.73333333333332,132.48333333333335,90.83333333333333,86.81666666666666,89.10833333333333,284.28666666666663,282.5833333333333,275.12666666666667,0.5780346820809301,-68.30601092896175,5.1175982273502285,-30.009954139855665,0.0,35.71428571428572,0.011523132122870372,-3.0399744149724905,0.5365415957076625,9.431931433127371,0.45589489410542416,1.1400756607403473,-0.13883623126419442,-5.907928258691797,-2.5793650793650813,-3.725490196078418,-0.07782101167315147,-6.550218340611358,-2.473118279569886,0.11037527593820151,4.9696280771553525,12.84224997135983,5.688668836846153,0.04850086591868408,0.12082063943078492,1.0,6.123233995736766e-17,1,0,0,0,0.16882386043894915,-0.05633802816901179,0.3945885005636862,0.05681818181817455,0.09386506321812371,0.05652270454303091,0.09444155821038598,0.2808988764045006
2002-04-01,178.5,177.7,177.6,176.4,1.73,1.73,2.49,4.8,24.531,19.714761904761904,22.169565217391305,27.49,5.7,5.7,5.3,4.4,89.1686,88.5176,88.5052,90.7891,5502.0,5460.9,5343.8,5139.1,155787.0,155957.0,162518.0,155561.0,74.4558,74.1161,74.5431,77.7206,5.28,5.04,4.57,5.14,129.8,128.5,130.3,136.4,95.7,93.0,82.7,88.4,294.06,281.51,283.06,260.48,178.0666666666667,177.78333333333333,177.58333333333334,1.7333333333333332,1.9333333333333336,2.9225,21.656482038429413,21.027159783516765,24.156603821807483,5.7,5.6000000000000005,5.108333333333333,88.738,88.43693333333333,89.07468333333333,5484.366666666666,5437.483333333333,5324.183333333333,156137.33333333334,157407.66666666666,155848.33333333334,74.19503333333334,74.13586666666667,75.19395,5.076666666666667,4.923333333333334,5.024166666666667,128.9,129.15,131.975,93.13333333333333,89.13333333333333,89.45833333333333,290.3566666666667,284.3566666666667,277.71250000000003,-0.5747126436781658,-67.41996233521657,18.371809523809524,-9.95995862391138,0.0,32.558139534883736,0.7238404207491778,-2.1374903694403535,0.21492841790826667,8.418065736580749,-0.5623356396966872,1.67536875081582,0.5980014375813969,-4.8454129988038,7.535641547861505,7.975460122699407,1.0903426791277315,-4.488594554819714,5.512679162072764,4.590163934426239,-0.4873096446700531,11.797133406835725,5.683783828149511,-0.004885008696642323,0.1115157340359918,0.8660254037844387,-0.49999999999999983,0,1,0,0,0.2808988764045006,0.16910935738443378,-0.28074115665356336,0.17035775127769437,0.20627736474262784,0.03757443384983331,0.11311494942591316,0.4481792717086819
2002-05-01,179.3,178.0,177.5,177.3,1.75,1.74,2.09,4.21,26.179090909090913,20.723684210526315,19.635,28.62909090909091,5.9,5.7,5.5,4.3,89.604,88.5278,87.97,90.3555,5502.1,5490.2,5387.5,5137.2,156803.0,156668.0,157765.0,155538.0,74.7452,74.0132,73.9318,77.1128,5.21,4.91,4.65,5.39,130.8,128.4,129.8,136.8,93.0,90.7,83.9,92.0,302.68,295.5,276.16,272.36,178.6,178.0666666666667,177.82500000000002,1.7400000000000002,1.8099999999999998,2.6683333333333334,23.811258373205746,21.695414065466696,24.04736139756506,5.766666666666667,5.7,5.233333333333333,89.10013333333332,88.62006666666667,88.975925,5498.099999999999,5463.866666666666,5354.433333333333,156419.33333333334,156455.16666666666,155951.83333333334,74.40473333333334,74.16955,74.946,5.133333333333334,5.03,5.03,129.66666666666669,129.23333333333335,131.50833333333333,93.13333333333333,90.85000000000001,89.84166666666665,297.41333333333336,287.62666666666667,281.2291666666667,1.1560693641618602,-63.541666666666664,6.718400836047911,-4.768676212837708,3.5087719298245723,34.09090909090908,0.48828847823112476,-1.3053329089064758,0.0018175209014925642,7.0634936078301624,0.652172517604166,0.7984006274066147,0.388686979389119,-3.828328654179214,-1.3257575757575801,1.3618677042801508,0.7704160246533087,-4.105571847507328,-2.8213166144200663,5.203619909502266,2.9313745494116805,16.200859950859936,5.7126761418263206,0.028892313676809778,0.1501500590121454,0.49999999999999994,-0.8660254037844387,0,1,0,0,0.4481792717086819,0.16882386043894915,-0.05630630630630851,0.5102040816326481,0.2993006695173772,0.15906117191020752,0.13626674279516213,0.1115448968209698
2002-06-01,179.5,178.5,177.4,177.7,1.75,1.73,1.82,3.97,27.04136363636363,24.531,19.388947368421057,27.59904761904762,5.8,5.7,5.7,4.5,89.964,89.1686,87.9324,89.8784,5528.3,5502.0,5440.5,5180.1,155413.0,155787.0,155751.0,154459.0,74.9894,74.4558,73.7552,76.4807,5.16,5.28,5.09,5.28,130.8,129.8,128.1,135.5,96.9,95.7,88.8,92.6,314.49,294.06,275.85,270.23,179.1,178.4,178.00833333333333,1.7433333333333334,1.7533333333333332,2.4633333333333334,25.917151515151517,22.929808004860636,23.915050791504456,5.800000000000001,5.75,5.358333333333333,89.57886666666667,88.9524,88.94330000000001,5510.8,5487.333333333333,5387.025000000001,156001.0,156063.16666666666,155941.41666666666,74.73013333333334,74.34581666666666,74.76905000000001,5.216666666666667,5.114999999999999,5.010833333333333,130.46666666666667,129.4,131.00833333333335,95.2,93.01666666666667,90.25,303.74333333333334,294.01500000000004,284.74,0.0,-58.432304038004744,3.293745876306531,-5.545852915026062,-1.6949152542372947,34.883720930232556,0.4017677782241824,-0.43328851038398897,0.47618182148634336,7.613096628513594,-0.8864626314547541,-0.08036621275829825,0.3267099425782627,-2.7536284507889586,-0.9596928982725461,-4.2671614100185495,0.0,-4.385964912280704,4.193548387096779,5.326086956521747,3.901810492929836,15.468497576736674,5.750952279132591,0.03827613730627011,0.1438275585178248,1.2246467991473532e-16,-1.0,0,1,0,0,0.1115448968209698,0.2808988764045006,-0.05633802816901179,0.2256063169768563,0.28020768164471743,0.18703637243142057,0.10304514406085559,0.055710306406675514
2002-07-01,179.6,179.3,177.7,177.4,1.75,1.75,1.73,3.77,25.5185,26.179090909090913,19.714761904761904,26.4247619047619,5.8,5.9,5.7,4.6,90.7061,89.604,88.5176,89.3028,5553.3,5502.1,5460.9,5210.0,156139.0,156803.0,155957.0,153945.0,75.569,74.7452,74.1161,75.7806,4.93,5.21,5.04,5.24,130.9,130.8,128.5,133.4,92.4,93.0,93.0,92.4,321.18,302.68,281.51,267.53,179.46666666666667,178.76666666666665,178.16666666666666,1.75,1.741666666666667,2.2783333333333333,26.246318181818182,23.951400110123796,23.741671823250485,5.833333333333333,5.766666666666667,5.466666666666666,90.09136666666666,89.41468333333334,89.012275,5527.900000000001,5506.133333333334,5418.125,156118.33333333334,156127.83333333334,156081.41666666666,75.1012,74.64811666666667,74.69307500000001,5.1000000000000005,5.088333333333334,4.9816666666666665,130.83333333333334,129.86666666666667,130.625,94.10000000000001,93.61666666666667,90.23333333333333,312.78333333333336,301.57,288.98583333333335,0.0,-55.91939546599496,-5.631608142408073,-7.538476137892969,0.0,28.888888888888875,0.8248855097594765,0.920910919642548,0.45221858437494156,7.204494121735094,0.46714238834588695,1.0876672774004836,0.7729092378389479,-1.1920654491917482,-4.457364341085279,-6.6287878787878896,0.0764525993883769,-3.394833948339482,-4.643962848297212,-0.21598272138227959,2.127253648764671,18.854309292084515,5.772001713633345,0.02104943450075414,0.17272826540298958,-0.4999999999999998,-0.8660254037844388,0,0,1,0,0.055710306406675514,0.4481792717086819,0.16910935738443378,-0.16882386043892694,0.20514482497877573,0.2057110948607018,0.08888714318000719,0.22271714922048602
2002-08-01,180.0,179.5,178.0,177.4,1.73,1.75,1.74,3.65,26.966190476190473,27.04136363636363,20.723684210526315,27.37391304347826,5.8,5.8,5.7,4.9,90.6769,89.964,88.5278,89.2003,5596.0,5528.3,5490.2,5243.8,157867.0,155413.0,156668.0,155388.0,75.5228,74.9894,74.0132,75.4938,4.65,5.16,4.91,4.97,131.2,130.8,128.4,133.4,88.1,96.9,90.7,91.5,313.29,314.49,295.5,272.39,179.70000000000002,179.14999999999998,178.38333333333333,1.7433333333333334,1.7416666666666665,2.1083333333333334,26.508684704184702,25.15997153869522,23.786790870869535,5.8,5.783333333333334,5.566666666666666,90.44900000000001,89.77456666666667,89.12678333333334,5559.200000000001,5528.650000000001,5450.291666666667,156473.0,156446.16666666666,156408.25,75.3604,74.88256666666668,74.67159166666666,4.913333333333333,5.023333333333333,4.9325,130.96666666666667,130.31666666666666,130.44166666666666,92.46666666666668,92.80000000000001,89.875,316.32,306.8666666666667,292.7991666666667,-1.1428571428571455,-54.11140583554377,5.673101773969758,2.048943991926766,0.0,26.086956521739136,-0.032191881251653065,1.5386975548359105,0.7689121783444053,7.4088291746641,1.1067062040873932,2.5476631264412575,-0.06113618017969946,-0.3401926086623819,-5.679513184584161,-11.259541984732824,0.22918258212374365,-1.6491754122938684,-4.653679653679665,-4.653679653679665,-2.4565664113581076,17.104623780510607,5.747129279159567,-0.02487243447377807,0.15789756957908363,-0.8660254037844384,-0.5000000000000004,0,0,1,0,0.22271714922048602,0.1115448968209698,0.16882386043894915,0.0,0.12999078414937712,0.21464572683337715,0.12151556065162494,0.2777777777777768
2002-09-01,180.5,179.6,178.5,178.1,1.74,1.75,1.73,3.07,28.385,25.5185,24.531,26.199473684210528,5.7,5.8,5.7,5.0,90.5762,90.7061,89.1686,88.7485,5638.3,5553.3,5502.0,5355.1,158384.0,156139.0,155787.0,150843.0,75.4317,75.569,74.4558,74.9237,4.26,4.93,5.28,4.73,131.5,130.9,129.8,133.3,87.6,92.4,95.7,81.8,310.26,321.18,294.06,283.42,180.03333333333333,179.56666666666663,178.64166666666665,1.74,1.7416666666666665,1.9491666666666667,26.956563492063495,26.436857503607502,23.871048117246346,5.766666666666666,5.783333333333332,5.633333333333333,90.65306666666667,90.11596666666667,89.24144166666667,5595.866666666666,5553.333333333333,5483.166666666667,157463.33333333334,156732.16666666666,156657.91666666666,75.50783333333334,75.11898333333333,74.66641666666668,4.613333333333333,4.915,4.873333333333334,131.20000000000002,130.83333333333334,130.28333333333333,89.36666666666666,92.28333333333332,89.55,314.91,309.32666666666665,295.955,0.5780346820809301,-52.32876712328767,5.261438485581604,3.6936149936467544,-1.724137931034475,16.326530612244895,-0.11105364210730606,1.5424836015125454,0.7558970693352318,7.523170220069408,0.32749086256151916,1.9280768141684002,-0.1206258242543945,-0.08225841062443617,-8.387096774193559,-14.28571428571429,0.22865853658537993,-1.4242878560719707,-0.5675368898978461,-4.262295081967215,-0.9671550320789146,13.902859870039276,5.737410655636185,-0.009718623523381709,0.13017579275421287,-1.0,-1.8369701987210297e-16,0,0,1,0,0.2777777777777768,0.055710306406675514,0.2808988764045006,0.3945885005636862,0.18540174446831278,0.2328047130565151,0.144663708799773,0.16620498614958734
2002-10-01,180.8,180.0,179.3,177.6,1.75,1.73,1.75,2.49,29.6635,26.966190476190473,26.179090909090913,22.169565217391305,5.7,5.8,5.9,5.3,90.6531,90.6769,89.604,88.5052,5662.3,5596.0,5502.1,5343.8,155456.0,157867.0,156803.0,162518.0,75.4995,75.5228,74.7452,74.5431,3.87,4.65,5.21,4.57,132.3,131.2,130.8,130.3,86.1,88.1,93.0,82.7,319.14,313.29,302.68,283.06,180.4333333333333,179.95000000000002,178.86666666666667,1.74,1.7449999999999999,1.8391666666666666,28.33823015873016,27.29227417027417,24.159716976895467,5.733333333333333,5.783333333333334,5.691666666666666,90.6354,90.36338333333333,89.40015833333332,5632.200000000001,5580.05,5508.766666666666,157235.66666666666,156677.0,157042.33333333334,75.48466666666667,75.29293333333334,74.7144,4.260000000000001,4.68,4.801666666666667,131.66666666666666,131.25000000000003,130.2,87.26666666666667,90.68333333333334,89.90833333333335,314.23,313.50666666666666,298.9316666666667,0.5747126436781658,-42.99674267100977,4.504139510304728,13.221740091203117,0.0,14.000000000000012,0.08490089007928692,2.146064440525741,0.4256602167320045,5.736587552053174,-1.8486715829881817,3.0581465497238947,0.08988263554976506,0.7685151694323711,-9.154929577464777,-18.181818181818187,0.6083650190114254,-0.750187546886727,-1.7123287671232834,5.256723716381417,2.862115644942942,12.603203725919121,5.765629877982281,0.028219222346096196,0.11869998158555717,-0.8660254037844386,0.5000000000000001,0,0,0,1,0.16620498614958734,0.22271714922048602,0.4481792717086819,-0.28074115665356336,0.2222333043826167,0.21368906468069623,0.12563174926526477,0.22123893805308104
2002-11-01,181.2,180.5,179.5,177.5,1.75,1.74,1.75,2.09,28.836521739130436,28.385,27.04136363636363,19.635,5.7,5.7,5.8,5.5,90.4643,90.5762,89.964,87.97,5707.1,5638.3,5528.3,5387.5,156148.0,158384.0,155413.0,157765.0,75.3553,75.4317,74.9894,73.9318,3.94,4.26,5.16,4.65,133.2,131.5,130.8,129.8,80.6,87.6,96.9,83.9,316.56,310.26,314.49,276.16,180.83333333333334,180.26666666666665,179.16666666666666,1.7466666666666668,1.7449999999999999,1.7775,28.961673913043484,27.73517930861409,24.715296687040393,5.7,5.75,5.7250000000000005,90.56453333333333,90.50676666666668,89.56341666666667,5669.233333333334,5614.216666666667,5539.041666666667,156662.66666666666,156567.83333333334,156511.5,75.42883333333333,75.39461666666666,74.78208333333333,4.023333333333333,4.468333333333333,4.7491666666666665,132.33333333333334,131.65,130.44166666666666,84.76666666666665,88.61666666666666,89.73333333333333,315.32,315.82,301.72333333333336,0.0,-29.718875502008036,-2.787864752539526,30.072563247695626,0.0,7.547169811320753,-0.2082664575177251,2.2135422551443185,0.7911979231054467,6.798532879224517,0.4451420337587386,-3.919565832707761,-0.19099464234861863,1.0895709998645087,1.8087855297157507,-13.7855579868709,0.680272108843516,2.2256331542593877,-6.387921022067367,-2.539298669891188,-0.8084226358337943,11.834946654419554,5.757512797077169,-0.008117080905112317,0.11185390777147575,-0.5000000000000004,0.8660254037844384,0,0,0,1,0.22123893805308104,0.2777777777777768,0.1115448968209698,-0.05630630630630851,0.22174056732681505,0.17586567573809608,0.1674634238241518,0.16556291390728006
2002-12-01,181.5,180.8,179.6,177.4,1.34,1.75,1.75,1.82,26.352105263157895,29.6635,25.5185,19.388947368421057,5.9,5.7,5.8,5.7,90.9711,90.6531,90.7061,87.9324,5758.1,5662.3,5553.3,5440.5,156148.0,155456.0,156139.0,155751.0,75.8001,75.4995,75.569,73.7552,4.05,3.87,4.93,5.09,133.1,132.3,130.9,128.1,84.2,86.1,92.4,88.8,319.07,319.14,321.18,275.85,181.16666666666666,180.6,179.5,1.6133333333333333,1.6766666666666665,1.715,28.284042334096114,27.6203029130798,25.27505545897022,5.766666666666667,5.766666666666667,5.758333333333333,90.69616666666666,90.67461666666667,89.81350833333333,5709.166666666667,5652.516666666666,5569.925,155917.33333333334,156690.33333333334,156376.75,75.55163333333333,75.52973333333334,74.937775,3.953333333333333,4.283333333333332,4.699166666666667,132.86666666666665,132.03333333333333,130.71666666666667,83.63333333333334,86.5,89.75833333333333,318.25666666666666,316.5833333333333,305.2991666666666,-23.42857142857142,-35.88516746411482,-8.615520618082206,34.20985619128034,3.5087719298245723,7.272727272727275,0.5602209932537017,3.4115039217915255,0.8936237318427853,6.878886310904875,0.0,-1.024942160808795,0.590270359218259,2.527058721686748,2.7918781725888353,-12.903225806451623,-0.07507507507507061,2.5423728813559254,4.466501240694809,0.35756853396899935,0.7928986606014599,15.538093858632674,5.765410514449022,0.007897717371853297,0.14443010655395927,-2.4492935982947064e-16,1.0,0,0,0,1,0.16556291390728006,0.16620498614958734,0.055710306406675514,-0.05633802816901179,0.18433561270331614,0.18486867858581446,0.18595252550861752,0.16528925619836432
2003-01-01,181.8,181.2,180.0,177.7,1.24,1.75,1.73,1.73,29.460952380952374,28.836521739130436,26.966190476190473,19.714761904761904,6.0,5.7,5.8,5.7,90.4652,90.4643,90.6769,88.5176,5779.4,5707.1,5596.0,5460.9,157671.0,156148.0,157867.0,155957.0,75.4073,75.3553,75.5228,74.1161,4.03,3.94,4.65,5.04,132.9,133.2,131.2,128.5,86.7,80.6,88.1,93.0,331.92,316.56,313.29,281.51,181.5,180.96666666666667,179.86666666666667,1.4433333333333334,1.5916666666666666,1.6666666666666667,28.216526461080235,28.277378309905192,26.114389210014497,5.866666666666667,5.8,5.783333333333332,90.63353333333333,90.63446666666665,90.02457500000001,5748.200000000001,5690.200000000001,5598.166666666667,156655.66666666666,156945.66666666666,156536.75,75.5209,75.50278333333334,75.07545,4.006666666666667,4.133333333333333,4.610833333333334,133.06666666666663,132.36666666666665,131.11666666666667,83.83333333333333,85.55,89.58333333333333,322.51666666666665,318.3733333333334,309.97166666666664,-7.462686567164189,-31.868131868131865,11.797338720185158,51.947147109882174,1.6949152542372836,5.263157894736836,-0.5561106769072954,2.880394484854265,0.36991368680638903,6.229206874368165,0.9753567128621521,1.2327368684631246,-0.5182051211014116,2.2399776558127416,-0.49382716049382047,-20.825147347740657,-0.15026296018030294,3.74707259953162,2.9691211401425166,-2.3648648648648574,4.027329426144743,20.32626427406199,5.804893976024612,0.03948346157558991,0.1850367363061718,0.49999999999999994,0.8660254037844387,1,0,0,0,0.16528925619836432,0.22123893805308104,0.22271714922048602,0.16910935738443378,0.18403036938624182,0.20313183688442926,0.20442146587256552,0.44004400440043057
2003-02-01,182.6,181.5,180.5,178.0,1.24,1.34,1.74,1.74,32.94714285714286,26.352105263157895,28.385,20.723684210526315,5.8,5.9,5.7,5.7,91.2361,90.9711,90.5762,88.5278,5812.1,5758.1,5638.3,5490.2,158082.0,156148.0,158384.0,156668.0,76.0829,75.8001,75.4317,74.0132,4.05,4.05,4.26,4.91,135.3,133.1,131.5,128.4,82.4,84.2,87.6,90.7,356.859,319.07,310.26,295.5,181.96666666666667,181.4,180.275,1.2733333333333332,1.51,1.6258333333333335,29.58673350041771,29.274203706730592,27.21708762271291,5.8999999999999995,5.800000000000001,5.791666666666667,90.8908,90.72766666666666,90.25111666666668,5783.2,5726.216666666667,5627.433333333333,157300.33333333334,156981.5,156713.83333333334,75.76343333333334,75.59613333333333,75.23935,4.043333333333333,4.033333333333333,4.528333333333333,133.76666666666668,133.05,131.68333333333334,84.43333333333334,84.60000000000001,88.7,335.94966666666664,325.63483333333335,316.25075,0.0,-28.32369942196532,11.83325790392451,67.11915171131133,-3.3333333333333326,1.754385964912264,0.8521508823282398,3.071140654513904,0.565802678478744,6.431174348550628,0.26066936849515887,1.3625550632546224,0.8959344784921219,2.653674437807707,0.4962779156327368,-19.64285714285715,1.8058690744920947,5.2918287937743225,-4.959630911188007,-11.397849462365583,7.513557483731015,26.7660118645874,5.877340745779999,0.07244676975538678,0.23717277485252986,0.8660254037844386,0.5000000000000001,1,0,0,0,0.44004400440043057,0.16556291390728006,0.2777777777777768,0.16882386043894915,0.25696539150202496,0.23935297941442002,0.2269993531238986,0.5476451259583737
2003-03-01,183.6,181.8,180.8,178.5,1.26,1.24,1.75,1.73,35.828421052631576,29.460952380952374,29.6635,24.531,5.9,6.0,5.7,5.7,91.3445,90.4652,90.6531,89.1686,5848.2,5779.4,5662.3,5502.0,155063.0,157671.0,155456.0,155787.0,76.2008,75.4073,75.4995,74.4558,3.9,4.03,3.87,5.28,137.6,132.9,132.3,129.8,79.9,86.7,86.1,95.7,358.97,331.92,319.14,294.06,182.66666666666666,181.91666666666666,180.74166666666667,1.2466666666666668,1.43,1.5858333333333334,32.745505430242275,30.51477388216919,28.475815692888347,5.8999999999999995,5.833333333333333,5.808333333333334,91.01526666666666,90.85571666666665,90.48584166666666,5813.233333333334,5761.2,5657.266666666666,156938.66666666666,156428.0,156580.08333333334,75.897,75.72431666666667,75.42165,3.9933333333333327,3.9733333333333327,4.444166666666667,135.26666666666668,134.0666666666667,132.45000000000002,83.0,83.31666666666666,87.8,349.24966666666666,333.7531666666667,321.53991666666667,1.6129032258064502,-27.586206896551722,8.745153435555242,72.8863492063492,1.7241379310344973,3.5087719298245723,0.11881261912773944,3.1817124112425654,0.6211180124223503,6.520709628064547,-1.9097683480725158,-1.0244593663032653,0.15496254743181392,2.955688985208038,-3.703703703703698,-20.570264765784117,1.6999260901699786,7.1651090342679025,-3.033980582524276,-11.907386990077173,0.5915501640704202,21.478849407783418,5.883238819536881,0.00589807375688256,0.19456998269072834,1.0,6.123233995736766e-17,1,0,0,0,0.5476451259583737,0.16528925619836432,0.16620498614958734,0.2808988764045006,0.38432612885238954,0.28433087077785285,0.258567791917184,0.16339869281045694
2003-04-01,183.9,182.6,181.2,179.3,1.25,1.24,1.75,1.75,33.513333333333335,32.94714285714286,28.836521739130436,26.179090909090913,5.9,5.8,5.7,5.9,91.1044,91.2361,90.4643,89.604,5868.4,5812.1,5707.1,5502.1,156703.0,158082.0,156148.0,156803.0,76.0272,76.0829,75.3553,74.7452,3.81,4.05,3.94,5.21,141.2,135.3,133.2,130.8,77.6,82.4,80.6,93.0,340.55,356.859,316.56,302.68,183.36666666666667,182.4333333333333,181.1916666666667,1.25,1.3466666666666667,1.5458333333333334,34.09629908103593,31.156412771058083,29.224343470666124,5.866666666666667,5.866666666666667,5.824999999999999,91.22833333333334,90.93093333333333,90.64715833333332,5842.899999999999,5795.55,5687.8,156616.0,156635.83333333334,156656.41666666666,76.10363333333333,75.81226666666667,75.5526,3.9199999999999995,3.9633333333333334,4.321666666666666,138.03333333333333,135.54999999999998,133.4,79.96666666666668,81.9,86.29166666666667,352.1263333333333,337.3215,325.41408333333334,-0.7936507936507908,-27.74566473988439,-6.461595714467572,36.616254263313095,0.0,3.5087719298245723,-0.26285107477734826,2.1709435832793167,0.34540542389109863,6.659396583060695,1.057634638824223,0.5879823091785585,-0.22781913050782254,2.110513888776966,-2.3076923076922995,-27.840909090909093,2.6162790697674465,8.78274268104775,-2.8785982478097716,-18.913270637408573,-5.131348023511717,15.809698700945397,5.830561957687327,-0.052676861849554335,0.14677812953781633,0.8660254037844387,-0.49999999999999983,0,1,0,0,0.16339869281045694,0.44004400440043057,0.22123893805308104,0.4481792717086819,0.3836959410564204,0.2838631552213311,0.24877610995101365,-0.38064165307233333
2003-05-01,183.2,183.6,181.5,179.5,1.26,1.26,1.34,1.75,28.17047619047619,35.828421052631576,26.352105263157895,27.04136363636363,6.0,5.9,5.9,5.8,90.5617,91.3445,90.9711,89.964,5905.5,5848.2,5758.1,5528.3,157780.0,155063.0,156148.0,155413.0,75.6028,76.2008,75.8001,74.9894,3.96,3.9,4.05,5.16,136.8,137.6,133.1,130.8,86.0,79.9,84.2,96.9,328.18,358.97,319.07,314.49,183.5666666666667,182.76666666666665,181.51666666666665,1.2566666666666666,1.265,1.5050000000000001,32.504076858813704,31.045405179615702,29.3902922441149,5.933333333333334,5.916666666666667,5.833333333333333,91.00353333333332,90.94716666666666,90.72696666666667,5874.033333333333,5828.616666666666,5721.416666666667,156515.33333333334,156907.83333333334,156737.83333333334,75.9436,75.85351666666666,75.62406666666668,3.8899999999999992,3.9666666666666663,4.2175,138.53333333333333,136.15,133.9,81.16666666666667,82.8,85.70833333333333,342.56666666666666,339.2581666666667,327.53908333333334,0.8000000000000007,-28.000000000000004,-15.94248202563302,7.60677782242527,1.6949152542372836,1.6949152542372836,-0.5956902191332047,1.0688138922369639,0.6321995773975964,7.331746060595035,0.6872874163226017,0.6230748136196285,-0.5582212681776944,1.1473646468268317,3.937007874015741,-23.99232245681382,-3.116147308781858,4.587155963302747,10.824742268041243,-7.5268817204301115,-3.632359418587583,8.424738998282022,5.793562238347004,-0.03699971934032309,0.08088609652068346,0.49999999999999994,-0.8660254037844387,0,1,0,0,-0.38064165307233333,0.5476451259583737,0.16556291390728006,0.1115448968209698,0.11013405523216575,0.18354972336709538,0.17970769955259572,-0.16375545851528006
2003-06-01,182.9,183.9,181.8,179.6,1.26,1.25,1.24,1.75,28.108571428571427,33.513333333333335,29.460952380952374,25.5185,6.1,5.9,6.0,5.8,90.537,91.1044,90.4652,90.7061,5965.3,5868.4,5779.4,5553.3,158348.0,156703.0,157671.0,156139.0,75.6099,76.0272,75.4073,75.569,3.57,3.81,4.03,4.93,136.7,141.2,132.9,130.9,92.1,77.6,86.7,92.4,355.683,340.55,331.92,321.18,183.33333333333334,183.0,181.79999999999998,1.2566666666666666,1.2516666666666667,1.4641666666666666,29.930793650793657,31.33814954051796,29.479226226798875,6.0,5.95,5.858333333333333,90.73436666666667,90.87481666666667,90.77471666666666,5913.066666666667,5863.150000000001,5757.833333333333,157610.33333333334,157274.5,156982.41666666666,75.74663333333332,75.82181666666666,75.675775,3.7799999999999994,3.8866666666666667,4.085,138.23333333333332,136.75,134.39166666666665,85.23333333333333,84.11666666666666,85.30833333333332,341.471,345.3603333333333,330.97183333333334,0.0,-28.000000000000004,-0.21975049866459484,3.946575352334225,1.6666666666666607,5.1724137931034475,-0.027274222988304953,0.636921435240767,1.0126153585640507,7.904780854874005,0.359994929648888,1.8885164046765768,0.009391186569795984,0.8274502796395078,-9.848484848484851,-30.813953488372103,-0.07309941520469154,4.510703363914348,7.093023255813957,-4.953560371517041,8.38046194161739,13.098349709052748,5.874039884728224,0.08047764638121979,0.12308760559563314,1.2246467991473532e-16,-1.0,0,1,0,0,-0.16375545851528006,0.16339869281045694,0.16528925619836432,0.055710306406675514,-0.1269994729257188,0.12866332796333535,0.1567660032745749,0.10934937124111865
2003-07-01,183.1,183.2,182.6,180.0,1.22,1.26,1.24,1.73,30.66238095238095,28.17047619047619,32.94714285714286,26.966190476190473,6.3,6.0,5.8,5.8,90.6527,90.5617,91.2361,90.6769,6002.2,5905.5,5812.1,5596.0,160388.0,157780.0,158082.0,157867.0,75.7311,75.6028,76.0829,75.5228,3.33,3.96,4.05,4.65,138.0,136.8,135.3,131.2,89.7,86.0,82.4,88.1,356.352,328.18,356.859,313.29,183.0666666666667,183.21666666666667,182.09166666666667,1.2466666666666666,1.2483333333333333,1.42,28.980476190476196,31.538387635756056,29.907882972830624,6.133333333333333,6.0,5.8999999999999995,90.5838,90.90606666666666,90.77026666666666,5957.666666666667,5900.283333333333,5795.241666666666,158838.66666666666,157727.33333333334,157336.5,75.64793333333334,75.87578333333333,75.68928333333334,3.6199999999999997,3.77,3.9516666666666667,137.16666666666666,137.6,134.98333333333335,89.26666666666665,84.61666666666667,85.08333333333333,346.7383333333333,349.43233333333336,333.9028333333333,-3.1746031746031744,-30.28571428571428,9.085518736870647,20.15745812795011,3.2786885245901676,8.62068965517242,0.1277930569822061,-0.05887145406980876,0.6185774395252475,8.083481893648825,1.2883017152095277,2.721293206694031,0.16029646911317474,0.21450594820626723,-6.72268907563025,-32.454361054766736,0.9509875640087762,5.42398777692894,-2.6058631921824005,-2.922077922077926,0.18808883190930548,10.950868671772817,5.87591900639179,0.0018791216635660746,0.10391729275844508,-0.4999999999999998,-0.8660254037844388,0,0,1,0,0.10934937124111865,-0.38064165307233333,0.44004400440043057,0.22271714922048602,-0.14501591344883158,0.1193400138037944,0.16123592534411182,0.3276897870016393
2003-08-01,183.7,182.9,183.6,180.5,1.01,1.26,1.26,1.74,30.754545454545458,28.108571428571427,35.828421052631576,28.385,6.2,6.1,5.9,5.7,91.1185,90.537,91.3445,90.5762,6049.1,5965.3,5848.2,5638.3,161245.0,158348.0,155063.0,158384.0,76.1369,75.6099,76.2008,75.4317,3.98,3.57,3.9,4.26,137.7,136.7,137.6,131.5,90.9,92.1,79.9,87.6,351.02,355.683,358.97,310.26,183.23333333333335,183.4,182.4,1.1633333333333333,1.21,1.36,29.841832611832615,31.172954735323156,30.223579221026878,6.199999999999999,6.066666666666667,5.933333333333334,90.7694,90.88646666666666,90.80706666666667,6005.533333333333,5939.783333333333,5833.0,159993.66666666666,158254.5,157618.0,75.82596666666666,75.88478333333333,75.74045833333334,3.6266666666666665,3.7583333333333333,3.8958333333333326,137.46666666666667,138.0,135.525,90.89999999999999,86.03333333333335,85.31666666666666,354.35166666666663,348.4591666666667,337.04699999999997,-17.213114754098356,-41.61849710982659,0.300578426403475,14.04853600548388,-1.5873015873015817,6.896551724137945,0.5138291523584027,0.48700385655000566,0.7813801606077808,8.096854896354543,0.5343292515649578,2.139775887297546,0.5358432665047763,0.8131319283712912,19.519519519519513,-14.408602150537641,-0.21739130434783593,4.9542682926829285,1.3377926421404673,3.178206583427934,-1.4962733477011492,12.043154904401664,5.860843201899544,-0.015075804492245659,0.11371392273997749,-0.8660254037844384,-0.5000000000000004,0,0,1,0,0.3276897870016393,-0.16375545851528006,0.5476451259583737,0.2777777777777768,0.09109456657582597,0.10061431090399586,0.16998364515920794,0.4354926510615087
2003-09-01,184.5,183.1,183.9,180.8,1.03,1.22,1.25,1.75,31.573809523809523,30.66238095238095,33.513333333333335,29.6635,6.1,6.3,5.9,5.7,90.9197,90.6527,91.1044,90.6531,6107.1,6002.2,5868.4,5662.3,162380.0,160388.0,156703.0,155456.0,75.9832,75.7311,76.0272,75.4995,4.45,3.33,3.81,3.87,138.0,138.0,141.2,132.3,89.3,89.7,77.6,86.1,359.768,356.352,340.55,319.14,183.76666666666665,183.54999999999998,182.73333333333335,1.0866666666666667,1.1716666666666666,1.3008333333333335,30.996911976911985,30.463852813852814,30.489313348011006,6.2,6.1000000000000005,5.966666666666668,90.89696666666667,90.81566666666667,90.83569166666666,6052.8,5982.933333333334,5872.066666666667,161337.66666666666,159474.0,157951.0,75.9504,75.84851666666667,75.78641666666665,3.9199999999999995,3.85,3.9116666666666666,137.9,138.0666666666667,136.06666666666666,89.96666666666668,87.60000000000001,85.45833333333333,355.7133333333333,348.5921666666666,341.17266666666666,1.980198019801982,-40.804597701149426,2.6638796222006267,11.234136071197899,-1.6129032258064613,7.017543859649122,-0.21817742829391973,0.37923869625795525,0.9588203203782397,8.314562900164946,0.7038977952804837,2.522982119406003,-0.2018732047141425,0.7311249779601736,11.809045226130666,4.460093896713624,0.21786492374729072,4.94296577946769,-1.7601760176017667,1.9406392694063967,2.4921656885647625,15.956939341197707,5.885459379262133,0.024616177362588587,0.1480487236259478,-1.0,-1.8369701987210297e-16,0,0,1,0,0.4354926510615087,0.10934937124111865,0.16339869281045694,0.16620498614958734,0.29084393643475553,0.08192223175451836,0.1831265512661856,0.3252032520325132
2003-10-01,185.1,183.7,183.2,181.2,1.01,1.01,1.26,1.75,28.31142857142857,30.754545454545458,28.17047619047619,28.836521739130436,6.1,6.2,6.0,5.7,91.5059,91.1185,90.5617,90.4643,6079.7,6049.1,5905.5,5707.1,161492.0,161245.0,157780.0,156148.0,76.483,76.1369,75.6028,75.3553,4.27,3.98,3.96,3.94,138.5,137.7,136.8,133.2,87.7,90.9,86.0,80.6,378.945,351.02,328.18,316.56,184.4333333333333,183.75,183.09166666666667,1.0166666666666666,1.1316666666666666,1.2391666666666667,30.213261183261192,29.596868686868685,30.376640728963384,6.133333333333333,6.133333333333333,6.0,91.18136666666668,90.88258333333334,90.90675833333334,6078.633333333334,6018.150000000001,5906.849999999999,161705.66666666666,160272.16666666666,158454.0,76.20103333333333,75.92448333333333,75.868375,4.233333333333333,3.9266666666666663,3.9450000000000003,138.06666666666666,137.61666666666667,136.58333333333334,89.3,89.28333333333335,85.59166666666665,363.2443333333333,354.99133333333333,346.15641666666664,-1.9417475728155331,-42.285714285714285,-10.332554106025182,-4.558030672615931,0.0,7.017543859649122,0.6447447582867083,0.9407289987876988,-0.4486581192382766,7.3715627925048155,-0.5468653775095422,3.8827706875257384,0.6577769822803115,1.3026576334942641,-4.044943820224733,10.33591731266148,0.36231884057971175,4.686318972033243,-1.7917133258678497,1.8583042973286945,5.330379577950239,18.739424703891714,5.937391075818175,0.051931696556041906,0.1717611978358935,-0.8660254037844386,0.5000000000000001,0,0,0,1,0.3252032520325132,0.3276897870016393,-0.38064165307233333,0.22123893805308104,0.3627952300318871,0.10888965829152775,0.19637640675642942,-0.10804970286331095
2003-11-01,184.9,184.5,182.9,181.5,1.01,1.03,1.26,1.34,30.338260869565215,31.573809523809523,28.108571428571427,26.352105263157895,6.0,6.1,6.1,5.9,91.6186,90.9197,90.537,90.9711,6070.0,6107.1,5965.3,5758.1,161279.0,162380.0,158348.0,156148.0,76.5884,75.9832,75.6099,75.8001,4.29,4.45,3.57,4.05,139.3,138.0,136.7,133.1,89.6,89.3,92.1,84.2,378.92,359.768,355.683,319.07,184.83333333333334,184.0333333333333,183.4,1.0166666666666668,1.09,1.1775,30.074499654934442,29.958166133383525,30.501785656499617,6.066666666666666,6.133333333333333,6.0249999999999995,91.34806666666667,91.05873333333334,91.00295,6085.599999999999,6045.566666666667,5937.091666666667,161717.0,160855.33333333334,158881.58333333334,76.35153333333334,76.08874999999999,75.97113333333333,4.336666666666666,3.981666666666667,3.974166666666667,138.6,138.03333333333333,137.09166666666667,88.86666666666667,89.88333333333333,86.34166666666665,372.5443333333333,363.44800000000004,351.35308333333336,0.0,-42.285714285714285,7.159060493973413,5.2077679271455235,-1.6393442622950727,5.263157894736836,0.1231614573486528,1.2759729528664998,-0.15954734608615295,6.358746123249981,-0.1318950783939732,3.285985091067456,0.13780840186705667,1.6363812498921604,0.4683840749414525,8.883248730964466,0.5776173285198638,4.579579579579596,2.1664766248574496,11.166253101736977,-0.006597263455110358,19.69926712155674,5.937325101007334,-6.597481084114065e-05,0.17981230393016467,-0.5000000000000004,0.8660254037844384,0,0,0,1,-0.10804970286331095,0.4354926510615087,-0.16375545851528006,0.16556291390728006,0.21754873341023698,0.15432164999303147,0.16893568668006342,0.05408328826392861
2003-12-01,185.0,185.1,183.1,181.8,1.0,1.01,1.22,1.24,31.108333333333334,28.31142857142857,30.66238095238095,29.460952380952374,5.8,6.1,6.3,6.0,92.2329,91.5059,90.6527,90.4652,6075.5,6079.7,6002.2,5779.4,161856.0,161492.0,160388.0,157671.0,77.1135,76.483,75.7311,75.4073,4.3,4.27,3.33,4.03,138.9,138.5,138.0,132.9,93.7,87.7,89.7,86.7,389.91,378.945,356.352,331.92,185.0,184.38333333333333,183.6916666666667,1.0066666666666666,1.0466666666666666,1.1491666666666667,29.91934092477571,30.45812645084384,30.8981379956809,5.966666666666666,6.083333333333333,6.016666666666667,91.7858,91.34138333333333,91.1081,6075.066666666667,6063.933333333333,5963.541666666667,161542.33333333334,161440.0,159357.25,76.7283,76.33935000000001,76.08058333333334,4.286666666666666,4.1033333333333335,3.9949999999999997,138.9,138.4,137.57500000000002,90.33333333333333,90.14999999999999,87.13333333333333,382.5916666666667,369.1525,357.25641666666667,-0.990099009900991,-25.373134328358216,2.5382880946239084,18.048759378724032,-3.3333333333333326,-1.6949152542372947,0.6704970388109022,1.387033904173962,0.09060955518944702,5.512234938608218,0.357765115111075,3.6555063145221167,0.6856129648876497,1.7327153921960603,0.2331002331002363,6.172839506172845,-0.2871500358937573,4.357625845229163,4.57589285714286,11.282660332541571,2.900348358492555,22.202024634092844,5.9659159432616065,0.028590842254272886,0.20050542881258426,-2.4492935982947064e-16,1.0,0,0,0,1,0.05408328826392861,0.3252032520325132,0.10934937124111865,0.16528925619836432,0.09041227914437695,0.19062810778956626,0.1596457178764508,0.2702702702702675
2004-01-01,185.5,184.9,183.7,182.6,0.98,1.01,1.01,1.24,32.12904761904762,30.338260869565215,30.754545454545458,32.94714285714286,5.7,6.0,6.2,5.8,92.2602,91.6186,91.1185,91.2361,6073.8,6070.0,6049.1,5812.1,162104.0,161279.0,161245.0,158082.0,77.1489,76.5884,76.1369,76.0829,4.27,4.29,3.98,4.05,139.5,139.3,137.7,135.3,92.6,89.6,90.9,82.4,406.953,378.92,351.02,356.859,185.13333333333333,184.78333333333333,184.0,0.9966666666666666,1.0066666666666668,1.1275000000000002,31.191880607315397,30.70257089528829,31.120479265522167,5.833333333333333,5.983333333333333,5.991666666666667,92.03723333333333,91.6093,91.25768333333333,6073.099999999999,6075.866666666666,5988.075,161746.33333333334,161726.0,159726.66666666666,76.95026666666666,76.57565,76.22571666666666,4.286666666666666,4.26,4.015,139.23333333333335,138.65,138.125,91.96666666666665,90.63333333333333,87.625,391.9276666666667,377.586,363.50916666666666,-2.0000000000000018,-20.967741935483875,3.2811603076805307,9.056378095299689,-1.724137931034475,-4.999999999999993,0.029598982575618216,1.9841883950955763,-0.027981236112251118,5.0939543897290385,0.1532226176354401,2.8115506339149166,0.045906358808767145,2.309590716018195,-0.6976744186046546,5.955334987593042,0.4319654427645814,4.966139954853266,-1.1739594450373647,6.805074971164937,4.37100869431406,22.605748373101942,6.00869769965889,0.04278175639728321,0.20380372363427757,0.49999999999999994,0.8660254037844387,1,0,0,0,0.2702702702702675,-0.10804970286331095,0.3276897870016393,0.44004400440043057,0.0721012852236284,0.21744825762775774,0.16839413571577608,0.43126684636118906
2004-02-01,186.3,185.0,184.5,183.6,1.0,1.0,1.03,1.26,34.31,31.108333333333334,31.573809523809523,35.828421052631576,5.7,5.8,6.1,5.9,92.4006,92.2329,90.9197,91.3445,6082.1,6075.5,6107.1,5848.2,162100.0,161856.0,162380.0,155063.0,77.2806,77.1135,75.9832,76.2008,4.15,4.3,4.45,3.9,141.4,138.9,138.0,137.6,103.8,93.7,89.3,79.9,413.788,389.91,359.768,358.97,185.6,185.21666666666667,184.30833333333337,0.9933333333333333,1.005,1.1075000000000002,32.515793650793654,31.295146652864048,31.234050694093597,5.733333333333334,5.8999999999999995,5.983333333333333,92.29789999999998,91.82298333333334,91.35472499999999,6077.133333333334,6081.366666666668,6010.575000000001,162020.0,161868.5,160061.5,77.181,76.76626666666667,76.325525,4.239999999999999,4.288333333333333,4.023333333333333,139.93333333333334,139.26666666666668,138.63333333333335,96.7,92.78333333333335,89.40833333333335,403.55033333333336,388.04733333333337,368.25325,2.0408163265306145,-19.354838709677413,6.788101554742054,4.136495685730401,0.0,-1.724137931034475,0.1521782957331519,1.2763588097255418,0.13665250749119728,4.645480979336214,-0.0024675516952066268,2.5417188547715686,0.17070885002898883,1.5742039275579822,-2.810304449648693,2.4691358024691468,1.3620071684587787,4.508499630450835,12.095032397408211,25.970873786407743,1.679555132902344,15.952799284871633,6.025353765374274,0.01665606571538447,0.14801301959427526,0.8660254037844386,0.5000000000000001,1,0,0,0,0.43126684636118906,0.05408328826392861,0.4354926510615087,0.5476451259583737,0.25187346829846174,0.23471110085434935,0.16766270587917262,0.21470746108425143
2004-03-01,186.7,185.5,185.1,183.9,1.01,0.98,1.01,1.25,34.68473684210526,32.12904761904762,28.31142857142857,33.513333333333335,5.6,5.7,6.1,5.9,92.958,92.2602,91.5059,91.1044,6121.8,6073.8,6079.7,5868.4,162783.0,162104.0,161492.0,156703.0,77.7639,77.1489,76.483,76.0272,4.08,4.27,4.27,3.81,142.1,139.5,138.5,141.2,94.4,92.6,87.7,77.6,404.878,406.953,378.945,340.55,186.16666666666666,185.58333333333334,184.5666666666667,0.9966666666666667,1.0016666666666667,1.0866666666666667,33.70792815371763,31.813634539246667,31.13874367654974,5.666666666666667,5.816666666666666,5.958333333333333,92.53960000000001,92.16269999999999,91.48918333333334,6092.566666666667,6083.816666666667,6033.375,162329.0,161935.66666666666,160704.83333333334,77.3978,77.06305,76.45578333333334,4.166666666666667,4.226666666666667,4.038333333333333,141.0,139.95000000000002,139.00833333333333,96.93333333333334,93.63333333333333,90.61666666666666,408.5396666666666,395.5656666666667,372.07891666666666,1.0000000000000009,-19.84126984126984,1.0922088082345072,-3.1921144636718912,-1.7543859649122862,-5.084745762711873,0.6032428360854825,1.7663898756903773,0.6527350750562988,4.678362573099415,0.42134484885874013,4.97862159251401,0.6253833432970257,2.0512908000965835,-1.6867469879518149,4.615384615384621,0.4950495049504955,3.2703488372092915,-9.055876685934482,18.1476846057572,-2.1532765570775436,12.788812435579565,6.003585787158392,-0.021767978215882167,0.12034696762151054,1.0,6.123233995736766e-17,1,0,0,0,0.21470746108425143,0.2702702702702675,0.3252032520325132,0.16339869281045694,0.3054148592385693,0.19791356919147315,0.13991790047299577,0.2142474558114671
2004-04-01,187.1,186.3,184.9,183.2,1.0,1.0,1.01,1.26,36.74130434782609,34.31,30.338260869565215,28.17047619047619,5.8,5.7,6.0,6.0,92.5861,92.4006,91.6186,90.5617,6157.9,6082.1,6070.0,5905.5,165404.0,162100.0,161279.0,157780.0,77.4721,77.2806,76.5884,75.6028,3.83,4.15,4.29,3.96,143.1,141.4,139.3,136.8,95.8,103.8,89.6,86.0,406.667,413.788,378.92,328.18,186.70000000000002,185.91666666666666,184.83333333333334,1.0033333333333332,1.0,1.0658333333333334,35.245347063310454,33.21861383531292,31.407741261090806,5.7,5.766666666666667,5.949999999999999,92.64823333333334,92.34273333333333,91.61265833333333,6120.599999999999,6096.849999999999,6057.5,163429.0,162587.66666666666,161429.91666666666,77.50553333333333,77.22789999999999,76.57619166666666,4.02,4.153333333333333,4.04,142.2,140.71666666666667,139.16666666666666,98.0,94.98333333333333,92.13333333333334,408.4443333333333,400.186,377.5886666666666,-0.990099009900991,-19.999999999999996,5.929315580749273,9.631900779270186,3.571428571428581,-1.6949152542372947,-0.4000731513156497,1.626375894029275,0.5896958410924746,4.933201554086297,1.6101189927695048,5.552542070030575,-0.3752383818198535,1.900504030136596,-6.127450980392157,0.5249343832020914,0.703729767769179,1.3456090651558172,1.483050847457612,23.453608247422686,0.44186149901945804,19.4147702246366,6.007994668730988,0.004408881572596002,0.17743271104366087,0.8660254037844387,-0.49999999999999983,0,1,0,0,0.2142474558114671,0.43126684636118906,-0.10804970286331095,-0.38064165307233333,0.28674058775230254,0.17942093648796545,0.1441552973897466,0.16034206306787535
2004-05-01,187.4,186.7,185.0,182.9,1.0,1.01,1.0,1.26,36.75,34.68473684210526,31.108333333333334,28.108571428571427,5.6,5.6,5.8,6.1,92.93,92.958,92.2329,90.537,6198.9,6121.8,6075.5,5965.3,164012.0,162783.0,161856.0,158348.0,77.7807,77.7639,77.1135,75.6099,4.35,4.08,4.3,3.57,144.8,142.1,138.9,136.7,94.2,94.4,93.7,92.1,403.26,404.878,389.91,355.683,187.0666666666667,186.33333333333334,185.1833333333333,1.0033333333333332,0.9983333333333334,1.0441666666666667,36.05868039664379,34.28723702371872,32.12270157855112,5.666666666666667,5.7,5.916666666666667,92.8247,92.5613,91.81001666666667,6159.533333333333,6118.333333333333,6081.95,164066.33333333334,163043.16666666666,161949.25,77.67223333333332,77.42661666666667,76.75768333333333,4.086666666666666,4.163333333333333,4.0725,143.33333333333334,141.63333333333333,139.83333333333334,94.8,95.75,92.81666666666666,404.93499999999995,404.2426666666667,383.8453333333334,0.0,-20.63492063492064,0.023667238624924813,30.455728726461338,-3.4482758620689724,-6.666666666666677,0.3714380452357391,2.615123170170186,0.6658113967423995,4.968249936499869,-0.8415757780948496,3.9498035238940243,0.39833694968898214,2.880713412730729,13.577023498694496,9.84848484848484,1.1879804332634691,5.847953216374258,-1.6701461377870541,9.534883720930232,-0.8377861985358948,22.87768907306966,5.99958151520993,-0.008413153521058092,0.20601927686292587,0.49999999999999994,-0.8660254037844387,0,1,0,0,0.16034206306787535,0.21470746108425143,0.05408328826392861,-0.16375545851528006,0.19643232665453128,0.2241528974764965,0.18923727373476398,0.4268943436499306
2004-06-01,188.2,187.1,185.5,183.1,1.0,1.0,0.98,1.22,40.275,36.74130434782609,32.12904761904762,30.66238095238095,5.6,5.8,5.7,6.3,93.6013,92.5861,92.2602,90.6527,6275.7,6157.9,6073.8,6002.2,165296.0,165404.0,162104.0,160388.0,78.3623,77.4721,77.1489,75.7311,4.72,3.83,4.27,3.33,146.8,143.1,139.5,138.0,90.2,95.8,92.6,89.7,383.779,406.667,406.953,356.352,187.5666666666667,186.86666666666667,185.625,1.0,0.9983333333333334,1.0225,37.922101449275374,35.815014801496496,33.13657062617017,5.666666666666667,5.666666666666667,5.875,93.03913333333333,92.78936666666665,92.065375,6210.833333333333,6151.7,6107.816666666666,164904.0,163616.5,162528.25,77.87169999999999,77.63475,76.98705,4.3,4.233333333333333,4.168333333333333,144.9,142.95000000000002,140.675,93.39999999999999,95.16666666666667,92.65833333333335,397.902,403.2208333333333,386.1866666666667,0.0,-20.63492063492064,9.591836734693882,43.28369587314496,0.0,-8.196721311475407,0.7223716776067812,3.38458309862264,1.238929487489715,5.2034264831609445,0.78286954613076,4.387804077096025,0.7477433347861551,3.6402640394974872,8.505747126436791,32.212885154061624,1.3812154696132506,7.388441843452842,-4.24628450106157,-2.062975027144398,-4.830878341516643,7.899168641739984,5.950066866078709,-0.049514649131221056,0.07602698135048502,1.2246467991473532e-16,-1.0,0,1,0,0,0.4268943436499306,0.2142474558114671,0.2702702702702675,0.10934937124111865,0.2671612875097577,0.2862880733741635,0.23845809058186487,0.37194473963868546
2004-07-01,188.9,187.4,186.3,183.7,1.03,1.0,1.0,1.01,38.025238095238095,36.75,34.31,30.754545454545458,5.6,5.6,5.7,6.2,92.871,92.93,92.4006,91.1185,6277.9,6198.9,6082.1,6049.1,163646.0,164012.0,162100.0,161245.0,77.7669,77.7807,77.2806,76.1369,4.73,4.35,4.15,3.98,147.2,144.8,141.4,137.7,95.6,94.2,103.8,90.9,392.373,403.26,413.788,351.02,188.16666666666666,187.4333333333333,186.10833333333335,1.01,1.0066666666666666,1.0066666666666666,38.350079365079374,36.79771321419491,33.750142054741595,5.6,5.6499999999999995,5.816666666666667,93.13409999999999,92.89116666666666,92.25023333333333,6250.833333333333,6185.716666666667,6130.791666666667,164318.0,163873.5,162799.75,77.96996666666666,77.73775,77.1567,4.6,4.31,4.285,146.26666666666668,144.23333333333335,141.44166666666666,93.33333333333333,95.66666666666667,93.14999999999999,393.13733333333334,400.7908333333333,389.1884166666666,3.0000000000000027,-15.573770491803273,-5.586001004995412,24.01267257846593,0.0,-11.111111111111116,-0.7802242062877385,2.447031362551799,0.035055850343379547,4.593315784212448,-0.9982092730616565,2.031324039204918,-0.7598041405114442,2.6881954705530564,0.21186440677967155,42.04204204204205,0.27247956403269047,6.666666666666665,5.986696230598665,6.577480490523957,2.239309602661943,10.108263739224132,5.972212917984425,0.02214605190571639,0.09629391159263534,-0.4999999999999998,-0.8660254037844388,0,0,1,0,0.37194473963868546,0.16034206306787535,0.43126684636118906,0.3276897870016393,0.3197270487854971,0.30323381826889984,0.2603410379483288,0.10587612493382359
2004-08-01,189.1,188.2,186.7,184.5,1.26,1.0,1.01,1.03,40.77809523809524,40.275,34.68473684210526,31.573809523809523,5.5,5.6,5.6,6.1,93.5649,93.6013,92.958,90.9197,6291.1,6275.7,6121.8,6107.1,164823.0,165296.0,162783.0,162380.0,78.3594,78.3623,77.7639,75.9832,4.5,4.72,4.08,4.45,147.4,146.8,142.1,138.0,96.7,90.2,94.4,89.3,398.091,383.779,404.878,359.768,188.73333333333335,187.9,186.55833333333337,1.0966666666666667,1.05,1.0275,39.692777777777785,37.87572908721078,34.58543787003741,5.566666666666666,5.616666666666667,5.758333333333333,93.34573333333333,93.08521666666667,92.4541,6281.566666666667,6220.55,6150.958333333333,164588.33333333334,164327.33333333334,163097.91666666666,78.16286666666667,77.91755,77.34190833333334,4.6499999999999995,4.368333333333333,4.328333333333334,147.13333333333333,145.23333333333332,142.25,94.16666666666667,94.48333333333333,93.63333333333334,391.41433333333333,398.1746666666666,393.11100000000005,22.330097087378633,24.752475247524753,7.239552678045924,32.5920921132272,-1.7857142857142794,-11.290322580645162,0.747165423006102,2.6848554355043186,0.21026139314102021,4.000595129854023,0.7192354228028774,2.2189835343731534,0.7618922703617859,2.919083913319298,-4.862579281183943,13.065326633165819,0.13586956521740579,7.044299201161963,1.1506276150627714,6.380638063806376,1.4572868163711616,13.409777220671204,5.9866806223656415,0.014467704381216251,0.12583742046609725,-0.8660254037844384,-0.5000000000000004,0,0,1,0,0.10587612493382359,0.4268943436499306,0.21470746108425143,0.4354926510615087,0.30157173607414656,0.24900203136433893,0.24185656610934414,0.052882072977267214
2004-09-01,189.2,188.9,187.1,185.1,1.43,1.03,1.0,1.01,44.90318181818182,38.025238095238095,36.74130434782609,28.31142857142857,5.4,5.6,5.8,6.1,93.6277,92.871,92.5861,91.5059,6317.8,6277.9,6157.9,6079.7,164478.0,163646.0,165404.0,161492.0,78.4167,77.7669,77.4721,76.483,4.28,4.73,3.83,4.27,148.0,147.2,143.1,138.5,95.9,95.6,95.8,87.7,400.51,392.373,406.667,378.945,189.0666666666667,188.3166666666667,186.94999999999996,1.24,1.1199999999999999,1.0608333333333333,41.23550505050506,39.57880324989021,35.69621889456844,5.5,5.583333333333333,5.7,93.35453333333334,93.19683333333334,92.67976666666668,6295.599999999999,6253.216666666666,6168.516666666666,164315.66666666666,164609.83333333334,163272.75,78.181,78.02635,77.54469999999999,4.503333333333334,4.401666666666666,4.314166666666666,147.53333333333333,146.21666666666667,143.08333333333334,96.06666666666668,94.73333333333335,94.18333333333332,396.9913333333334,397.44666666666666,396.5061666666666,13.492063492063489,38.83495145631066,10.115937382560446,42.216547497446385,-1.8181818181818077,-11.475409836065564,0.06711918678907747,2.9784524146032165,0.42440908585144044,3.450082690638756,-0.2093154474800185,1.2920310383052191,0.07312460279176314,3.202681645416372,-4.8888888888888875,-3.8202247191011174,0.407055630936215,7.246376811594213,-0.8273009307135482,7.3908174692049355,0.6076500096711568,11.324520246380999,5.992738734985712,0.006058112620070943,0.1072793557235796,-1.0,-1.8369701987210297e-16,0,0,1,0,0.052882072977267214,0.37194473963868546,0.2142474558114671,0.3252032520325132,0.17690097918325876,0.22203113334650823,0.2099723512689907,0.3171247357294016
2004-10-01,189.8,189.1,187.4,184.9,1.61,1.26,1.0,1.01,45.93571428571428,40.77809523809524,36.75,30.338260869565215,5.4,5.5,5.6,6.0,93.7467,93.5649,92.93,91.6186,6352.2,6291.1,6198.9,6070.0,167253.0,164823.0,164012.0,161279.0,78.5109,78.3594,77.7807,76.5884,4.13,4.5,4.35,4.29,147.7,147.4,144.8,139.3,94.2,96.7,94.2,89.6,405.275,398.091,403.26,378.92,189.36666666666667,188.76666666666665,187.34166666666667,1.4333333333333333,1.2216666666666667,1.1108333333333333,43.872330447330455,41.111204906204904,37.16490937075891,5.433333333333334,5.516666666666667,5.641666666666667,93.64643333333333,93.39026666666666,92.86650000000002,6320.366666666666,6285.599999999999,6191.224999999999,165518.0,164918.0,163752.83333333334,78.42899999999999,78.19948333333333,77.71369166666666,4.303333333333334,4.451666666666666,4.3025,147.70000000000002,146.98333333333332,143.85,95.60000000000001,94.46666666666668,94.72500000000001,401.292,397.2146666666667,398.7003333333334,12.587412587412604,59.405940594059416,2.2994639259937166,62.25148854576648,0.0,-11.475409836065564,0.12709913839601406,2.448803847620762,0.5444933362879434,4.482129052420358,1.6871557290336625,3.567359373838941,0.12012747284697589,2.651438881843027,-3.5046728971962704,-3.2786885245901565,-0.20270270270270618,6.642599277978323,-1.7726798748696537,7.411630558722915,1.1897330903098524,6.948237870931129,6.004565849027637,0.011827114041924602,0.0671747732094623,-0.8660254037844386,0.5000000000000001,0,0,0,1,0.3171247357294016,0.10587612493382359,0.16034206306787535,-0.10804970286331095,0.1586276445468308,0.23917734666616397,0.20929914157706472,0.5268703898840821
2004-11-01,190.8,189.2,188.2,185.0,1.76,1.43,1.0,1.0,53.28047619047619,44.90318181818182,40.275,31.108333333333334,5.5,5.4,5.6,5.8,94.5465,93.6277,93.6013,92.2329,6379.8,6317.8,6275.7,6075.5,166916.0,164478.0,165296.0,161856.0,79.1635,78.4167,78.3623,77.1135,4.1,4.28,4.72,4.3,150.0,148.0,146.8,138.9,91.7,95.9,90.2,93.7,420.464,400.51,383.779,389.91,189.9333333333333,189.33333333333334,187.83333333333334,1.5999999999999999,1.3483333333333334,1.1733333333333333,48.03979076479078,43.866284271284265,39.076760647501494,5.433333333333334,5.5,5.6000000000000005,93.97363333333334,93.65968333333332,93.11049166666668,6349.933333333333,6315.75,6217.041666666667,166215.66666666666,165402.0,164222.58333333334,78.69703333333332,78.42995,77.92828333333334,4.17,4.41,4.286666666666666,148.5666666666667,147.85,144.74166666666667,93.93333333333334,94.05,94.89999999999999,408.74966666666666,400.08200000000005,402.1623333333334,9.316770186335388,74.25742574257426,15.98921888767948,75.62139247054265,1.8518518518518379,-8.333333333333337,0.8531500308810669,3.1957484615569243,0.4344951355435889,5.103789126853386,-0.2014911541198039,3.4951853620124096,0.8312221615087712,3.3622585143442185,-0.7263922518159882,-4.428904428904435,1.5572105619499066,7.681263460157917,-2.6539278131634814,2.34375,3.7478255505521085,10.963791829409896,6.0413588633818245,0.03679301435418747,0.10403376237449091,-0.5000000000000004,0.8660254037844384,0,0,0,1,0.5268703898840821,0.052882072977267214,0.4268943436499306,0.05408328826392861,0.298959066196917,0.30026540113553174,0.26220914930601413,0.4716981132075304
2004-12-01,191.7,189.8,188.9,185.5,1.93,1.61,1.03,0.98,48.469,45.93571428571428,38.025238095238095,32.12904761904762,5.4,5.4,5.6,5.7,94.7813,93.7467,92.871,92.2602,6406.3,6352.2,6277.9,6073.8,167199.0,167253.0,163646.0,162104.0,79.3296,78.5109,77.7669,77.1489,4.19,4.13,4.73,4.27,151.4,147.7,147.2,139.5,92.8,94.2,95.6,92.6,439.375,405.275,392.373,406.953,190.76666666666665,189.91666666666666,188.39166666666665,1.7666666666666668,1.5033333333333332,1.2508333333333332,49.228396825396835,45.231950937950934,40.523482869723715,5.433333333333334,5.466666666666666,5.566666666666666,94.35816666666666,93.85635,93.32285833333333,6379.433333333334,6337.516666666667,6244.608333333334,167122.66666666666,165719.16666666666,164667.83333333334,79.00133333333333,78.59116666666667,78.11295833333334,4.14,4.321666666666666,4.2775,149.70000000000002,148.61666666666667,145.78333333333333,92.89999999999999,94.48333333333333,94.82499999999999,421.7046666666667,409.348,406.2844166666667,9.659090909090896,93.0,-9.030467695662669,55.80712563621753,-1.8181818181818077,-6.896551724137923,0.24834340774118058,2.763005391785356,0.41537352268095074,5.444819356431574,0.16954635864745438,3.3010824436536135,0.20981891907254635,2.8738158688167426,2.1951219512195363,-2.5581395348837077,0.9333333333333416,8.999280057595382,1.1995637949836269,-0.9605122732123883,4.49765021500057,12.68626093200995,6.085353262564929,0.04399439918310488,0.11943731930332291,-2.4492935982947064e-16,1.0,0,0,0,1,0.4716981132075304,0.3171247357294016,0.37194473963868546,0.2702702702702675,0.43856441294033804,0.30773269606179837,0.29701038471798097,0.0
2005-01-01,191.7,190.8,189.1,186.3,2.16,1.76,1.26,1.0,43.14952380952381,53.28047619047619,40.77809523809524,34.31,5.4,5.5,5.5,5.7,95.5365,94.5465,93.5649,92.4006,6424.5,6379.8,6291.1,6082.1,169365.0,166916.0,164823.0,162100.0,79.9179,79.1635,78.3594,77.2806,4.23,4.1,4.5,4.15,150.2,150.0,147.4,141.4,97.1,91.7,96.7,103.8,442.079,420.464,398.091,413.788,191.4,190.38333333333333,188.9083333333333,1.95,1.6916666666666667,1.3491666666666664,48.299666666666674,46.08599855699856,41.44185588559673,5.433333333333334,5.433333333333334,5.541666666666667,94.95476666666667,94.30059999999999,93.59588333333335,6403.533333333333,6361.95,6273.833333333333,167826.66666666666,166672.33333333334,165272.91666666666,79.47033333333333,78.94966666666666,78.34370833333334,4.173333333333333,4.238333333333333,4.274166666666667,150.53333333333333,149.11666666666665,146.67499999999998,93.86666666666667,94.73333333333333,95.2,433.9726666666667,417.6323333333333,409.2115833333333,11.917098445595876,120.40816326530614,-10.975007098302413,34.30066250685479,0.0,-5.263157894736836,0.7967816436364572,3.551152067738861,0.2840953436460847,5.773980045441074,1.2954622934347793,4.479223214726358,0.741589520179109,3.589163293319819,0.9546539379474916,-0.9367681498828828,-0.79260237780715,7.670250896057329,4.63362068965516,4.859611231101502,0.6154196301564774,8.631463584246845,6.091488599138527,0.006135336573597883,0.08279089947963758,0.49999999999999994,0.8660254037844387,1,0,0,0,0.0,0.5268703898840821,0.10587612493382359,0.43126684636118906,0.33285616769720416,0.2457419061220175,0.2744878621954587,-0.052164840897228615
2005-02-01,191.6,191.7,189.2,186.7,2.28,1.93,1.43,1.01,46.837,48.469,44.90318181818182,34.68473684210526,5.3,5.4,5.4,5.6,95.8801,94.7813,93.6277,92.958,6430.8,6406.3,6317.8,6121.8,167678.0,167199.0,164478.0,162783.0,80.1494,79.3296,78.4167,77.7639,4.22,4.19,4.28,4.08,150.9,151.4,148.0,142.1,95.5,92.8,95.9,94.4,424.03,439.375,400.51,404.878,191.66666666666666,190.79999999999998,189.35,2.1233333333333335,1.8616666666666666,1.4558333333333333,46.15184126984127,47.09581601731602,42.4857725522634,5.366666666666667,5.3999999999999995,5.508333333333333,95.3993,94.68646666666667,93.88584166666665,6420.533333333334,6385.233333333334,6302.891666666666,168080.66666666666,167148.16666666666,165737.75,79.79896666666667,79.248,78.58277500000001,4.213333333333333,4.191666666666667,4.28,150.83333333333334,149.7,147.46666666666667,95.13333333333333,94.53333333333332,94.50833333333334,435.1613333333333,421.95550000000003,410.06508333333335,5.555555555555536,127.99999999999999,8.545809698280626,36.5112212183037,-1.85185185185186,-7.017543859649134,0.3596531168715611,3.7656681883018184,0.09806210600047383,5.733217145393854,-0.996073568919198,3.4410857495373204,0.28967227617342495,3.7121864995872,-0.23640661938535423,1.6867469879517927,0.46604527296938425,6.718528995756712,-1.6477857878475777,-7.996146435452789,-4.082754439817327,2.4751805272264837,6.049804207445942,-0.04168439169258509,0.02445044207166802,0.8660254037844386,0.5000000000000001,1,0,0,0,-0.052164840897228615,0.4716981132075304,0.052882072977267214,0.21470746108425143,0.13984442410343392,0.21940174515017544,0.23420188825725718,0.41753653444676075
2005-03-01,192.4,191.7,189.8,187.1,2.5,2.16,1.61,1.0,48.148947368421055,43.14952380952381,45.93571428571428,36.74130434782609,5.4,5.4,5.4,5.8,96.5761,95.5365,93.7467,92.5861,6438.9,6424.5,6352.2,6157.9,169079.0,169365.0,167253.0,165404.0,80.6584,79.9179,78.5109,77.4721,4.17,4.23,4.13,3.83,151.6,150.2,147.7,143.1,94.1,97.1,94.2,95.8,423.35,442.079,405.275,406.667,191.9,191.33333333333334,189.82500000000002,2.313333333333333,2.0399999999999996,1.58,46.04515705931496,47.63677694235589,43.60779009612305,5.366666666666667,5.400000000000001,5.491666666666667,95.99756666666667,95.17786666666667,94.18735,6431.400000000001,6405.416666666667,6329.316666666667,168707.33333333334,167915.0,166262.41666666666,80.2419,79.62161666666667,78.82398333333333,4.206666666666666,4.173333333333333,4.2875000000000005,150.9,150.29999999999998,148.25833333333333,95.56666666666666,94.23333333333333,94.48333333333333,429.8196666666667,425.76216666666664,411.6044166666666,9.649122807017552,147.5247524752475,2.8010918043876565,38.8188343120742,1.8867924528301883,-3.5714285714285587,0.7259066271311676,3.8921878697906642,0.1259563351371451,5.179849064000774,0.8355300039361246,3.8677257453173963,0.635064017946485,3.722164140430184,-1.1848341232227444,2.2058823529411686,0.46388336646785433,6.685432793807178,-1.465968586387445,-0.31779661016950733,-0.16036601183877508,4.562361995465314,6.048199260088286,-0.001604947357655817,0.04461347292989437,1.0,6.123233995736766e-17,1,0,0,0,0.41753653444676075,0.0,0.3171247357294016,0.2142474558114671,0.12179056451651071,0.28017748872842435,0.2511043110374663,0.36382536382535413
2005-04-01,193.1,191.6,190.8,187.4,2.63,2.28,1.76,1.0,54.186818181818175,46.837,53.28047619047619,36.75,5.2,5.3,5.5,5.6,96.4456,95.8801,94.5465,92.93,6448.3,6430.8,6379.8,6198.9,168917.0,167678.0,166916.0,164012.0,80.4638,80.1494,79.1635,77.7807,4.5,4.22,4.1,4.35,153.7,150.9,150.0,144.8,92.6,95.5,91.7,94.2,433.85,424.03,420.464,403.26,192.36666666666667,191.88333333333333,190.32499999999996,2.4699999999999998,2.21,1.7158333333333333,49.724255183413085,49.01196092503988,45.06158291562239,5.300000000000001,5.366666666666667,5.441666666666666,96.30059999999999,95.62768333333334,94.508975,6439.333333333333,6421.433333333334,6353.516666666666,168558.0,168192.33333333334,166555.16666666666,80.42386666666665,79.9471,79.07329166666666,4.296666666666666,4.235,4.343333333333334,152.06666666666666,151.29999999999998,149.14166666666668,94.06666666666666,93.96666666666665,94.21666666666665,427.07666666666665,430.52466666666663,413.8696666666667,5.200000000000005,163.0,12.53998507422638,47.48202096702183,-3.703703703703709,-10.344827586206895,-0.1351265996452522,4.168552298887196,0.1459876687011752,4.715893405219318,-0.09581319974686364,2.1238905951488585,-0.24126439403706623,3.861648257888972,7.913669064748197,17.493472584856384,1.385224274406327,7.407407407407396,-1.5940488841657774,-3.3402922755741193,2.480217314278965,6.68433878332888,6.0726988522394985,0.024499592151212113,0.06470418350851048,0.8660254037844387,-0.49999999999999983,0,1,0,0,0.36382536382535413,-0.052164840897228615,0.5268703898840821,0.16034206306787535,0.24306568579162877,0.2879609267444165,0.2635691367052902,0.31071983428274663
2005-05-01,193.7,192.4,191.7,188.2,2.79,2.5,1.93,1.0,52.97904761904762,48.148947368421055,48.469,40.275,5.2,5.4,5.4,5.6,96.6532,96.5761,94.7813,93.6013,6461.8,6438.9,6406.3,6275.7,169914.0,169079.0,167199.0,165296.0,80.5421,80.6584,79.3296,78.3623,4.34,4.17,4.19,4.72,155.0,151.6,151.4,146.8,87.7,94.1,92.8,90.2,429.233,423.35,439.375,383.779,193.06666666666663,192.36666666666667,190.85000000000002,2.64,2.3816666666666664,1.8650000000000002,51.771604389762295,48.96172282980177,46.41400355054302,5.266666666666667,5.316666666666667,5.408333333333334,96.55829999999999,95.97879999999999,94.81924166666666,6449.666666666667,6435.099999999999,6375.425,169303.33333333334,168692.0,167047.0,80.55476666666668,80.17686666666667,79.30340833333334,4.336666666666666,4.2749999999999995,4.3425,153.4333333333333,152.13333333333333,149.99166666666665,91.46666666666665,93.3,93.675,428.811,431.98616666666663,416.0340833333333,6.083650190114076,179.0,-2.2289010561904687,44.160673793326865,0.0,-7.142857142857128,0.21525087717841895,4.006456472613795,0.20935750507886652,4.241075029440711,0.5902307050208,3.598517181669636,0.0973108404027645,3.550238041056475,-3.5555555555555562,-0.22988505747125743,0.8458035133376729,7.044198895027609,-5.291576673866083,-6.900212314225051,-1.0641926933271928,6.440757823736543,6.0619998950329315,-0.010698957206566995,0.06241837982300158,0.49999999999999994,-0.8660254037844387,0,1,0,0,0.31071983428274663,0.41753653444676075,0.4716981132075304,0.4268943436499306,0.36402724418495386,0.2519358341441939,0.2761006176398628,-0.05162622612286949
2005-06-01,193.6,193.1,191.7,188.9,3.0,2.63,2.16,1.03,49.83380952380952,54.186818181818175,43.14952380952381,38.025238095238095,5.1,5.2,5.4,5.6,96.7402,96.4456,95.5365,92.871,6479.0,6448.3,6424.5,6277.9,169025.0,168917.0,169365.0,163646.0,80.5094,80.4638,79.9179,77.7669,4.14,4.5,4.23,4.73,154.3,153.7,150.2,147.2,86.9,92.6,97.1,95.6,421.873,433.85,442.079,392.373,193.46666666666667,192.6833333333333,191.29999999999998,2.8066666666666666,2.56,2.0316666666666667,52.333225108225115,49.18919108377003,47.210571010860484,5.166666666666667,5.266666666666667,5.366666666666667,96.613,96.30528333333335,95.08081666666668,6463.033333333333,6447.216666666667,6392.366666666668,169285.33333333334,168996.33333333334,167357.75,80.50510000000001,80.37349999999999,79.48233333333333,4.326666666666667,4.266666666666667,4.2941666666666665,154.33333333333334,152.61666666666665,150.61666666666667,89.06666666666666,92.31666666666666,93.39999999999999,428.31866666666673,429.06916666666666,419.2085833333333,7.526881720430101,200.0,-5.936758466959091,23.733853566255792,-1.9230769230769384,-8.92857142857143,0.09001253967795275,3.3534790649275337,0.26617970225013554,3.2394792612776335,-0.5232058570806442,2.255952957119356,-0.040599885029080074,2.739965519133558,-4.608294930875578,-12.288135593220339,-0.4516129032257954,5.108991825613085,-0.9122006841505104,-3.658536585365846,-1.7146864290490282,9.926025134256955,6.044704320874816,-0.017295574158115556,0.09463745479610708,1.2246467991473532e-16,-1.0,0,1,0,0,-0.05162622612286949,0.36382536382535413,0.0,0.37194473963868546,0.20763965732841042,0.16471511092246058,0.2362239034921295,0.05165289256197081
2005-07-01,193.7,193.7,191.6,189.1,3.04,2.79,2.28,1.26,56.35227272727273,52.97904761904762,46.837,40.77809523809524,5.0,5.2,5.3,5.5,97.1753,96.6532,95.8801,93.5649,6511.7,6461.8,6430.8,6291.1,174093.0,169914.0,167678.0,164823.0,80.7567,80.5421,80.1494,78.3594,4.0,4.34,4.22,4.5,154.3,155.0,150.9,147.4,96.0,87.7,95.5,96.7,430.657,429.233,424.03,398.091,193.66666666666666,193.01666666666665,191.69999999999996,2.9433333333333334,2.7066666666666666,2.1991666666666667,53.055043290043294,51.38964923672819,48.73782389686337,5.1000000000000005,5.2,5.316666666666667,96.85623333333332,96.57841666666667,95.43950833333334,6484.166666666667,6461.75,6411.849999999999,171010.66666666666,169784.33333333334,168228.33333333334,80.60273333333333,80.5133,79.73148333333334,4.16,4.228333333333333,4.233333333333333,154.53333333333333,153.29999999999998,151.20833333333334,90.2,92.13333333333333,93.43333333333334,427.2543333333333,427.1655,422.3989166666667,1.333333333333342,195.14563106796118,13.08040317557666,48.19702794794527,-1.9607843137254832,-10.71428571428571,0.44976131949281406,4.6347083589064475,0.5047075165920623,3.724175281543185,2.998373021742351,6.3839018368918365,0.30716910075097026,3.844566261481419,-3.3816425120772875,-15.433403805496837,0.0,4.823369565217406,10.471806674338314,0.4184100418409997,2.0821432042344545,9.757042406077886,6.065311949602092,0.020607628727276506,0.0930990316176672,-0.4999999999999998,-0.8660254037844388,0,0,1,0,0.05165289256197081,0.31071983428274663,-0.052164840897228615,0.10587612493382359,0.10358216690728266,0.1733239263494557,0.20953291623573658,0.6195147134744561
2005-08-01,194.9,193.6,192.4,189.2,3.26,3.0,2.5,1.43,58.99550000000001,49.83380952380952,48.148947368421055,44.90318181818182,5.0,5.1,5.4,5.4,96.8676,96.7402,96.5761,93.6277,6543.5,6479.0,6438.9,6317.8,174207.0,169025.0,169079.0,164478.0,80.3802,80.5094,80.6584,78.4167,4.18,4.14,4.17,4.28,156.3,154.3,151.6,148.0,96.5,86.9,94.1,95.9,424.479,421.873,423.35,400.51,194.0666666666667,193.56666666666663,192.1833333333333,3.1,2.8699999999999997,2.3658333333333332,55.06052741702743,53.41606590339486,50.255940960355424,5.033333333333333,5.1499999999999995,5.275,96.9277,96.743,95.71473333333334,6511.400000000001,6480.533333333333,6432.883333333334,172441.66666666666,170872.5,169010.33333333334,80.54876666666667,80.55176666666667,79.89988333333334,4.1066666666666665,4.221666666666667,4.206666666666666,154.96666666666667,154.20000000000002,151.95000000000002,93.13333333333333,92.3,93.41666666666667,425.66966666666667,427.24033333333335,424.5979166666666,7.2368421052631415,158.7301587301587,4.690542448074231,44.674486769273905,0.0,-9.090909090909093,-0.31664425013351316,3.5298493345260917,0.4883517361057743,4.0120169763634195,0.0654822422498258,5.693380171456663,-0.4662151870990172,2.578886515210699,4.499999999999993,-7.1111111111111125,1.2961762799740706,6.0379918588873815,0.5208333333333259,-0.20682523267838704,-1.4345523235428703,6.628635161307339,6.050862534563058,-0.014449415039034186,0.06418191219741676,-0.8660254037844384,-0.5000000000000004,0,0,1,0,0.6195147134744561,-0.05162622612286949,0.41753653444676075,0.052882072977267214,0.20651379330451913,0.28527051874473647,0.25233613194745597,0.6157003591585442
2005-09-01,196.1,193.7,193.1,189.8,3.5,3.04,2.63,1.61,64.98521739130435,56.35227272727273,54.186818181818175,45.93571428571428,4.9,5.0,5.2,5.4,97.1833,97.1753,96.4456,93.7467,6576.3,6511.7,6448.3,6352.2,171140.0,174093.0,168917.0,167253.0,80.5172,80.7567,80.4638,78.5109,4.26,4.0,4.5,4.13,157.6,154.3,153.7,147.7,89.1,96.0,92.6,94.2,437.93,430.657,433.85,405.275,194.9,194.1833333333333,192.75833333333333,3.266666666666667,3.0366666666666666,2.538333333333333,60.11099670619237,56.22211090720873,51.92944392478231,4.966666666666667,5.066666666666667,5.233333333333333,97.07539999999999,96.8442,96.01103333333333,6543.833333333333,6503.433333333333,6454.425,173146.66666666666,171216.0,169565.5,80.55136666666665,80.52823333333333,80.074925,4.146666666666666,4.236666666666667,4.205,156.0666666666667,155.20000000000002,152.75,93.86666666666667,91.46666666666665,92.84999999999998,431.022,429.6703333333333,427.71625,7.361963190184051,144.75524475524475,10.152837744072585,44.72296786102377,-1.9999999999999907,-9.259259259259256,0.32590876619220666,3.797594088074363,0.5012607931535129,4.091614169489377,-1.7605492316611793,4.050389717773806,0.17043998397614502,2.678638606317274,1.9138755980861344,-0.4672897196261738,0.8317338451695244,6.486486486486487,-7.66839378238342,-7.090719499478637,3.1688257840788436,9.343087563356733,6.082059080252694,0.031196545689636146,0.08932034526698196,-1.0,-1.8369701987210297e-16,0,0,1,0,0.6157003591585442,0.05165289256197081,0.36382536382535413,0.3171247357294016,0.42895598839832366,0.31829782286336705,0.29923765579589573,1.37684854665987
2005-10-01,198.8,194.9,193.7,190.8,3.62,3.26,2.79,1.76,65.58666666666666,58.99550000000001,52.97904761904762,53.28047619047619,5.0,5.0,5.2,5.5,95.3005,96.8676,96.6532,94.5465,6610.1,6543.5,6461.8,6379.8,169316.0,174207.0,169914.0,166916.0,78.8319,80.3802,80.5421,79.1635,4.2,4.18,4.34,4.1,162.2,156.3,155.0,150.0,76.9,96.5,87.7,91.7,456.048,424.479,429.233,420.464,196.6,195.13333333333333,193.50833333333333,3.4599999999999995,3.2016666666666667,2.705833333333333,63.189128019323675,58.122085654683474,53.56702328986167,4.966666666666667,5.033333333333334,5.2,96.45046666666667,96.65335,96.14051666666666,6576.633333333334,6530.400000000001,6475.916666666667,171554.33333333334,171282.5,169737.41666666666,79.90976666666667,80.25625000000001,80.101675,4.213333333333333,4.1866666666666665,4.210833333333333,158.70000000000002,156.61666666666665,153.95833333333334,87.5,88.85000000000001,91.40833333333332,439.4856666666667,433.37000000000006,431.9473333333333,3.4285714285714253,124.84472049689441,0.9255170629663745,42.77924635878296,2.0408163265306145,-7.407407407407418,-1.9373698979145648,1.6574450087309733,0.5139668202484682,4.060010704952632,-1.0657940867126348,1.2334606853090735,-2.0930931527673557,0.40886042574979076,-1.4084507042253391,1.6949152542373058,2.918781725888331,9.817197020988488,-13.69248035914702,-18.365180467091292,4.137190875254038,12.528036518413433,6.122598067132503,0.040538986879808725,0.11803221810486608,-0.8660254037844386,0.5000000000000001,0,0,0,1,1.37684854665987,0.6195147134744561,0.31071983428274663,0.5268703898840821,0.8706878730976234,0.48713502000245307,0.3875479733734348,0.15090543259557165
2005-11-01,199.1,196.1,193.6,191.7,3.78,3.5,3.0,1.93,62.260000000000005,64.98521739130435,49.83380952380952,48.469,5.0,4.9,5.1,5.4,96.4572,97.1833,96.7402,94.7813,6643.9,6576.3,6479.0,6406.3,169138.0,171140.0,169025.0,167199.0,79.6607,80.5172,80.5094,79.3296,4.46,4.26,4.14,4.19,166.2,157.6,154.3,151.4,74.2,89.1,86.9,92.8,469.898,437.93,421.873,439.375,198.0,196.03333333333333,194.20000000000002,3.6333333333333333,3.3666666666666667,2.874166666666667,64.27729468599034,59.66891105150887,54.31531694065532,4.966666666666667,5.0,5.158333333333334,96.31366666666668,96.62068333333333,96.29974166666666,6610.099999999999,6560.75,6497.925,169864.66666666666,171153.16666666666,169922.58333333334,79.66993333333335,80.10934999999999,80.14310833333333,4.306666666666666,4.206666666666667,4.240833333333334,162.0,158.48333333333335,155.30833333333334,80.06666666666666,86.60000000000001,89.95,454.62533333333334,440.1475,436.0668333333333,4.41988950276242,114.77272727272725,-5.072169140069105,16.85330997685206,0.0,-9.090909090909093,1.2137396970635095,2.0209103457029087,0.5113387089453969,4.139628201511014,-0.10512887145928129,1.33120851206594,1.0513510393635128,0.6280672279522781,6.190476190476191,8.780487804878057,2.4660912453760897,10.799999999999986,-3.5110533159948054,-19.083969465648853,3.0369610216468557,11.757011301799913,6.152515649874983,0.029917582742480242,0.11115678649315885,-0.5000000000000004,0.8660254037844384,0,0,0,1,0.15090543259557165,0.6157003591585442,-0.05162622612286949,0.4716981132075304,0.7144847794713286,0.46049928638792387,0.3562175602660589,-0.5022601707684538
2005-12-01,198.1,198.8,193.7,191.7,4.0,3.62,3.04,2.16,58.322500000000005,65.58666666666666,56.35227272727273,43.14952380952381,5.0,5.0,5.0,5.4,97.5414,95.3005,97.1753,95.5365,6660.7,6610.1,6511.7,6424.5,171489.0,169316.0,174093.0,169365.0,80.426,78.8319,80.7567,79.9179,4.54,4.2,4.0,4.23,163.7,162.2,154.3,150.2,81.6,76.9,96.0,97.1,476.666,456.048,430.657,442.079,198.66666666666666,196.78333333333333,194.73333333333332,3.8000000000000003,3.533333333333333,3.046666666666667,62.0563888888889,61.08369279754063,55.136441940655324,5.0,4.983333333333333,5.125,96.43303333333334,96.75421666666666,96.52974999999999,6638.233333333334,6591.033333333333,6519.125,169981.0,171563.83333333334,170280.08333333334,79.63953333333335,80.09545000000001,80.234475,4.3999999999999995,4.273333333333333,4.2700000000000005,164.0333333333333,160.04999999999998,156.33333333333334,77.56666666666666,85.71666666666668,89.01666666666667,467.5373333333334,449.2796666666666,439.1744166666667,5.820105820105836,107.25388601036272,-6.324285255380657,20.3294889517011,0.0,-7.407407407407418,1.1240218459586115,2.9120723180627417,0.25286352895137476,3.971090957338874,1.3899892395558666,2.565804819406825,0.9606995670387031,1.3820818458683881,1.7937219730941756,8.353221957040557,-1.5042117930204602,8.124174372523107,9.97304582210241,-12.06896551724138,1.4403125784744786,8.487283072546226,6.166816035983467,0.014300386108483387,0.08146277341853736,-2.4492935982947064e-16,1.0,0,0,0,1,-0.5022601707684538,1.37684854665987,0.05165289256197081,0.0,0.34183126949566267,0.3853936289469932,0.27505436993472687,0.0
2006-01-01,198.1,199.1,194.9,191.6,4.16,3.78,3.26,2.28,59.411904761904765,62.260000000000005,58.99550000000001,46.837,4.9,5.0,5.0,5.3,98.0452,96.4572,96.8676,95.8801,6687.8,6643.9,6543.5,6430.8,171577.0,169138.0,174207.0,167678.0,80.7109,79.6607,80.3802,80.1494,4.47,4.46,4.18,4.22,163.0,166.2,156.3,150.9,91.5,74.2,96.5,95.5,510.097,469.898,424.479,424.03,198.4333333333333,197.51666666666665,195.26666666666668,3.9800000000000004,3.72,3.213333333333333,59.998134920634925,61.59363146997929,56.49164035335374,4.966666666666667,4.966666666666667,5.083333333333333,97.34793333333333,96.89920000000001,96.73880833333332,6664.133333333332,6620.383333333334,6541.066666666667,170734.66666666666,171144.5,170464.41666666666,80.26586666666667,80.08781666666667,80.30055833333333,4.489999999999999,4.351666666666667,4.29,164.29999999999998,161.5,157.4,82.43333333333334,84.96666666666667,88.55000000000001,485.5536666666667,462.51966666666675,444.8425833333333,4.0000000000000036,92.59259259259258,1.8678979157353615,37.68843666541595,-1.9999999999999907,-9.259259259259256,0.5164986354512013,2.6259073757150198,0.40686414340835864,4.098373414273482,0.05131524470958215,1.306054970035131,0.35423867903412454,0.9922683153586354,-1.541850220264318,5.673758865248213,-0.42761148442271857,8.521970705725712,12.132352941176471,-5.767250257466527,7.013506312596229,15.385937807495932,6.234600903711822,0.06778486772835546,0.14311230457329494,0.49999999999999994,0.8660254037844387,1,0,0,0,0.0,0.15090543259557165,0.6195147134744561,-0.052164840897228615,-0.11711824605762737,0.37678481351999804,0.27505436993472687,0.6057546693589266
2006-02-01,199.3,198.1,196.1,192.4,4.29,4.0,3.5,2.5,65.485,58.322500000000005,64.98521739130435,48.148947368421055,4.7,5.0,4.9,5.4,98.1999,97.5414,97.1833,96.5761,6730.1,6660.7,6576.3,6438.9,175446.0,171489.0,171140.0,169079.0,80.7078,80.426,80.5172,80.6584,4.42,4.54,4.26,4.17,164.3,163.7,157.6,151.6,91.2,81.6,89.1,94.1,549.864,476.666,437.93,423.35,198.5,198.25,195.90833333333333,4.15,3.891666666666667,3.380833333333333,61.073134920634935,62.67521480331263,58.04564035335374,4.866666666666667,4.916666666666667,5.033333333333334,97.92883333333333,97.12124999999999,96.932125,6692.866666666668,6651.483333333334,6566.008333333332,172837.33333333334,171351.0,171111.75,80.61489999999999,80.14241666666668,80.34709166666667,4.476666666666667,4.391666666666667,4.306666666666667,163.66666666666666,162.83333333333334,158.51666666666668,88.10000000000001,84.08333333333333,88.19166666666666,512.209,483.4171666666666,455.32875000000007,3.125,88.15789473684212,10.222017392698257,39.81467643102674,-4.081632653061229,-11.32075471698113,0.15778436884212876,2.4194801632455576,0.6324949908789179,4.654164334141941,2.254964243459212,4.632688844094046,-0.0038408690771540854,0.6966989147766611,-1.118568232662187,4.739336492891,0.7975460122699563,8.880053015241884,-0.3278688524590123,-4.502617801047116,7.795968217809568,29.675730490767172,6.3096709749223026,0.07507007121048037,0.2598667674763604,0.8660254037844386,0.5000000000000001,1,0,0,0,0.6057546693589266,-0.5022601707684538,0.6157003591585442,0.41753653444676075,0.0344981661968243,0.37449147283407647,0.3298809957894065,0.050175614651282174
2006-03-01,199.4,198.1,198.8,193.1,4.49,4.16,3.62,2.63,61.631052631578946,59.411904761904765,65.58666666666666,54.186818181818175,4.8,4.9,5.0,5.2,98.2413,98.0452,95.3005,96.4456,6754.7,6687.8,6610.1,6448.3,174033.0,171577.0,169316.0,168917.0,80.6111,80.7109,78.8319,80.4638,4.57,4.47,4.2,4.5,161.8,163.0,162.2,153.7,86.7,91.5,76.9,92.6,554.995,510.097,456.048,433.85,198.9333333333333,198.80000000000004,196.49166666666667,4.3133333333333335,4.056666666666667,3.5466666666666664,62.175985797827906,62.1161873433584,59.169149125283575,4.8,4.8999999999999995,4.983333333333333,98.16213333333333,97.29758333333332,97.07089166666667,6724.2,6681.216666666667,6592.325000000001,173685.33333333334,171833.16666666666,171524.58333333334,80.6766,80.15806666666667,80.34315,4.486666666666667,4.443333333333334,4.34,163.03333333333333,163.53333333333333,159.36666666666665,89.8,83.68333333333334,87.575,538.3186666666667,502.92800000000005,466.2991666666667,4.66200466200466,79.60000000000001,-5.8852368762633445,28.000830755440887,2.127659574468077,-11.111111111111116,0.042158902402134046,1.7242361205308532,0.3655220576217255,4.904564444237369,-0.8053760131322418,2.9299913058392857,-0.11981493734188886,-0.058642373268014136,3.393665158371051,9.592326139088737,-1.5216068167985375,6.728232189973626,-4.934210526315786,-7.863974495217841,0.9331398309400107,31.09601984173851,6.3189591046968445,0.009288129774541964,0.2707598446085582,1.0,6.123233995736766e-17,1,0,0,0,0.050175614651282174,0.0,1.37684854665987,0.36382536382535413,0.21864342800340295,0.2802373487495328,0.2992675858064499,0.15045135406217547
2006-04-01,199.7,199.3,199.1,193.7,4.59,4.29,3.78,2.79,62.68521739130435,65.485,62.260000000000005,52.97904761904762,4.7,4.7,5.0,5.2,98.4628,98.1999,96.4572,96.6532,6769.3,6730.1,6643.9,6461.8,174440.0,175446.0,169138.0,169914.0,80.6609,80.7078,79.6607,80.5421,4.72,4.42,4.46,4.34,162.2,164.3,166.2,155.0,88.9,91.2,74.2,87.7,557.093,549.864,469.898,429.233,199.46666666666667,198.95000000000002,197.04166666666666,4.456666666666667,4.218333333333333,3.7100000000000004,63.267090007627765,61.63261246413135,59.87734905940741,4.733333333333333,4.8500000000000005,4.941666666666667,98.30133333333333,97.82463333333334,97.23899166666666,6751.366666666668,6707.75,6619.075,174639.66666666666,172687.16666666666,171984.83333333334,80.65993333333333,80.46289999999999,80.359575,4.569999999999999,4.53,4.358333333333333,162.76666666666668,163.53333333333333,160.07500000000002,88.93333333333334,85.68333333333334,87.26666666666667,553.9839999999999,519.7688333333333,476.56941666666665,2.2271714922048824,74.52471482889733,1.7104441912213275,15.68351767946714,-2.083333333333326,-9.615384615384615,0.22546525748337043,2.091541760329152,0.21614579477993168,4.978056231875061,0.23386369251807704,3.26965314325971,0.061778092595199396,0.2449548741172869,3.2822757111597323,4.888888888888876,0.24721878862792313,5.530253741054003,2.5374855824682907,-3.995680345572339,0.3780214236164259,28.406822634551098,6.32273219187872,0.003773087181875745,0.2500333396392218,0.8660254037844387,-0.49999999999999983,0,1,0,0,0.15045135406217547,0.6057546693589266,0.15090543259557165,0.31071983428274663,0.2687938793574614,0.07583781664991703,0.28148641832618504,0.5007511266900355
2006-05-01,200.7,199.4,198.1,193.6,4.79,4.49,4.0,3.0,69.44368421052631,61.631052631578946,58.322500000000005,49.83380952380952,4.7,4.8,5.0,5.1,98.7618,98.2413,97.5414,96.7402,6806.9,6754.7,6660.7,6479.0,174426.0,174033.0,171489.0,169025.0,80.7713,80.6111,80.426,80.5094,4.99,4.57,4.54,4.14,164.3,161.8,163.7,154.3,87.4,86.7,81.6,86.9,610.653,554.995,476.666,421.873,199.9333333333333,199.21666666666667,197.625,4.623333333333334,4.386666666666667,3.876666666666667,64.58665141113654,62.82989316588572,61.2494021086973,4.733333333333333,4.8,4.8999999999999995,98.48863333333333,98.20873333333333,97.41470833333334,6776.966666666666,6734.916666666667,6647.833333333333,174299.66666666666,173568.5,172360.83333333334,80.6811,80.64800000000001,80.378675,4.76,4.618333333333333,4.4125000000000005,162.76666666666665,163.21666666666667,160.85,87.66666666666667,87.88333333333333,87.24166666666666,574.247,543.2280000000001,491.68775000000005,4.357298474945548,71.68458781362006,10.781595885730312,31.077637918049604,0.0,-9.615384615384615,0.30366798425394137,2.1816142662632876,0.5554488647275146,5.340617165495676,-0.00802568218298827,2.6554609979166033,0.1368692885896472,0.2845716712129409,5.7203389830508655,14.97695852534564,1.2946979038224615,6.000000000000005,-1.687289088863897,-0.34207525655644,9.614193680408857,42.266088581260064,6.414528876402868,0.09179668452414802,0.3525289813699368,0.49999999999999994,-0.8660254037844387,0,1,0,0,0.5007511266900355,0.050175614651282174,-0.5022601707684538,-0.05162622612286949,0.23379269846783104,0.13414543233232767,0.2973223593601258,0.2989536621823774
2006-06-01,201.3,199.7,198.1,193.7,4.94,4.59,4.16,3.04,70.84409090909091,62.68521739130435,59.411904761904765,56.35227272727273,4.6,4.7,4.9,5.0,98.7869,98.4628,98.0452,97.1753,6813.7,6769.3,6687.8,6511.7,173318.0,174440.0,171577.0,174093.0,80.6521,80.6609,80.7109,80.7567,5.11,4.72,4.47,4.0,165.8,162.2,163.0,154.3,79.1,88.9,91.5,96.0,675.393,557.093,510.097,430.657,200.5666666666667,199.75,198.26666666666665,4.773333333333333,4.543333333333334,4.038333333333333,67.6576641703072,64.91682498406755,63.00025889080408,4.666666666666667,4.733333333333333,4.858333333333333,98.6705,98.41631666666666,97.58526666666666,6796.633333333334,6760.416666666667,6675.724999999999,174061.33333333334,173873.33333333334,172718.58333333334,80.69476666666667,80.68568333333333,80.39056666666667,4.94,4.713333333333334,4.493333333333333,164.10000000000002,163.5666666666667,161.80833333333334,85.13333333333334,87.46666666666668,86.59166666666665,614.3796666666667,576.3491666666667,512.8144166666667,3.131524008350728,64.66666666666667,2.016607722480712,42.1606968964376,-2.1276595744680993,-9.80392156862745,0.025414684625046924,2.1156664964513183,0.09989863227020113,5.165920666769552,-0.6352263997339791,2.539860967312535,-0.14757717159435968,0.17724638365210765,2.4048096192384794,23.42995169082127,0.9129640900791269,7.453013609850934,-9.496567505720833,-8.975834292289997,10.601765650868833,60.093914519298465,6.515294743669153,0.10076586726628456,0.47059042279433694,1.2246467991473532e-16,-1.0,0,1,0,0,0.2989536621823774,0.15045135406217547,0.0,0.05165289256197081,0.3167187143115295,0.2676810711574662,0.32653735005222967,0.24838549428713996
2006-07-01,201.8,200.7,199.3,194.9,4.99,4.79,4.29,3.26,70.9509090909091,69.44368421052631,65.485,58.99550000000001,4.6,4.7,4.7,5.0,99.0997,98.7618,98.1999,96.8676,6851.8,6806.9,6730.1,6543.5,173833.0,174426.0,175446.0,174207.0,80.7601,80.7713,80.7078,80.3802,5.11,4.99,4.42,4.18,166.1,164.3,164.3,156.3,84.9,87.4,91.2,96.5,596.145,610.653,549.864,424.479,201.26666666666665,200.36666666666667,198.9416666666667,4.906666666666667,4.6816666666666675,4.200833333333334,70.41289473684212,66.83999237223493,64.21681192110712,4.633333333333334,4.683333333333334,4.825,98.88279999999999,98.59206666666667,97.74563333333333,6824.133333333334,6787.75,6704.066666666667,173859.0,174249.33333333334,172696.91666666666,80.72783333333332,80.69388333333333,80.39085,5.07,4.82,4.585833333333333,165.4,164.08333333333334,162.79166666666666,83.8,86.36666666666667,85.66666666666667,627.397,590.6905,526.6050833333333,1.0121457489878471,64.14473684210526,0.15077923994430975,25.90602944141964,0.0,-8.000000000000007,0.3166411740827879,1.9803386251444621,0.5591675594757595,5.222906460678467,0.2971416702246765,-0.14934546478031496,0.1339084785144884,0.004210176988417302,0.0,27.750000000000007,0.1809408926417344,7.647440051847032,7.332490518331247,-11.562499999999998,-11.733612874282095,38.426868714545456,6.390483926066084,-0.12481081760306889,0.32517197646399154,-0.4999999999999998,-0.8660254037844388,0,0,1,0,0.24838549428713996,0.5007511266900355,0.6057546693589266,0.6195147134744561,0.34936342771985096,0.3090786535386562,0.34293173352932715,0.5450941526263575
2006-08-01,202.9,201.3,199.4,196.1,5.24,4.94,4.49,3.5,74.41105263157894,70.84409090909091,61.631052631578946,64.98521739130435,4.7,4.6,4.8,4.9,99.0489,98.7869,98.2413,97.1833,6893.6,6813.7,6754.7,6576.3,173443.0,173318.0,174033.0,171140.0,80.5643,80.6521,80.6111,80.5172,5.09,5.11,4.57,4.26,166.8,165.8,161.8,157.6,84.7,79.1,86.7,89.1,633.71,675.393,554.995,437.93,202.0,200.96666666666667,199.60833333333335,5.0566666666666675,4.840000000000001,4.365833333333334,72.06868421052631,68.32766781083143,65.50144130707203,4.633333333333333,4.683333333333333,4.8,98.9785,98.73356666666666,97.92740833333333,6853.033333333333,6815.0,6733.241666666666,173531.33333333334,173915.5,172633.25,80.65883333333333,80.66996666666667,80.40619166666667,5.103333333333333,4.931666666666667,4.661666666666666,166.23333333333332,164.5,163.66666666666666,82.9,85.28333333333333,84.68333333333334,635.0826666666667,604.6648333333333,544.041,5.010020040080154,60.73619631901843,4.876813539113889,26.13004827754477,2.1739130434782705,-5.999999999999995,-0.05126150735067503,2.251836527383766,0.6100586707142641,5.350347673263545,-0.22435325858726207,-0.4385587261131918,-0.24244645561358746,0.22903650401466802,-0.391389432485334,21.770334928229662,0.4214328717640159,6.717850287907878,-0.2355712603062443,-12.2279792746114,6.301319309899456,49.29124880147193,6.451591436542662,0.06110751047657814,0.40072890197960387,-0.8660254037844384,-0.5000000000000004,0,0,1,0,0.5450941526263575,0.2989536621823774,0.050175614651282174,0.6157003591585442,0.36414443636529165,0.29896856741656136,0.33673002012531894,0.44356826022671214
2006-09-01,203.8,201.8,199.7,198.8,5.25,4.99,4.59,3.62,73.04304347826087,70.9509090909091,62.68521739130435,65.58666666666666,4.7,4.6,4.7,5.0,99.4836,99.0997,98.4628,95.3005,6925.1,6851.8,6769.3,6610.1,173349.0,173833.0,174440.0,169316.0,80.754,80.7601,80.6609,78.8319,4.88,5.11,4.72,4.2,167.9,166.1,162.2,162.2,82.0,84.9,88.9,76.9,632.593,596.145,557.093,456.048,202.83333333333334,201.70000000000002,200.25,5.16,4.966666666666667,4.511666666666667,72.80166840024964,70.22966628527841,66.17292681431842,4.666666666666667,4.666666666666667,4.783333333333333,99.21073333333334,98.94061666666666,98.1191,6890.166666666667,6843.400000000001,6762.308333333333,173541.66666666666,173801.5,172817.33333333334,80.69279999999999,80.69378333333333,80.425925,5.026666666666666,4.983333333333333,4.713333333333334,166.9333333333333,165.51666666666668,164.525,83.86666666666667,84.5,84.09166666666668,620.8159999999999,617.5978333333334,560.2629166666667,0.190839694656475,50.0,-1.838448866045883,12.399475465992271,0.0,-4.081632653061229,0.43887413186818325,2.3669704568583194,0.45694557270512526,5.303894287061106,-0.05419647953506246,1.2907561061119566,0.2354640951389264,0.294098652213437,-4.125736738703334,14.553990610328649,0.659472422062346,6.535532994923865,-3.1877213695395534,-7.968574635241299,-0.17626359060138874,44.45071130089282,6.449827245366127,-0.0017641911765347018,0.367768165113433,-1.0,-1.8369701987210297e-16,0,0,1,0,0.44356826022671214,0.24838549428713996,0.15045135406217547,1.37684854665987,0.4123493023800699,0.3645340083457997,0.32238567854766625,-0.4906771344455385
2006-10-01,202.8,202.9,200.7,199.1,5.25,5.24,4.79,3.78,63.798,74.41105263157894,69.44368421052631,62.260000000000005,4.5,4.7,4.7,5.0,99.3183,99.0489,98.7618,96.4572,6952.4,6893.6,6806.9,6643.9,173195.0,173443.0,174426.0,169138.0,80.4492,80.5643,80.7713,79.6607,4.72,5.09,4.99,4.46,165.4,166.8,164.3,166.2,85.4,84.7,87.4,74.2,598.186,633.71,610.653,469.898,203.16666666666666,202.21666666666667,200.58333333333334,5.246666666666667,5.076666666666667,4.6475,70.41736536994661,70.41513005339435,66.02387125876285,4.633333333333334,4.633333333333333,4.741666666666666,99.28359999999999,99.08319999999999,98.45391666666666,6923.700000000001,6873.916666666667,6790.833333333333,173329.0,173594.0,173140.58333333334,80.58916666666669,80.6585,80.56070000000001,4.8966666666666665,4.983333333333333,4.756666666666667,166.70000000000002,166.04999999999998,164.79166666666666,84.03333333333333,83.91666666666667,84.8,621.4963333333334,624.4466666666667,572.10775,0.0,45.027624309392266,-12.656980101072024,-2.7271803212034817,-4.255319148936176,-9.999999999999998,-0.16615804011917978,4.2159275134967755,0.3942181340341522,5.178439055384931,-0.08883812424645976,2.2909825415200036,-0.37744260346236347,2.051580641846762,-3.2786885245901676,12.380952380952381,-1.4889815366289416,1.9728729963008673,4.146341463414638,11.05331599479844,-5.439042164551289,31.167333263165297,6.393901742378016,-0.05592550298811183,0.27130367524551247,-0.8660254037844386,0.5000000000000001,0,0,0,1,-0.4906771344455385,0.5450941526263575,0.5007511266900355,0.15090543259557165,0.16599509280251037,0.25767926026118065,0.16675853845554886,-0.4437869822485285
2006-11-01,201.9,203.8,201.3,198.1,5.25,5.25,4.94,4.0,58.89318181818182,73.04304347826087,70.84409090909091,58.322500000000005,4.4,4.7,4.6,5.0,99.2044,99.4836,98.7869,97.5414,7001.7,6925.1,6813.7,6660.7,173866.0,173349.0,173318.0,171489.0,80.1804,80.754,80.6521,80.426,4.73,4.88,5.11,4.54,162.2,167.9,165.8,163.7,93.6,82.0,79.1,81.6,585.78,632.593,675.393,476.666,202.83333333333334,202.41666666666666,200.8166666666667,5.25,5.153333333333333,4.7700000000000005,65.2447417654809,68.6567129880036,65.74330307694467,4.533333333333333,4.583333333333333,4.691666666666666,99.33543333333334,99.15696666666668,98.68284999999999,6959.733333333333,6906.383333333334,6820.650000000001,173470.0,173500.66666666666,173534.58333333334,80.4612,80.56001666666667,80.60400833333334,4.776666666666666,4.94,4.779166666666667,165.16666666666666,165.70000000000002,164.45833333333334,87.0,84.95,86.41666666666667,605.5196666666666,620.3011666666666,581.7645833333333,0.0,38.88888888888891,-7.688043797326216,-5.407674561224196,-2.2222222222222143,-11.99999999999999,-0.11468178573332821,2.8481025781383007,0.7091076462804269,5.385391110642845,0.3874245792315101,2.795350542160846,-0.3341238943333158,0.6523919573892867,0.21186440677967155,6.0538116591928315,-1.93470374848852,-2.4067388688327362,9.601873536299754,26.145552560646877,-2.073936869134363,24.661096663531225,6.372944292465635,-0.020957449912380355,0.22042864259065187,-0.5000000000000004,0.8660254037844384,0,0,0,1,-0.4437869822485285,0.44356826022671214,0.2989536621823774,-0.5022601707684538,-0.16363195215578497,0.10025624210475333,0.11720083721854051,0.04952947003467045
2006-12-01,202.0,202.8,201.8,198.1,5.25,5.25,4.99,4.16,59.0825,63.798,70.9509090909091,59.411904761904765,4.5,4.5,4.6,4.9,99.1627,99.3183,99.0997,98.0452,7037.2,6952.4,6851.8,6687.8,174315.0,173195.0,173833.0,171577.0,79.9663,80.4492,80.7601,80.7109,4.6,4.72,5.11,4.47,164.6,165.4,166.1,163.0,92.1,85.4,84.9,91.5,627.827,598.186,596.145,510.097,202.23333333333335,202.53333333333333,201.14166666666668,5.25,5.205,4.8741666666666665,60.59122727272728,66.69644783648846,65.806636410278,4.466666666666667,4.566666666666667,4.6499999999999995,99.22846666666668,99.2196,98.81795833333335,6997.099999999999,6943.633333333334,6852.025000000001,173792.0,173666.83333333334,173770.08333333334,80.19863333333335,80.44571666666667,80.5657,4.683333333333333,4.855,4.784166666666667,164.0666666666667,165.5,164.53333333333333,90.36666666666667,87.11666666666667,87.29166666666667,603.931,612.3735,594.3613333333334,0.0,31.25,0.3214602709064929,1.3030991469844322,2.2727272727272707,-9.999999999999998,-0.04203442589240103,1.6621660136106442,0.5070197237813767,5.652559040341099,0.25824485523333607,1.6479191085142508,-0.2670228634429339,-0.5715813294208338,-2.748414376321373,1.3215859030836885,1.479654747225645,0.5497861942577842,-1.602564102564108,12.867647058823529,7.177950766499364,31.712142254744414,6.442264650810239,0.06932035834460404,0.2754486148267725,-2.4492935982947064e-16,1.0,0,0,0,1,0.04952947003467045,-0.4906771344455385,0.24838549428713996,0.0,-0.2949782155531322,0.05868554341346884,0.1631833072854675,0.544554455445545
2007-01-01,203.1,201.9,202.9,199.3,5.24,5.25,5.24,4.29,61.959,58.89318181818182,74.41105263157894,65.485,4.4,4.4,4.7,4.7,100.1735,99.2044,99.0489,98.1999,7080.1,7001.7,6893.6,6730.1,175464.0,173866.0,173443.0,175446.0,80.5985,80.1804,80.5643,80.7078,4.56,4.73,5.09,4.42,165.6,162.2,166.8,164.3,91.7,93.6,84.7,91.2,629.791,585.78,633.71,549.864,202.33333333333334,202.75,201.5583333333333,5.246666666666667,5.246666666666667,4.964166666666667,59.97822727272728,65.19779632133695,66.01889434678594,4.433333333333334,4.533333333333333,4.608333333333333,99.51353333333334,99.39856666666667,98.99531666666667,7039.666666666667,6981.683333333333,6884.716666666666,174548.33333333334,173938.66666666666,174094.0,80.2484,80.41878333333334,80.55633333333334,4.629999999999999,4.763333333333333,4.791666666666667,164.13333333333333,165.41666666666666,164.75,92.46666666666665,88.25,87.30833333333334,614.466,617.9811666666667,604.3358333333334,-0.19047619047618536,25.96153846153846,4.868615918419161,4.287179898208637,-2.2222222222222143,-10.204081632653061,1.0193348910427114,2.1707334984272686,0.6096174614903749,5.865905080893574,0.6591515360123923,2.2654551600739037,0.7905830331026875,-0.13926247879777476,-0.8695652173913104,2.0134228187919323,0.6075334143377908,1.595092024539868,-0.43431053203039083,0.21857923497268228,0.3128250298251034,23.464948823459086,6.4453880183139445,0.003123367503705232,0.2107871146021223,0.49999999999999994,0.8660254037844387,1,0,0,0,0.544554455445545,-0.4437869822485285,0.5450941526263575,0.6057546693589266,0.05009898107722899,0.10804703693986968,0.20856284523926294,0.1659281142294633
2007-02-01,203.437,202.0,203.8,199.4,5.25,5.25,5.25,4.49,54.50619047619048,59.0825,73.04304347826087,61.631052631578946,4.6,4.5,4.7,4.8,99.8346,99.1627,99.4836,98.2413,7118.3,7037.2,6925.1,6754.7,174891.0,174315.0,173349.0,174033.0,80.1452,79.9663,80.754,80.6111,4.76,4.6,4.88,4.57,164.0,164.6,167.9,161.8,96.9,92.1,82.0,86.7,631.166,627.827,632.593,554.995,202.8456666666667,202.83950000000002,201.90308333333334,5.246666666666667,5.248333333333334,5.0441666666666665,58.51589682539683,61.88031929543886,65.10399355313514,4.5,4.516666666666667,4.6,99.72359999999999,99.52951666666667,99.13154166666668,7078.533333333333,7019.133333333334,6917.066666666667,174890.0,174180.0,174047.75,80.23666666666666,80.34893333333333,80.50945,4.64,4.708333333333333,4.819999999999999,164.73333333333332,164.95000000000002,164.725,93.56666666666666,90.28333333333335,87.78333333333335,629.5946666666667,617.5571666666666,611.111,0.190839694656475,22.377622377622373,-12.028614928919968,-16.765380657875106,4.545454545454519,-2.1276595744680993,-0.3383130268983403,1.6646656462990128,0.5395404019717276,5.768116372713616,-0.32656271371905854,-0.3163366505933407,-0.5624174147161543,-0.697082562032425,4.385964912280715,7.692307692307687,-0.9661835748792202,-0.1825928180158365,5.670665212649939,6.25,0.21832639716985458,14.785837952657378,6.4475689024281335,0.002180884114189041,0.13789792750583096,0.8660254037844386,0.5000000000000001,1,0,0,0,0.1659281142294633,0.04952947003467045,0.44356826022671214,0.050175614651282174,0.25333734656989293,0.04485269720705398,0.17191063231180767,0.3878350545869269
2007-03-01,204.226,203.1,202.8,199.7,5.26,5.24,5.25,4.59,59.27894736842105,61.959,63.798,62.68521739130435,4.5,4.4,4.5,4.7,100.7753,100.1735,99.3183,98.4628,7134.3,7080.1,6952.4,6769.3,174584.0,175464.0,173195.0,174440.0,80.7218,80.5985,80.4492,80.6609,4.72,4.56,4.72,4.72,166.8,165.6,165.4,162.2,91.3,91.7,85.4,88.9,664.745,629.791,598.186,557.093,203.58766666666668,202.91049999999998,202.30525,5.250000000000001,5.25,5.108333333333333,58.58137928153718,59.586303277132224,64.90798478120531,4.5,4.483333333333333,4.575,100.26113333333335,99.7448,99.34270833333335,7110.900000000001,7054.0,6948.7,174979.66666666666,174385.83333333334,174093.66666666666,80.4885,80.34356666666666,80.51867500000002,4.68,4.681666666666667,4.8325,165.46666666666667,164.76666666666668,165.14166666666668,93.3,91.83333333333333,88.16666666666667,641.9006666666668,622.9158333333334,620.2568333333334,0.19047619047618536,17.14922048997771,8.756357489917432,-3.8164288337218966,-2.1739130434782483,-6.25,0.9422584955516511,2.5793632616832207,0.22477276877905794,5.619790664278201,-0.17553790646746004,0.31660662058345945,0.7194442087610886,0.13732600100979653,-0.8403361344537785,3.2822757111597323,1.7073170731707332,3.0902348578492056,-5.779153766769873,5.305651672433664,5.320153493692614,19.77495292750384,6.499403508470171,0.05183460604203738,0.18044440377332638,1.0,6.123233995736766e-17,1,0,0,0,0.3878350545869269,0.544554455445545,-0.4906771344455385,0.15045135406217547,0.36610587475397843,0.03556382960042311,0.2000489189731114,0.5200121434097538
2007-04-01,205.288,203.437,201.9,200.7,5.26,5.25,5.25,4.79,60.441818181818185,54.50619047619048,58.89318181818182,69.44368421052631,4.4,4.6,4.4,4.7,100.9547,99.8346,99.2044,98.7618,7168.2,7118.3,7001.7,6806.9,175078.0,174891.0,173866.0,174426.0,80.6932,80.1452,80.1804,80.7713,4.56,4.76,4.73,4.99,169.3,164.0,162.2,164.3,88.4,96.9,93.6,87.4,654.895,631.166,585.78,610.653,204.317,203.32516666666666,202.7709166666667,5.256666666666667,5.251666666666666,5.164166666666667,58.075652008809904,59.02693964076858,64.72103484708147,4.5,4.466666666666667,4.55,100.52153333333332,100.01753333333333,99.55036666666668,7140.266666666667,7089.966666666667,6981.941666666667,174851.0,174699.66666666666,174146.83333333334,80.52006666666666,80.38423333333334,80.52136666666667,4.68,4.655,4.819166666666667,166.70000000000002,165.41666666666666,165.73333333333332,92.2,92.33333333333333,88.125,650.2686666666667,632.3673333333334,628.407,0.0,14.596949891067545,1.9616927510028859,-3.578832941556276,-2.2222222222222143,-6.382978723404253,0.17801981239451425,2.5308035115800154,0.4751692527648066,5.892780642016149,0.28295834669844755,0.36574180233890363,-0.03543032984894001,0.0400441849768729,-3.3898305084745783,-3.3898305084745783,1.4988009592326046,4.3773119605425626,-3.176341730558585,-0.5624296962879693,-1.48177120549986,17.55577614509607,6.4844749174414655,-0.014928591028705362,0.16174272556274527,0.8660254037844387,-0.49999999999999983,0,1,0,0,0.5200121434097538,0.1659281142294633,-0.4437869822485285,0.5007511266900355,0.3579251040753813,0.20401204257630515,0.23084565141874291,0.3000662483924943
2007-05-01,205.904,204.226,202.0,201.3,5.25,5.26,5.25,4.94,63.977,59.27894736842105,59.0825,70.84409090909091,4.5,4.5,4.5,4.6,101.6334,100.7753,99.1627,98.7869,7240.7,7134.3,7037.2,6813.7,174140.0,174584.0,174315.0,173318.0,81.0737,80.7218,79.9663,80.6521,4.69,4.72,4.6,5.11,171.4,166.8,164.6,165.8,87.1,91.3,92.1,79.1,679.368,664.745,627.827,675.393,205.13933333333333,203.99249999999998,203.20458333333332,5.256666666666667,5.251666666666666,5.2025,61.23258851674641,59.87424267107162,64.2654778295376,4.466666666666667,4.483333333333333,4.533333333333334,101.12113333333333,100.42236666666668,99.78966666666668,7181.066666666667,7129.799999999999,7018.091666666666,174600.66666666666,174745.33333333334,174123.0,80.82956666666666,80.53311666666667,80.54656666666666,4.656666666666666,4.648333333333333,4.7941666666666665,169.16666666666666,166.95000000000002,166.32500000000002,88.93333333333332,91.25,88.10000000000001,666.3359999999999,647.9653333333334,634.13325,-0.1901140684410607,9.603340292275565,5.848900520410294,-7.872111442062102,2.2727272727272707,-4.255319148936176,0.672281726358448,2.9076019270608766,1.0114115119555844,6.372945099825178,-0.5357612035778336,-0.1639663811587755,0.4715391135808211,0.37439040847431215,2.8508771929824706,-6.012024048096187,1.2404016538688722,4.321363359707853,-1.4705882352941346,-0.3432494279176357,3.736934928500002,11.252708166503723,6.521162954234535,0.036688036793069756,0.106634077831667,0.49999999999999994,-0.8660254037844387,0,1,0,0,0.3000662483924943,0.3878350545869269,0.04952947003467045,0.2989536621823774,0.4026378154630583,0.3279875810164756,0.21412191156061447,0.41329940166290324
2007-06-01,206.755,205.288,203.1,201.8,5.25,5.26,5.24,4.99,63.45454545454545,60.441818181818185,61.959,70.9509090909091,4.4,4.4,4.4,4.6,101.7306,100.9547,100.1735,99.0997,7254.6,7168.2,7080.1,6851.8,175611.0,175078.0,175464.0,173833.0,81.0044,80.6932,80.5985,80.7601,4.75,4.56,4.56,5.11,173.3,169.3,165.6,166.1,88.3,88.4,91.7,84.9,667.31,654.895,629.791,596.145,205.98233333333334,204.785,203.6591666666667,5.253333333333334,5.251666666666666,5.2283333333333335,62.62445454545455,60.602916913495854,63.64968237499215,4.433333333333334,4.466666666666667,4.516666666666667,101.43956666666666,100.85034999999999,100.03497499999999,7221.166666666667,7166.033333333334,7054.833333333333,174943.0,174961.33333333334,174314.08333333334,80.92376666666667,80.70613333333334,80.575925,4.666666666666667,4.673333333333333,4.764166666666666,171.33333333333334,168.4,166.95000000000002,87.93333333333334,90.61666666666666,88.86666666666666,667.1909999999999,654.5458333333332,633.4596666666666,0.0,6.275303643724683,-0.8166287032129405,-10.430715335211127,-2.2222222222222143,-4.347826086956507,0.09563785133628322,2.9798485426711263,0.19197038960321322,6.470786797188022,0.8447226369587613,1.323001650145983,-0.08547778132735884,0.43681441648759645,1.2793176972281328,-7.045009784735823,1.1085180863477317,4.523522316043427,1.3777267508610747,11.63084702907713,-1.774884893018236,-1.196784686841601,6.5032547055608,-0.017908248673735194,-0.012040038108352746,1.2246467991473532e-16,-1.0,0,1,0,0,0.41329940166290324,0.5200121434097538,0.544554455445545,0.24838549428713996,0.4111259311550504,0.3886159029545144,0.22365072318399162,0.23167517109623503
2007-07-01,207.234,205.904,203.437,202.9,5.25,5.25,5.25,5.24,67.48904761904762,63.977,54.50619047619048,74.41105263157894,4.6,4.5,4.6,4.7,101.7893,101.6334,99.8346,99.0489,7287.8,7240.7,7118.3,6893.6,173830.0,174140.0,174891.0,173443.0,80.9238,81.0737,80.1452,80.5643,5.1,4.69,4.76,5.09,173.8,171.4,164.0,166.8,85.3,87.1,96.9,84.7,655.66,679.368,631.166,633.71,206.631,205.47400000000002,204.112,5.25,5.253333333333333,5.25,64.97353102453103,61.524591516670455,63.3611939190037,4.5,4.5,4.516666666666667,101.71776666666665,101.11965,100.25910833333334,7261.033333333333,7200.650000000001,7091.166666666667,174527.0,174689.0,174313.83333333334,81.00063333333334,80.76035,80.58956666666667,4.846666666666667,4.763333333333333,4.763333333333333,172.83333333333334,169.76666666666668,167.59166666666667,86.89999999999999,89.55,88.89999999999999,667.446,658.8573333333334,638.41925,0.0,5.210420841683372,6.358097966980503,-4.87923483464574,4.545454545454519,0.0,0.0577014192386649,2.7140344521729087,0.45764066936839765,6.363291397880855,-1.0141733718275092,-0.0017257942968251783,-0.09950076785952833,0.20269910512742406,7.36842105263158,-0.1956947162426781,0.2885170225043199,4.635761589403975,-3.3975084937712396,0.4711425206124664,-1.7458152882468436,9.983309429752829,6.485642361901082,-0.0176123436597182,0.09515843583499795,-0.4999999999999998,-0.8660254037844388,0,0,1,0,0.23167517109623503,0.3000662483924943,0.1659281142294633,0.5450941526263575,0.3150136070505442,0.33646935556296276,0.2222581962514162,0.17805958481715844
2007-08-01,207.603,206.755,204.226,203.8,5.26,5.25,5.26,5.25,74.11761904761904,63.45454545454545,59.27894736842105,73.04304347826087,4.7,4.4,4.5,4.7,101.6672,101.7306,100.7753,99.4836,7318.7,7254.6,7134.3,6925.1,174260.0,175611.0,174584.0,173349.0,80.7255,81.0044,80.7218,80.754,5.0,4.75,4.72,4.88,175.1,173.3,166.8,167.9,90.4,88.3,91.3,82.0,665.38,667.31,664.745,632.593,207.19733333333332,206.16833333333332,204.50391666666667,5.253333333333333,5.255,5.251666666666666,68.35373737373737,64.79316294524189,63.33674112034038,4.566666666666666,4.516666666666667,4.516666666666667,101.72903333333333,101.42508333333332,100.4773,7287.033333333333,7234.05,7126.591666666667,174567.0,174583.83333333334,174381.91666666666,80.88456666666666,80.85706666666668,80.603,4.949999999999999,4.803333333333334,4.755833333333333,174.0666666666667,171.61666666666667,168.28333333333333,88.0,88.46666666666665,89.375,662.7833333333333,664.5596666666667,641.0584166666666,0.19047619047618536,0.3816793893129722,9.821699464463363,-0.39434139631477905,2.1739130434782705,0.0,-0.11995366900057203,2.6434417747193573,0.423996267735105,6.166589300220493,0.24736811827648086,0.4710481253207055,-0.2450453389484908,0.20008862486236012,-1.9607843137254832,-1.7681728880157177,0.7479861910241636,4.9760191846522694,5.978898007034017,6.729634002361284,1.4824756733673006,4.9975540862539525,6.500358306024146,0.014715944123063984,0.04876686948148379,-0.8660254037844384,-0.5000000000000004,0,0,1,0,0.17805958481715844,0.41329940166290324,0.3878350545869269,0.44356826022671214,0.2743447191920989,0.3384912673275786,0.1916719822673163,0.030828070885302594
2007-09-01,207.667,207.234,205.288,202.8,5.02,5.25,5.26,5.25,72.35608695652174,67.48904761904762,60.441818181818185,63.798,4.6,4.6,4.4,4.5,101.863,101.7893,100.9547,99.3183,7394.8,7287.8,7168.2,6952.4,175125.0,173830.0,175078.0,173195.0,80.8082,80.9238,80.6932,80.4492,4.67,5.1,4.56,4.72,172.4,173.8,169.3,165.4,83.4,85.3,88.4,85.4,665.411,655.66,654.895,598.186,207.50133333333335,206.74183333333335,204.8261666666667,5.176666666666667,5.215,5.2325,71.32091787439614,66.97268620992534,63.27949474352878,4.633333333333333,4.533333333333333,4.508333333333334,101.77316666666667,101.60636666666666,100.67558333333334,7333.766666666667,7277.466666666666,7165.733333333334,174405.0,174674.0,174529.91666666666,80.81916666666666,80.87146666666666,80.60751666666667,4.923333333333333,4.795,4.738333333333333,173.76666666666665,172.54999999999998,168.65833333333333,86.36666666666667,87.14999999999999,89.49166666666666,662.1503333333333,664.6706666666666,643.7932500000001,-4.562737642585557,-4.380952380952385,-2.3766711798520634,-0.9404817885820815,-2.1276595744680993,-2.1276595744680993,0.19258915363067342,2.3917510021752353,1.039802150655178,6.782573536844239,0.4963847124985543,1.024522783517634,0.10244594335122592,0.06711741833220763,-6.600000000000006,-4.303278688524593,-1.5419760137064475,2.6801667659321016,-7.743362831858402,1.7073170731707332,0.004658991854267214,5.1878538017335,6.500404894857413,4.6588833266802965e-05,0.05057764949128529,-1.0,-1.8369701987210297e-16,0,0,1,0,0.030828070885302594,0.23167517109623503,0.5200121434097538,-0.4906771344455385,0.14685427559956535,0.2789901033773079,0.1572769664888655,0.42375533907650365
2007-10-01,208.547,207.603,205.904,201.9,4.94,5.26,5.25,5.25,79.91473684210526,74.11761904761904,63.977,58.89318181818182,4.7,4.7,4.5,4.4,102.0894,101.6672,101.6334,99.2044,7413.0,7318.7,7240.7,7001.7,175106.0,174260.0,174140.0,173866.0,80.9387,80.7255,81.0737,80.1804,4.52,5.0,4.69,4.73,173.5,175.1,171.4,162.2,83.4,90.4,87.1,93.6,712.653,665.38,679.368,585.78,207.939,207.285,205.30508333333333,5.073333333333334,5.161666666666667,5.206666666666666,75.46281428208202,70.21817265330652,64.62255614703756,4.666666666666667,4.583333333333333,4.525,101.8732,101.79548333333332,100.90650833333335,7375.5,7318.266666666666,7204.116666666668,174830.33333333334,174678.66666666666,174689.16666666666,80.82413333333334,80.91238333333334,80.64830833333333,4.7299999999999995,4.788333333333333,4.721666666666667,173.66666666666666,173.25,169.33333333333334,85.73333333333335,86.31666666666668,89.325,681.148,674.297,653.3321666666667,-1.5936254980079556,-5.9047619047619015,10.446460282084447,25.26213492915963,2.1739130434782705,4.444444444444451,0.22225930907198155,2.7901202497425004,0.24611889435819378,6.625050342327832,-0.01084939329050183,1.1033805825803267,0.16149351179706173,0.6084585054916491,-3.2119914346895206,-4.23728813559322,0.6380510440835208,4.897218863361541,0.0,-2.3419203747072626,7.0996722326502,19.135686893374306,6.568994625932255,0.06858973107484267,0.1750928835542398,-0.8660254037844386,0.5000000000000001,0,0,0,1,0.42375533907650365,0.17805958481715844,0.3000662483924943,-0.4437869822485285,0.2108809982596549,0.2629473026550995,0.23347967261570235,0.3083237831280172
2007-11-01,209.19,207.667,206.755,202.0,4.76,5.02,5.25,5.25,85.7986956521739,72.35608695652174,63.45454545454545,59.0825,4.7,4.6,4.4,4.5,101.8015,101.863,101.7306,99.1627,7428.1,7394.8,7254.6,7037.2,175593.0,175125.0,175611.0,174315.0,80.6837,80.8082,81.0044,79.9663,4.53,4.67,4.75,4.6,174.7,172.4,173.3,164.6,80.9,83.4,88.3,92.1,754.604,665.411,667.31,627.827,208.468,207.83266666666668,205.91258333333334,4.906666666666666,5.079999999999999,5.165833333333333,79.35650648360031,73.85512192866884,66.86468229987022,4.666666666666667,4.616666666666667,4.55,101.91796666666669,101.82350000000001,101.12293333333334,7411.966666666667,7349.5,7239.649999999999,175274.66666666666,174920.83333333334,174833.08333333334,80.8102,80.84738333333333,80.69025,4.573333333333333,4.761666666666667,4.704999999999999,173.53333333333333,173.79999999999998,170.375,82.56666666666668,85.28333333333335,88.26666666666667,710.8893333333332,686.8363333333333,667.4008333333334,-3.6437246963562875,-9.333333333333337,7.362795702742675,45.68527799543285,0.0,6.818181818181812,-0.2820077304793611,2.6179282370540014,0.20369620936193655,6.089949583672549,0.27811725469144566,0.9932936859420538,-0.3150532439982312,0.6277095150435619,0.22123893805310324,-4.228329809725162,0.6916426512968199,7.7065351418002415,-2.9976019184652314,-13.568376068376054,5.886595580177167,28.820376250469472,6.626193108337788,0.057198482405532936,0.2532488158721531,-0.5000000000000004,0.8660254037844384,0,0,0,1,0.3083237831280172,0.030828070885302594,0.41329940166290324,0.04952947003467045,0.25430239769660784,0.26432355844435335,0.2961555697304145,0.7858884267890387
2007-12-01,210.834,208.547,207.234,203.1,4.49,4.94,5.25,5.24,94.77238095238096,79.91473684210526,67.48904761904762,61.959,4.7,4.7,4.6,4.4,102.3446,102.0894,101.7893,100.1735,7453.6,7413.0,7287.8,7080.1,175862.0,175106.0,173830.0,175464.0,81.1065,80.9387,80.9238,80.5985,4.15,4.52,5.1,4.56,179.0,173.5,173.8,165.6,76.1,83.4,85.3,91.7,806.248,712.653,655.66,629.791,209.52366666666663,208.51249999999996,206.64874999999998,4.73,4.953333333333333,5.1025,86.82860448222004,79.0747611783081,69.83883904590198,4.7,4.666666666666667,4.566666666666667,102.0785,101.92583333333334,101.38809166666665,7431.566666666667,7382.666666666667,7274.349999999999,175520.33333333334,174962.66666666666,174962.0,80.90963333333333,80.8644,80.78526666666666,4.3999999999999995,4.661666666666666,4.6675,175.73333333333335,174.75,171.57500000000002,80.13333333333334,83.25,86.93333333333334,757.835,709.9926666666667,682.2692499999999,-5.672268907563016,-14.476190476190476,10.458999675923032,60.40685643359871,0.0,4.444444444444451,0.5334891922024632,3.2087670061424323,0.3432910165452885,5.9171261297106925,0.15319517292831097,0.8874738261193782,0.52402158056708,1.425850639581916,-8.388520971302427,-9.782608695652161,2.461362335432171,8.748481166464162,-5.933250927070466,-17.372421281216067,6.843854525022386,28.418816011417157,6.692391387486751,0.06619827914896259,0.25012673667651164,-2.4492935982947064e-16,1.0,0,0,0,1,0.7858884267890387,0.42375533907650365,0.23167517109623503,0.544554455445545,0.5059891829978532,0.3264217292987093,0.35751881612661185,0.2898014551732553
2008-01-01,211.445,209.19,207.603,203.437,4.24,4.76,5.26,5.25,91.687,85.7986956521739,74.11761904761904,54.50619047619048,5.0,4.7,4.7,4.6,102.3803,101.8015,101.6672,99.8346,7483.9,7428.1,7318.7,7118.3,173364.0,175593.0,174260.0,174891.0,81.1425,80.6837,80.7255,80.1452,4.1,4.53,5.0,4.76,178.6,174.7,175.1,164.0,75.5,80.9,90.4,96.9,803.203,754.604,665.38,631.166,210.4896666666667,209.21433333333334,207.34416666666667,4.496666666666667,4.784999999999999,5.019166666666666,90.7526922015183,83.10775324180015,72.31617237923531,4.8,4.733333333333333,4.616666666666666,102.17546666666668,102.02433333333333,101.57199166666668,7455.2,7415.350000000001,7308.0,174939.66666666666,174885.0,174787.0,80.97756666666668,80.90084999999999,80.8306,4.260000000000001,4.495,4.629166666666666,177.4333333333333,175.54999999999998,172.65833333333333,77.5,81.61666666666667,85.58333333333333,788.0183333333334,734.5831666666667,696.72025,-5.56792873051225,-19.083969465648853,-3.2555697360090896,47.980115883083975,6.382978723404253,13.636363636363624,0.0348821530398391,2.2029778334589523,0.40651497263066716,5.703309275292701,-1.4204319295811452,-1.1968266994939136,0.04438608496235563,0.6749505263745625,-1.2048192771084487,-10.087719298245613,-0.22346368715083775,7.85024154589371,-0.7884362680683266,-17.666303162486376,-0.3776753554737611,27.534848862559148,6.688607483990251,-0.0037839034965001517,0.24321946567630626,0.49999999999999994,0.8660254037844387,1,0,0,0,0.2898014551732553,0.3083237831280172,0.17805958481715844,0.1659281142294633,0.4613378883634371,0.33610944331154596,0.3362893994372544,0.3447705076970342
2008-02-01,212.174,210.834,207.667,204.226,3.94,4.49,5.02,5.26,92.9704761904762,94.77238095238096,72.35608695652174,59.27894736842105,5.0,4.7,4.6,4.5,102.2448,102.3446,101.863,100.7753,7517.5,7453.6,7394.8,7134.3,173145.0,175862.0,175125.0,174584.0,81.0549,81.1065,80.8082,80.7218,3.74,4.15,4.67,4.72,181.0,179.0,172.4,166.8,78.4,76.1,83.4,91.3,889.595,806.248,665.411,664.745,211.48433333333332,209.97616666666667,208.07225000000003,4.223333333333334,4.565,4.91,93.14328571428571,86.24989609894301,75.52152952209245,4.8999999999999995,4.783333333333334,4.65,102.32323333333333,102.12060000000001,101.77284166666665,7485.0,7448.483333333333,7341.266666666667,174123.66666666666,174699.16666666666,174641.5,81.1013,80.95575,80.90640833333333,3.996666666666666,4.285,4.5441666666666665,179.5333333333333,176.53333333333333,174.07500000000002,76.66666666666667,79.61666666666667,84.04166666666667,833.0153333333334,771.9523333333333,718.256,-7.075471698113212,-24.95238095238095,1.3998453330092753,70.56865537335209,0.0,8.69565217391306,-0.13234968055378937,2.4141930753466267,0.44896377557157585,5.608080581037611,-0.126323804250017,-0.9983361064891838,-0.10795822164709756,1.1350648572840294,-8.780487804878035,-21.42857142857142,1.3437849944009095,10.365853658536594,3.841059602649022,-19.091847265221872,10.755935921554084,40.94469600707262,6.790766302976926,0.10215881898667512,0.34319740054879233,0.8660254037844386,0.5000000000000001,1,0,0,0,0.3447705076970342,0.7858884267890387,0.030828070885302594,0.3878350545869269,0.4734867965531094,0.3638945971248586,0.3511929322262186,0.24178268779397882
2008-03-01,212.687,211.445,208.547,205.288,2.98,4.24,4.94,5.26,95.386,91.687,79.91473684210526,60.441818181818185,4.9,5.0,4.7,4.4,101.8438,102.3803,102.0894,100.9547,7604.0,7483.9,7413.0,7168.2,171203.0,173364.0,175106.0,175078.0,80.7602,81.1425,80.9387,80.6932,3.74,4.1,4.52,4.56,182.7,178.6,173.5,169.3,70.8,75.5,83.4,88.4,922.298,803.203,712.653,654.895,212.102,210.81283333333332,208.77733333333333,3.72,4.2250000000000005,4.72,93.3478253968254,90.08821493952273,78.53045057472403,4.966666666666667,4.833333333333333,4.683333333333334,102.15629999999999,102.11740000000002,101.86188333333332,7535.133333333334,7483.350000000001,7380.408333333333,172570.66666666666,174045.5,174359.75,80.98586666666667,80.94775,80.90960833333332,3.8599999999999994,4.13,4.4625,180.76666666666665,178.25,175.4,74.89999999999999,77.51666666666667,82.33333333333334,871.6986666666667,814.7668333333335,739.71875,-24.365482233502533,-43.34600760456273,2.5981622430059526,60.910414631980814,-1.9999999999999907,8.888888888888902,-0.3921959845390677,1.0602796518591306,1.1506484868639921,6.583687257334292,-1.1216032804874487,-1.9366035833753403,-0.36358073355220455,0.04757079252444285,0.0,-20.762711864406768,0.9392265193369997,9.532374100719409,-9.693877551020414,-22.453450164293542,3.6761672446450344,38.74463140001052,6.826868381747508,0.03610207877058258,0.32746487327733753,1.0,6.123233995736766e-17,1,0,0,0,0.24178268779397882,0.2898014551732553,0.42375533907650365,0.5200121434097538,0.2921182168880894,0.3990536999429713,0.3390219016601396,0.3578027806118822
2008-04-01,213.448,212.174,209.19,205.904,2.61,3.94,4.76,5.25,105.454,92.9704761904762,85.7986956521739,63.977,5.1,5.0,4.7,4.5,101.5336,102.2448,101.8015,101.6334,7670.0,7517.5,7428.1,7240.7,171079.0,173145.0,175593.0,174140.0,80.5381,81.0549,80.6837,81.0737,3.51,3.74,4.53,4.69,187.9,181.0,174.7,171.4,69.5,78.4,80.9,87.1,968.434,889.595,754.604,679.368,212.76966666666667,211.62966666666668,209.45733333333337,3.176666666666667,3.8366666666666664,4.4991666666666665,97.9368253968254,94.34475879917186,82.28146572623918,5.0,4.9,4.741666666666666,101.87406666666668,102.02476666666666,101.910125,7597.166666666667,7526.183333333334,7422.225000000001,171809.0,173374.33333333334,174026.5,80.7844,80.88098333333333,80.89668333333334,3.6633333333333327,3.9616666666666664,4.375,183.86666666666667,180.64999999999998,176.95000000000002,72.89999999999999,75.2,80.75833333333334,926.7756666666668,857.3969999999999,765.8469999999999,-12.416107382550335,-50.380228136882124,10.555008072463457,74.47191890021958,4.081632653061207,15.909090909090896,-0.30458407875589844,0.5734255066876637,0.8679642293529799,7.000362713093944,-0.07242863734864269,-2.2841247900935557,-0.2750117013083142,-0.19220950464228226,-6.149732620320869,-23.026315789473685,2.846195949644237,10.986414648552856,-1.8361581920903869,-21.38009049773756,5.002287763824698,47.87622443292436,6.875680333906482,0.048811952158973604,0.3912054164650165,0.8660254037844387,-0.49999999999999983,0,1,0,0,0.3578027806118822,0.3447705076970342,0.3083237831280172,0.3000662483924943,0.31478532536763176,0.3880616068655344,0.325504454760317,0.2314381020201539
2008-05-01,213.942,212.687,210.834,206.755,2.28,2.98,4.49,5.25,112.58045454545454,95.386,94.77238095238096,63.45454545454545,5.0,4.9,4.7,4.4,100.8785,101.8438,102.3446,101.7306,7712.5,7604.0,7453.6,7254.6,170521.0,171203.0,175862.0,175611.0,80.0376,80.7602,81.1065,81.0044,3.68,3.74,4.15,4.75,190.9,182.7,179.0,173.3,62.6,70.8,76.1,88.3,909.705,922.298,806.248,667.31,213.359,212.42166666666665,210.12716666666665,2.6233333333333335,3.4233333333333333,4.251666666666666,104.47348484848486,98.80838528138527,86.33175360502706,5.0,4.95,4.783333333333333,101.41863333333333,101.87093333333333,101.84721666666667,7662.166666666667,7573.583333333333,7461.541666666667,170934.33333333334,172529.0,173724.91666666666,80.44529999999999,80.77329999999999,80.81034166666667,3.643333333333333,3.8200000000000003,4.2908333333333335,187.16666666666666,183.35,178.57500000000002,67.63333333333334,72.14999999999999,78.71666666666665,933.4789999999999,883.2471666666667,785.04175,-12.643678160919547,-56.57142857142857,6.7578797821368,75.97019951772441,-1.9607843137254832,11.111111111111116,-0.6452051340639975,-0.7427676334748168,0.5541069100391205,6.515944590992584,-0.32616510500996787,-2.07821293212358,-0.6214450055315512,-1.2779730048092075,4.843304843304863,-21.535181236673772,1.5965939329430467,11.376896149358217,-9.928057553956837,-28.128587830080363,-6.06432653128659,33.9045995690112,6.8131203711303785,-0.06255996277610354,0.2919574168958432,0.49999999999999994,-0.8660254037844387,0,1,0,0,0.2314381020201539,0.24178268779397882,0.7858884267890387,0.41329940166290324,0.2770078568086716,0.3752473266808905,0.3197854425626219,0.5917491656617146
2008-06-01,215.208,213.448,211.445,207.234,1.98,2.61,4.24,5.25,125.39761904761905,105.454,91.687,67.48904761904762,5.4,5.1,5.0,4.6,100.2674,101.5336,102.3803,101.7893,7725.2,7670.0,7483.9,7287.8,171116.0,171079.0,173364.0,173830.0,79.5579,80.5381,81.1425,80.9238,3.88,3.51,4.1,5.1,196.6,187.9,178.6,173.8,59.8,69.5,75.5,85.3,888.663,968.434,803.203,655.66,214.19933333333336,213.15066666666667,210.83158333333333,2.2900000000000005,3.0049999999999994,3.9791666666666665,114.47735786435787,103.91259163059163,91.49367640444986,5.166666666666667,5.066666666666666,4.866666666666666,100.89316666666667,101.52473333333334,101.72528333333334,7702.566666666667,7618.849999999999,7500.758333333334,170905.33333333334,171738.0,173350.33333333334,80.04453333333333,80.51520000000001,80.68979999999999,3.6899999999999995,3.775,4.218333333333334,191.79999999999998,186.28333333333333,180.51666666666665,63.96666666666667,69.43333333333334,76.34166666666667,922.2673333333333,896.9830000000001,803.4878333333332,-13.157894736842103,-62.28571428571429,11.384893189420865,97.61802428707873,8.000000000000007,22.72727272727273,-0.6057782381776122,-1.4383086308347726,0.1646677471636826,6.486918644721951,0.34893063024494797,-2.5596346470323605,-0.5993433086449285,-1.7857054678511286,5.434782608695654,-18.31578947368421,2.9858564693556744,13.44489324870166,-4.472843450479235,-32.276330690826725,-2.313057529638729,33.17094004285865,6.789718086030525,-0.02340228509985387,0.2864633804697245,1.2246467991473532e-16,-1.0,0,1,0,0,0.5917491656617146,0.3578027806118822,0.2898014551732553,0.23167517109623503,0.39366334943125025,0.34289078315966987,0.33465625622918954,1.04782350098509
2008-07-01,217.463,213.942,212.174,207.603,2.0,2.28,3.94,5.26,133.88,112.58045454545454,92.9704761904762,74.11761904761904,5.6,5.0,5.0,4.7,100.0335,100.8785,102.2448,101.6672,7743.9,7712.5,7517.5,7318.7,169650.0,170521.0,173145.0,174260.0,79.3571,80.0376,81.0549,80.7255,4.1,3.68,3.74,5.0,200.5,190.9,181.0,175.1,56.4,62.6,78.4,90.4,889.488,909.705,889.595,665.38,215.5376666666667,214.15366666666668,211.684,2.0866666666666673,2.631666666666667,3.7083333333333335,123.9526911976912,110.94475829725828,97.02625576952921,5.333333333333333,5.166666666666667,4.95,100.39313333333332,101.1336,101.57896666666666,7727.2,7662.183333333333,7538.766666666666,170429.0,171119.0,173002.0,79.65086666666667,80.21763333333334,80.55924166666667,3.8866666666666663,3.775,4.135000000000001,196.0,189.9333333333333,182.74166666666667,59.6,66.25,73.93333333333334,895.9520000000001,911.3638333333333,822.9735,1.0101010101010166,-61.904761904761905,6.764387567167285,98.3729282352692,3.703703703703698,21.739130434782616,-0.2332762193893445,-1.724935725071297,0.2420649303577882,6.258404456763356,-0.8567287687884284,-2.4046482195248187,-0.25239479674551424,-1.9360188226455022,5.670103092783507,-19.6078431372549,1.983723296032558,15.362485615650169,-5.685618729096986,-33.88042203985931,0.0928360919718818,35.66299606503372,6.790646016289763,0.0009279302592384298,0.30500365438868116,-0.4999999999999998,-0.8660254037844388,0,0,1,0,1.04782350098509,0.2314381020201539,0.3447705076970342,0.17805958481715844,0.6236702562223195,0.4692277907949756,0.4026686170532608,0.7141444751521009
2008-08-01,219.016,215.208,212.687,207.667,2.01,1.98,2.98,5.02,133.3709090909091,125.39761904761905,95.386,72.35608695652174,5.8,5.4,4.9,4.6,99.676,100.2674,101.8438,101.863,7791.2,7725.2,7604.0,7394.8,167839.0,171116.0,171203.0,175125.0,79.0325,79.5579,80.7602,80.8082,4.01,3.88,3.74,4.67,205.5,196.6,182.7,172.4,61.2,59.8,70.8,83.4,939.772,888.663,922.298,665.411,217.229,215.29399999999998,212.63508333333334,1.9966666666666668,2.31,3.4375,130.88284271284272,117.6781637806638,101.96402993980341,5.6000000000000005,5.3,5.041666666666667,99.9923,100.70546666666667,101.41303333333333,7753.433333333333,7707.8,7578.141666666666,169535.0,170234.66666666666,172466.91666666666,79.31583333333334,79.88056666666667,80.41815833333334,3.996666666666666,3.8200000000000003,4.0525,200.86666666666667,194.01666666666665,185.27499999999998,59.13333333333333,63.38333333333333,71.5,905.9743333333334,919.7266666666668,845.8395,0.49999999999998934,-61.78707224334601,-0.38025911942851653,79.94494535128149,3.571428571428581,23.404255319148938,-0.3573802776070001,-1.9585471027037116,0.6108033419853109,6.456064601636902,-1.0674918950780987,-3.6847239756685357,-0.40903712459251507,-2.097230738738065,-2.195121951219514,-19.800000000000008,2.493765586034913,17.361507709880076,8.510638297872353,-32.30088495575222,5.653139783785721,41.238390092879264,6.8456372926517775,0.054991276362014396,0.34527898662763157,-0.8660254037844384,-0.5000000000000004,0,0,1,0,0.7141444751521009,0.5917491656617146,0.24178268779397882,0.030828070885302594,0.7845723805996352,0.5307901187041534,0.447342357914506,-0.14884757278006422
2008-09-01,218.69,217.463,213.448,208.547,2.0,2.0,2.61,4.94,116.66619047619048,133.88,105.454,79.91473684210526,6.1,5.6,5.1,4.7,98.1111,100.0335,101.5336,102.0894,7805.8,7743.9,7670.0,7413.0,166725.0,169650.0,171079.0,175106.0,77.7251,79.3571,80.5381,80.9387,3.89,4.1,3.51,4.52,199.0,200.5,187.9,173.5,63.0,56.4,69.5,83.4,839.025,889.488,968.434,712.653,218.38966666666667,216.2945,213.5536666666667,2.0033333333333334,2.1466666666666665,3.185833333333333,127.97236652236653,121.22486219336218,105.65653856644246,5.833333333333333,5.5,5.166666666666667,99.27353333333333,100.08335,101.100375,7780.299999999999,7741.433333333334,7612.391666666666,168071.33333333334,169488.33333333334,171766.91666666666,78.7049,79.37471666666666,80.16123333333333,3.9999999999999996,3.8449999999999993,3.9875000000000003,201.66666666666666,196.73333333333332,187.49166666666665,60.199999999999996,62.083333333333336,69.8,889.4283333333334,905.8478333333333,860.3073333333333,-0.4975124378109319,-60.15936254980079,-12.525009185722979,61.23894392781961,5.1724137931034475,32.60869565217392,-1.5699867570929893,-3.6832804845724265,0.18739090255672775,5.557959647319732,-0.6637313139377654,-4.796573875803,-1.654256160440326,-3.8153306223873362,-2.9925187032418865,-16.702355460385434,-3.1630170316301665,15.4292343387471,2.941176470588225,-24.460431654676263,-10.720366216486553,26.091242855919127,6.732240503401104,-0.11339678925067354,0.23183560854369123,-1.0,-1.8369701987210297e-16,0,0,1,0,-0.14884757278006422,1.04782350098509,0.3578027806118822,0.42375533907650365,0.5377068011190422,0.46568507527514624,0.4323693876090588,0.08550916822900323
2008-10-01,218.877,219.016,213.942,209.19,1.81,2.01,2.28,4.76,104.11428571428571,133.3709090909091,112.58045454545454,85.7986956521739,6.1,5.8,5.0,4.7,93.7895,99.676,100.8785,101.8015,7872.4,7791.2,7712.5,7428.1,164015.0,167839.0,170521.0,175593.0,74.2216,79.0325,80.0376,80.6837,3.69,4.01,3.68,4.53,196.9,205.5,190.9,174.7,70.3,61.2,62.6,80.9,829.932,939.772,909.705,754.604,218.861,217.19933333333333,214.4145,1.9400000000000002,2.013333333333333,2.9250000000000003,118.05046176046176,121.00157647907649,107.67316763912415,6.0,5.666666666666667,5.283333333333333,97.1922,98.79266666666668,100.40871666666665,7823.133333333334,7775.166666666667,7650.674999999999,166193.0,168311.0,170842.66666666666,76.99306666666666,78.32196666666667,79.60147500000001,3.863333333333333,3.875,3.9183333333333334,200.46666666666667,198.23333333333335,189.44166666666663,64.83333333333333,62.21666666666667,68.70833333333333,869.5763333333333,882.7641666666668,870.0805833333334,-9.499999999999996,-63.36032388663968,-10.758819423752753,30.281710018007924,0.0,29.78723404255319,-4.4048023108496315,-8.130031129578574,0.853211714366231,6.197221098070949,-1.6254310991153043,-6.333877765467777,-4.507552901186362,-8.298996648080593,-5.141388174807204,-18.36283185840707,-1.0552763819095423,13.487031700288178,11.58730158730159,-15.707434052757808,-1.0837579333154546,16.456676671535785,6.721343769723542,-0.010896733677562054,0.1523491437912865,-0.8660254037844386,0.5000000000000001,0,0,0,1,0.08550916822900323,0.7141444751521009,0.2314381020201539,0.3083237831280172,0.2169353568670133,0.4203028065446664,0.4041822067051004,-0.8598436564828615
2008-11-01,216.995,218.69,215.208,210.834,0.97,2.0,1.98,4.49,76.6086956521739,116.66619047619048,125.39761904761905,94.77238095238096,6.5,6.1,5.4,4.7,94.7219,98.1111,100.2674,102.3446,7974.9,7805.8,7725.2,7453.6,159514.0,166725.0,171116.0,175862.0,74.8669,77.7251,79.5579,81.1065,3.81,3.89,3.88,4.15,186.4,199.0,196.6,179.0,57.6,63.0,59.8,76.1,806.62,839.025,888.663,806.248,218.18733333333333,217.70816666666667,215.06491666666668,1.5933333333333337,1.795,2.6091666666666664,99.12972394755003,115.00628333019637,106.90733430579083,6.233333333333333,5.916666666666667,5.433333333333334,95.54083333333334,97.76656666666668,99.81874999999998,7884.366666666666,7818.900000000001,7696.241666666668,163418.0,166476.5,169502.75,75.60453333333334,77.46018333333333,79.11674166666667,3.7966666666666664,3.8966666666666665,3.858333333333334,194.1,197.48333333333335,190.41666666666666,63.63333333333333,61.38333333333333,66.76666666666667,825.1923333333334,865.5833333333335,874.41525,-46.408839779005525,-79.6218487394958,-26.41865126712166,-10.71111854340544,6.557377049180335,38.29787234042552,0.9941411352017093,-6.954317961916079,1.302017173924086,7.361236386155268,-2.744261195622355,-9.156970949867027,0.8694234562445446,-7.209386778246407,3.2520325203251987,-15.89403973509934,-5.332656170645,6.69719519175731,-18.065433854907532,-28.80098887515451,-2.8089048259375526,6.893151904840145,6.692852677569506,-0.028491092154036224,0.06665956923171734,-0.5000000000000004,0.8660254037844384,0,0,0,1,-0.8598436564828615,-0.14884757278006422,0.5917491656617146,0.7858884267890387,-0.30772735367797416,0.23842251346083052,0.3068349200708605,-1.7705477084725474
2008-12-01,213.153,218.877,217.463,211.445,0.39,1.81,2.0,4.24,57.30947368421053,104.11428571428571,133.88,91.687,6.8,6.1,5.6,5.0,93.4715,93.7895,100.0335,102.3803,8027.0,7872.4,7743.9,7483.9,155990.0,164015.0,169650.0,173364.0,73.782,74.2216,79.3571,81.1425,3.53,3.69,4.1,4.1,176.8,196.9,200.5,178.6,55.3,70.3,56.4,75.5,760.863,829.932,889.488,803.203,216.34166666666667,217.36566666666667,215.25816666666665,1.0566666666666669,1.53,2.2675,79.34415168355672,103.65825910296161,103.78542536677664,6.466666666666666,6.1499999999999995,5.608333333333333,93.99430000000001,96.63391666666666,99.079325,7958.099999999999,7869.2,7744.025000000001,159839.66666666666,163955.5,167846.75,74.29016666666666,76.49753333333332,78.50636666666666,3.676666666666666,3.8383333333333334,3.806666666666667,186.70000000000002,194.1833333333333,190.23333333333335,61.06666666666666,60.633333333333326,65.03333333333333,799.1383333333333,844.2833333333333,870.6331666666666,-59.79381443298969,-91.31403118040089,-25.191946950235966,-39.52935115874521,4.615384615384621,44.68085106382978,-1.3200748718089517,-8.669827230747885,0.6532997278962727,7.692926907802944,-2.2092104768233534,-11.299769137164372,-1.4491050116940962,-9.030718869634368,-7.349081364829402,-14.939759036144595,-5.150214592274671,-1.229050279329602,-3.993055555555558,-27.33245729303547,-5.672683543676071,-5.629161250632553,6.634453315373801,-0.058399362195705073,-0.05793807211295032,-2.4492935982947064e-16,1.0,0,0,0,1,-1.7705477084725474,0.08550916822900323,1.04782350098509,0.2898014551732553,-0.8482940655754686,-0.15529363222821316,0.09379857546572834,-0.8233522399403226
2009-01-01,211.398,216.995,219.016,212.174,0.16,0.97,2.01,3.94,41.121818181818185,76.6086956521739,133.3709090909091,92.9704761904762,7.3,6.5,5.8,5.0,90.8357,94.7219,99.676,102.2448,8204.7,7974.9,7791.2,7517.5,153628.0,159514.0,167839.0,173145.0,71.607,74.8669,79.0325,81.0549,2.42,3.81,4.01,3.74,170.9,186.4,205.5,181.0,60.1,57.6,61.2,78.4,816.092,806.62,939.772,889.595,213.84866666666667,216.35483333333332,215.25424999999998,0.5066666666666669,1.2233333333333332,1.9275,58.34666250606754,88.19856213326466,99.57166021526147,6.866666666666666,6.433333333333333,5.8,93.00970000000001,95.10095,98.117275,8068.866666666666,7946.0,7804.091666666666,156377.33333333334,161285.16666666666,166202.08333333334,73.41863333333333,75.20585,77.71174166666667,3.2533333333333325,3.5583333333333336,3.6666666666666665,178.03333333333333,189.25,189.5916666666667,57.666666666666664,61.25,63.75,794.5250000000001,832.0506666666666,871.7072499999999,-58.97435897435898,-96.22641509433963,-28.246037629991783,-55.1497833042654,7.352941176470584,46.0,-2.819896973943936,-11.276192783181926,2.2137784975707175,9.6313419473804,-1.5141996281812897,-11.384139729124843,-2.947873465072781,-11.751548202236805,-31.444759206798867,-40.975609756097555,-3.3371040723981893,-4.311310190369532,8.679927667269439,-20.397350993377483,7.25873120390923,1.6047001816477335,6.704527093706895,0.0700737783330947,0.015919609716644523,0.49999999999999994,0.8660254037844387,1,0,0,0,-0.8233522399403226,-0.8598436564828615,0.7141444751521009,0.3447705076970342,-1.1512478682985772,-0.46715625571578195,0.0010357675395968509,0.2530771341261451
2009-02-01,211.933,213.153,218.69,212.687,0.15,0.39,2.0,2.98,41.71,57.30947368421053,116.66619047619048,95.386,7.8,6.8,6.1,4.9,88.57,93.4715,98.1111,101.8438,8289.0,8027.0,7805.8,7604.0,155609.0,155990.0,166725.0,171203.0,69.7304,73.782,77.7251,80.7602,2.52,3.53,3.89,3.74,171.2,176.8,199.0,182.7,61.2,55.3,63.0,70.8,858.69,760.863,839.025,922.298,212.16133333333335,215.17433333333335,215.23416666666665,0.23333333333333361,0.9133333333333334,1.6116666666666666,46.713763955342905,72.92174395144647,95.29995386605513,7.3,6.766666666666667,6.033333333333332,90.95906666666667,93.24995,96.97770833333334,8173.566666666667,8028.966666666667,7868.383333333334,155075.66666666666,159246.83333333334,164740.75,71.70646666666667,73.6555,76.76803333333334,2.8233333333333324,3.3100000000000005,3.565,172.9666666666667,183.53333333333333,188.775,58.866666666666674,61.25,62.31666666666667,811.8816666666667,818.5369999999999,869.1318333333334,-6.25,-96.19289340101524,1.4303400097271934,-55.13629518843668,6.849315068493156,56.00000000000001,-2.4942836351786957,-13.374567704176643,1.0274598705619864,10.26272031925508,1.2894784804853288,-10.127927459643649,-2.620693507617966,-13.971394696680894,4.132231404958686,-32.620320855614985,0.17554125219425565,-5.414364640883984,1.830282861896837,-21.938775510204078,5.21975463550679,-3.4740527993075476,6.755407972099974,0.05088087839307853,-0.03535833087695206,0.8660254037844386,0.5000000000000001,1,0,0,0,0.2530771341261451,-1.7705477084725474,-0.14884757278006422,0.24178268779397882,-0.7802742714289083,-0.5440008125534412,-0.006605346924643911,0.3642660652187324
2009-03-01,212.705,211.398,218.877,213.448,0.22,0.16,1.81,2.61,39.08736842105263,41.121818181818185,104.11428571428571,105.454,8.3,7.3,6.1,5.1,88.031,90.8357,93.7895,101.5336,8319.3,8204.7,7872.4,7670.0,154381.0,153628.0,164015.0,171079.0,69.2326,71.607,74.2216,80.5381,2.87,2.42,3.69,3.51,169.3,170.9,196.9,187.9,56.3,60.1,70.3,69.5,943.0,816.092,829.932,968.434,212.01200000000003,214.17683333333335,215.23566666666667,0.17666666666666697,0.6166666666666667,1.3816666666666668,40.6397288676236,59.99194027559016,90.60840123447618,7.8,7.133333333333333,6.316666666666666,89.14556666666668,91.56993333333334,95.82664166666666,8271.0,8114.549999999999,7927.991666666668,154539.33333333334,157189.5,163338.91666666666,70.19,72.24008333333333,75.8074,2.603333333333333,3.14,3.4924999999999997,170.46666666666667,178.58333333333334,187.6583333333333,59.199999999999996,60.13333333333333,61.10833333333333,872.594,835.8661666666667,870.857,46.66666666666668,-92.61744966442953,-6.287776501911702,-59.02190214386531,6.410256410256432,69.38775510204083,-0.6085582025516345,-13.562730377303279,0.36554469779224164,9.406891109942128,-0.7891574394797263,-9.825762399023386,-0.7138923625850335,-14.273862620449174,13.888888888888884,-23.2620320855615,-1.1098130841121323,-7.334428024083184,-8.006535947712424,-20.48022598870056,9.818444374570557,2.244610744032838,6.849066282633458,0.09365831053348384,0.022197900885949196,1.0,6.123233995736766e-17,1,0,0,0,0.3642660652187324,-0.8233522399403226,0.08550916822900323,0.3578027806118822,-0.0686696801984817,-0.4584818728869751,0.003601601194085554,-0.0987282856538485
2009-04-01,212.495,211.933,216.995,213.942,0.18,0.15,0.97,2.28,47.939090909090915,41.71,76.6086956521739,112.58045454545454,8.7,7.8,6.5,5.0,86.6528,88.57,94.7219,100.8785,8386.4,8289.0,7974.9,7712.5,151831.0,155609.0,159514.0,170521.0,68.0889,69.7304,74.8669,80.0376,2.82,2.52,3.81,3.68,168.1,171.2,186.4,190.9,57.3,61.2,57.6,62.6,924.273,858.69,806.62,909.705,212.37766666666667,213.11316666666667,215.15625,0.1833333333333336,0.345,1.1791666666666665,42.912153110047846,50.62940780805769,85.81549214356708,8.266666666666666,7.566666666666666,6.616666666666667,87.75126666666665,90.38048333333334,94.586575,8331.566666666666,8200.216666666667,7987.691666666666,153940.33333333334,155158.83333333334,161734.91666666666,69.01729999999999,71.21796666666667,74.76996666666666,2.736666666666666,2.9949999999999997,3.435,169.53333333333333,173.78333333333333,186.00833333333335,58.26666666666667,57.96666666666667,60.09166666666666,908.6543333333333,851.5896666666666,867.1769166666668,-18.181818181818187,-93.10344827586206,22.645992415469717,-54.54028210490743,4.819277108433728,70.58823529411764,-1.5655848507912018,-14.656035046526473,0.8065582440830443,9.34028683181225,-1.6517576644794363,-11.250942547010446,-1.6519674257503114,-15.457528796929655,-1.7421602787456525,-19.658119658119656,-0.7088009450679333,-10.537519957424168,1.7761989342806483,-17.55395683453238,-1.9858960763520672,-4.5600422950866975,6.82900748254904,-0.02005880008441796,-0.04667285135744237,0.8660254037844387,-0.49999999999999983,0,1,0,0,-0.0987282856538485,0.2530771341261451,-0.8598436564828615,0.2314381020201539,0.17287163789700966,-0.48918811520078376,-0.034442654328058674,0.10070825195886979
2009-05-01,212.709,212.705,213.153,215.208,0.15,0.22,0.39,1.98,49.64666666666666,39.08736842105263,57.30947368421053,125.39761904761905,9.0,8.3,6.8,5.4,85.9344,88.031,93.4715,100.2674,8391.1,8319.3,8027.0,7725.2,152473.0,154381.0,155990.0,171116.0,67.4762,69.2326,73.782,79.5579,2.93,2.87,3.53,3.88,169.1,169.3,176.8,196.6,65.1,56.3,55.3,59.8,890.2,943.0,760.863,888.663,212.63633333333334,212.39883333333333,215.0535,0.18333333333333365,0.20833333333333334,1.0016666666666667,45.5577086656034,46.135736310473156,80.57100982033477,8.666666666666666,7.983333333333333,6.95,86.87273333333333,88.91590000000001,93.34123333333332,8365.6,8269.583333333334,8044.241666666666,152895.0,153985.33333333334,160230.91666666666,68.2659,69.98618333333333,73.72318333333332,2.873333333333333,2.848333333333333,3.3725,168.83333333333334,170.9,184.1916666666667,59.56666666666666,59.21666666666666,60.300000000000004,919.1576666666666,865.5196666666666,865.5515,-16.666666666666664,-93.42105263157895,3.5619694182643213,-55.901166976882536,3.4482758620689724,80.0,-0.8290557258392117,-14.81395936696125,0.056043117428217215,8.798703403565655,0.42283855075708754,-10.584033638085632,-0.8998529863164073,-15.694373644387127,3.900709219858167,-20.380434782608692,0.5948839976204656,-11.419591409114727,13.612565445026181,3.9936102236421522,-3.686464929733957,-2.144101659329123,6.791446156581754,-0.03756132596728534,-0.02167421454862417,0.49999999999999994,-0.8660254037844387,0,1,0,0,0.10070825195886979,0.3642660652187324,-1.7705477084725474,0.5917491656617146,0.12208201050791789,-0.3290961304604952,-0.04533680849983235,0.14714939189219844
2009-06-01,213.022,212.495,211.398,217.463,0.18,0.18,0.16,2.0,59.028499999999994,47.939090909090915,41.121818181818185,133.88,9.4,8.7,7.3,5.6,85.0665,86.6528,90.8357,100.0335,8449.2,8386.4,8204.7,7743.9,153510.0,151831.0,153628.0,169650.0,66.7676,68.0889,71.607,79.3571,3.29,2.82,2.42,4.1,170.8,168.1,170.9,200.5,68.7,57.3,60.1,56.4,928.645,924.273,816.092,889.488,212.742,212.37699999999998,214.87133333333335,0.1700000000000003,0.17333333333333334,0.8516666666666666,52.20475252525252,46.422240696438074,75.04024989969984,9.033333333333333,8.416666666666666,7.283333333333332,85.88456666666666,87.51506666666667,92.07449166666667,8408.9,8339.949999999999,8104.575,152604.66666666666,153572.0,158763.75,67.44423333333334,68.81711666666666,72.657325,3.0133333333333323,2.8083333333333336,3.323333333333333,169.33333333333334,169.9,182.04166666666666,63.699999999999996,61.45000000000001,61.041666666666664,914.3726666666666,893.4833333333335,868.8833333333333,19.999999999999996,-90.9090909090909,18.897206928964682,-52.926937171283726,4.444444444444451,74.07407407407408,-1.009956431882919,-15.160361194166793,0.6924002812503716,9.371925645937985,0.6801204147619533,-10.288926809883359,-1.0501480522021156,-16.076718968198,12.286689419795227,-15.20618556701031,1.0053222945002993,-13.123092573753803,5.529953917050712,14.88294314381271,4.318692428667714,4.499118338447761,6.833726534459054,0.04228037787729999,0.04400844842852969,1.2246467991473532e-16,-1.0,0,1,0,0,0.14714939189219844,-0.0987282856538485,-0.8233522399403226,1.04782350098509,0.04970978606573991,-0.009479947066370897,-0.08238678964729203,0.8299612246622345
2009-07-01,214.79,212.709,211.933,219.016,0.21,0.15,0.15,2.01,69.64090909090909,49.64666666666666,41.71,133.3709090909091,9.5,9.0,7.8,5.8,84.7459,85.9344,88.57,99.676,8459.3,8391.1,8289.0,7791.2,154675.0,152473.0,155609.0,167839.0,66.5138,67.4762,69.7304,79.0325,3.72,2.93,2.52,4.01,174.1,169.1,171.2,205.5,70.8,65.1,61.2,61.2,945.67,890.2,858.69,939.772,213.50699999999998,212.94233333333332,214.64858333333333,0.18000000000000027,0.18166666666666664,0.7025,59.43869191919191,51.17542251461989,69.68699232394228,9.299999999999999,8.783333333333333,7.608333333333333,85.24893333333334,86.50009999999999,90.800525,8433.2,8382.383333333333,8164.191666666667,153552.66666666666,153746.5,157515.83333333334,66.9192,67.96825,71.58704999999999,3.3133333333333326,3.025,3.2916666666666665,171.33333333333334,170.43333333333334,179.84166666666667,68.2,63.23333333333333,62.24166666666667,921.505,915.0796666666666,873.5651666666668,16.666666666666675,-89.5,17.978449547098595,-47.98258956460331,1.0638297872340496,69.64285714285717,-0.37688161614736204,-15.282480369076357,0.1195379444207667,9.238239130154046,0.7589082144485726,-8.826996758031235,-0.38012449151983985,-16.184185157975783,13.06990881458967,-9.268292682926816,1.932084309133475,-13.167082294264343,3.056768558951961,25.531914893617014,1.8333162834021532,6.316217869156171,6.851893670984723,0.018167136525669036,0.061247654694960296,-0.4999999999999998,-0.8660254037844388,0,0,1,0,0.8299612246622345,0.10070825195886979,0.2530771341261451,0.7141444751521009,0.35927295617110094,0.26607229703405527,-0.10054197934086333,-0.029796545463012247
2009-08-01,214.726,213.022,212.705,218.69,0.16,0.18,0.22,2.0,64.15227272727272,59.028499999999994,39.08736842105263,116.66619047619048,9.5,9.4,8.3,6.1,85.7027,85.0665,88.031,98.1111,8463.5,8449.2,8319.3,7805.8,155393.0,153510.0,154381.0,166725.0,67.29,66.7676,69.2326,77.7251,3.56,3.29,2.87,3.89,172.5,170.8,169.3,199.0,66.0,68.7,56.3,63.0,934.228,928.645,943.0,839.025,214.17933333333335,213.40783333333334,214.29108333333332,0.18333333333333365,0.18333333333333335,0.5483333333333332,64.27389393939394,54.915801302498664,63.918772626972576,9.466666666666667,9.066666666666666,7.916666666666667,85.1717,86.02221666666667,89.63608333333333,8457.333333333334,8411.466666666667,8220.216666666667,154526.0,153710.5,156478.66666666666,66.85713333333335,67.56151666666668,70.60850833333333,3.523333333333333,3.1983333333333337,3.2541666666666664,172.46666666666667,170.65,177.09166666666667,68.5,64.03333333333333,62.64166666666666,936.1809999999999,927.6693333333334,873.1031666666667,-23.809523809523803,-92.03980099502488,-7.881339338163318,-51.899351091964995,0.0,63.793103448275865,1.129022170984073,-14.018720654921957,0.04964949818544451,8.628966012937678,0.4641991272021917,-7.415439796471624,1.1669758756829518,-14.857811659760213,-4.301075268817211,-11.221945137157096,-0.9190120620333087,-16.058394160583944,-6.779661016949145,7.843137254901955,-1.2099358127042215,-0.5899303235252895,6.8397205197875515,-0.012173151197171883,-0.005916772864225983,-0.8660254037844384,-0.5000000000000004,0,0,1,0,-0.029796545463012247,0.14714939189219844,0.3642660652187324,-0.14884757278006422,0.3157713570304736,0.21892668376919575,-0.16253706439212276,0.33484533777929926
2009-09-01,215.445,214.79,212.495,218.877,0.16,0.21,0.18,1.81,71.04476190476191,69.64090909090909,47.939090909090915,104.11428571428571,9.6,9.5,8.7,6.1,86.6426,84.7459,86.6528,93.7895,8463.0,8459.3,8386.4,7872.4,157621.0,154675.0,151831.0,164015.0,68.0795,66.5138,68.0889,74.2216,3.59,3.72,2.82,3.69,175.0,174.1,168.1,196.9,65.7,70.8,57.3,70.3,949.375,945.67,924.273,829.932,214.987,213.86450000000002,214.02066666666664,0.17666666666666697,0.17333333333333334,0.395,68.27931457431457,60.24203354978355,60.116986912686855,9.533333333333333,9.283333333333333,8.208333333333334,85.69706666666667,85.79081666666667,88.68037500000001,8461.933333333332,8435.416666666666,8274.983333333334,155896.33333333334,154250.5,155720.0,67.29443333333334,67.36933333333333,69.80470833333332,3.6233333333333326,3.3183333333333334,3.2291666666666665,173.86666666666667,171.6,175.09166666666667,67.5,65.60000000000001,62.86666666666667,943.091,928.7318333333334,882.299,0.0,-92.0,10.74395167072395,-39.104241241800985,1.0526315789473717,57.377049180327866,1.0966982370450573,-11.689299172061052,-0.005907721391862353,8.41938046068309,1.433784018585138,-5.460488828909882,1.17327983355624,-12.409890756010611,0.8426966292134797,-7.7120822622108065,1.449275362318847,-12.060301507537686,-0.4545454545454519,4.285714285714293,1.6213386882003133,13.152170674294572,6.8558038733500375,0.016083353562486025,0.12356336994893358,-1.0,-1.8369701987210297e-16,0,0,1,0,0.33484533777929926,0.8299612246622345,-0.0987282856538485,0.08550916822900323,0.37833667232617385,0.21402322919595687,-0.12222932184550912,0.19308872334005134
2009-10-01,215.861,214.726,212.709,216.995,0.15,0.16,0.15,0.97,69.40809523809523,64.15227272727272,49.64666666666666,76.6086956521739,9.8,9.5,9.0,6.5,87.4063,85.7027,85.9344,94.7219,8461.6,8463.5,8391.1,7974.9,153338.0,155393.0,152473.0,159514.0,68.7549,67.29,67.4762,74.8669,3.4,3.56,2.93,3.81,174.1,172.5,169.1,186.4,73.5,66.0,65.1,57.6,996.591,934.228,890.2,806.62,215.34400000000002,214.42549999999997,213.76933333333332,0.15666666666666698,0.16833333333333333,0.25666666666666665,68.20170995670995,63.820200937950936,57.22480437300431,9.633333333333333,9.466666666666667,8.516666666666667,86.58386666666667,85.91640000000001,88.14844166666667,8462.699999999999,8447.949999999999,8324.083333333334,155450.66666666666,154501.66666666666,154830.25,68.04146666666666,67.48033333333335,69.34915,3.5166666666666657,3.4149999999999996,3.205,173.86666666666665,172.6,173.19166666666663,68.39999999999999,68.3,63.13333333333333,960.0646666666667,940.7848333333333,896.18725,-6.25,-91.71270718232044,-2.3037119455206256,-33.33470545188438,2.083333333333348,60.65573770491805,0.881437075988023,-6.805879122929537,-0.016542597187751973,7.484375793912923,-2.7172775201273924,-6.5097704478248914,0.9920754412121369,-7.365376116925515,-5.292479108635096,-7.859078590785906,-0.5142857142857227,-11.579481970543426,11.87214611872145,4.551920341394022,4.97337722185649,20.08104278422811,6.904340455102132,0.048536581752094854,0.18299668537859048,-0.8660254037844386,0.5000000000000001,0,0,0,1,0.19308872334005134,-0.029796545463012247,0.10070825195886979,-0.8598436564828615,0.16604583855211277,0.26265939736160687,-0.11326435891958846,0.3001931798703783
2009-11-01,216.509,215.445,213.022,213.153,0.12,0.16,0.18,0.39,75.71545454545455,71.04476190476191,59.028499999999994,57.30947368421053,10.0,9.6,9.4,6.8,87.6419,86.6426,85.0665,93.4715,8487.9,8463.0,8449.2,8027.0,154541.0,157621.0,153510.0,155990.0,69.0357,68.0795,66.7676,73.782,3.39,3.59,3.29,3.53,175.2,175.0,170.8,176.8,70.6,65.7,68.7,55.3,1043.159,949.375,928.645,760.863,215.93833333333336,215.0588333333333,213.72883333333334,0.14333333333333362,0.16333333333333333,0.18583333333333338,72.05610389610389,68.16499891774892,57.15036761411104,9.799999999999999,9.633333333333333,8.808333333333334,87.23026666666668,86.20098333333334,87.55844166666667,8470.833333333334,8464.083333333334,8366.833333333334,155166.66666666666,154846.33333333334,154415.83333333334,68.62336666666668,67.74025,68.86321666666667,3.459999999999999,3.4916666666666667,3.17,174.76666666666665,173.61666666666667,172.25833333333333,69.93333333333332,69.21666666666667,64.21666666666665,996.375,966.2780000000001,915.8988333333333,-19.999999999999996,-87.62886597938144,9.087353983310976,-1.1659787431637536,2.0408163265306145,53.846153846153854,0.26954578788944694,-7.474512230012276,0.31081592133874736,6.432682541473866,0.7845413400461743,-3.1175946938826637,0.4084072553374396,-7.7887557785883965,-0.2941176470588225,-11.023622047244096,0.6318207926478969,-6.008583690987135,-3.9455782312925236,22.569444444444443,4.6727293343006515,29.32471299992563,6.9500088882528,0.045668433150667376,0.2571562106832941,-0.5000000000000004,0.8660254037844384,0,0,0,1,0.3001931798703783,0.33484533777929926,0.14714939189219844,-1.7705477084725474,0.27604241366324295,0.2959068853468583,-0.016594622556818466,0.3348590589767664
2009-12-01,217.234,215.861,214.79,211.398,0.12,0.15,0.21,0.16,77.99,69.40809523809523,69.64090909090909,41.121818181818185,9.9,9.8,9.5,7.3,88.0221,87.4063,84.7459,90.8357,8517.0,8461.6,8459.3,8204.7,155280.0,153338.0,154675.0,153628.0,69.447,68.7549,66.5138,71.607,3.4,3.4,3.72,2.42,177.4,174.1,174.1,170.9,67.4,73.5,70.8,60.1,1127.036,996.591,945.67,816.092,216.53466666666665,215.76083333333335,214.0689166666667,0.1300000000000003,0.15333333333333335,0.16333333333333333,74.37118326118326,71.32524891774892,58.87374480709349,9.9,9.716666666666667,9.066666666666666,87.69009999999999,86.69358333333332,87.104325,8488.833333333334,8475.383333333333,8407.666666666666,154386.33333333334,155141.33333333334,154356.66666666666,69.07920000000001,68.18681666666667,68.50196666666666,3.396666666666666,3.5100000000000002,3.159166666666667,175.56666666666663,174.71666666666667,172.30833333333337,70.5,69.0,65.22500000000001,1055.5953333333334,999.3431666666667,946.41325,0.0,-69.23076923076923,3.004070263066261,36.08570274043053,-1.0000000000000009,45.588235294117666,0.4338107685935455,-5.83001235670767,0.3428409854027592,6.104397657904581,0.47819025371906854,-0.4551573818834531,0.5957787058000319,-5.875416768317465,0.2949852507374562,-3.682719546742208,1.255707762557079,0.33936651583710287,-4.5325779036827,21.880650994575056,8.040672610790867,48.12600954442521,7.02734645674167,0.07733756848887019,0.39289314136786935,-2.4492935982947064e-16,1.0,0,0,0,1,0.3348590589767664,0.19308872334005134,0.8299612246622345,-0.8233522399403226,0.276046987395732,0.3271918298609529,0.158855941397291,0.052017639964274665
2010-01-01,217.347,216.509,214.726,211.933,0.12,0.12,0.16,0.15,74.47,75.71545454545455,64.15227272727272,41.71,9.9,10.0,9.5,7.8,88.3793,87.6419,85.7027,88.57,8512.2,8487.9,8463.5,8289.0,155850.0,154541.0,155393.0,155609.0,69.8541,69.0357,67.29,69.7304,3.59,3.39,3.56,2.52,178.1,175.2,172.5,171.2,72.5,70.6,66.0,61.2,1134.724,1043.159,934.228,858.69,217.02999999999997,216.187,214.56466666666665,0.12,0.13833333333333334,0.16,76.05848484848485,72.1300974025974,61.65275995860864,9.933333333333332,9.783333333333333,9.283333333333333,88.01443333333333,87.29915,86.899625,8505.7,8484.199999999999,8433.291666666666,155223.66666666666,155337.16666666666,154541.83333333334,69.4456,68.74353333333333,68.35589166666666,3.4599999999999995,3.4883333333333333,3.2566666666666664,176.9,175.38333333333333,172.90833333333333,70.16666666666667,69.28333333333335,66.25833333333334,1101.6396666666667,1030.8521666666666,972.9659166666667,0.0,-25.0,-4.513399153737652,81.09607817128708,0.0,35.616438356164394,0.4058071779700745,-2.704223119324234,-0.0563578724903091,3.7478518410179573,0.36707882534776637,1.4463509256125162,0.5862024277506483,-2.4479450333067976,5.588235294117649,48.347107438016536,0.3945885005636862,4.21299005266238,7.566765578635004,20.63227953410982,0.682143250082512,39.04363723697817,7.034144728538278,0.006798271796608191,0.32961763483138284,0.49999999999999994,0.8660254037844387,1,0,0,0,0.052017639964274665,0.3001931798703783,-0.029796545463012247,0.2530771341261451,0.22902329293713977,0.19753456574462627,0.23180343138934079,0.06487322116246474
2010-02-01,217.488,217.234,215.445,212.705,0.11,0.12,0.16,0.22,78.32578947368421,77.99,71.04476190476191,39.08736842105263,9.8,9.9,9.6,8.3,89.3426,88.0221,86.6426,88.031,8477.7,8517.0,8463.0,8319.3,155913.0,155280.0,157621.0,154381.0,70.7532,69.447,68.0795,69.2326,3.73,3.4,3.59,2.87,181.9,177.4,175.0,169.3,74.4,67.4,65.7,56.3,1117.963,1127.036,949.375,943.0,217.3563333333333,216.64733333333334,215.02758333333335,0.11666666666666696,0.12999999999999998,0.15666666666666668,76.92859649122806,74.49235019366598,64.70407574808233,9.866666666666667,9.833333333333334,9.450000000000001,88.58133333333332,87.9058,86.96400833333333,8502.300000000001,8486.566666666668,8449.016666666666,155681.0,155423.83333333334,154567.16666666666,70.0181,69.32073333333334,68.441125,3.5733333333333324,3.516666666666666,3.3575,179.13333333333333,176.95000000000002,173.79999999999998,71.43333333333334,70.68333333333334,67.35833333333333,1126.5743333333332,1061.4746666666667,994.572,-8.333333333333325,-26.66666666666666,5.1776412967425856,87.78659667629876,-1.0101010101010055,25.64102564102566,1.089961110803106,0.87230439200634,-0.40530062733488137,2.2765110387260368,0.040423484119345154,0.195361450815823,1.2871112790802552,1.4667921021534358,3.8997214484679743,48.01587301587303,2.133632790567108,6.25,2.6206896551724146,21.568627450980404,-1.4770992770048008,30.19401646694382,7.0192635583552345,-0.01488117018304358,0.26385558625526073,0.8660254037844386,0.5000000000000001,1,0,0,0,0.06487322116246474,0.3348590589767664,0.33484533777929926,0.3642660652187324,0.1505833067011686,0.21331286018220577,0.21611977197570076,-0.09517766497462166
2010-03-01,217.281,217.347,215.861,212.495,0.13,0.12,0.15,0.18,76.38736842105263,74.47,69.40809523809523,47.939090909090915,9.8,9.9,9.8,8.7,89.6779,88.3793,87.4063,86.6528,8527.3,8512.2,8461.6,8386.4,156286.0,155850.0,153338.0,151831.0,71.1612,69.8541,68.7549,68.0889,3.69,3.59,3.4,2.82,181.0,178.1,174.1,168.1,73.6,72.5,73.5,57.3,1095.413,1134.724,996.591,924.273,217.37199999999999,216.95333333333335,215.40891666666667,0.12000000000000029,0.125,0.14916666666666667,76.39438596491227,75.38278461304778,67.81240908141565,9.833333333333334,9.866666666666667,9.575000000000001,89.13326666666667,88.41168333333333,87.10125000000001,8505.733333333334,8497.283333333333,8466.35,156016.33333333334,155201.33333333334,154725.91666666666,70.5895,69.83435,68.60184166666667,3.6699999999999995,3.533333333333333,3.4258333333333333,180.33333333333334,177.95000000000002,174.775,73.5,72.0,68.8,1116.0333333333335,1085.8143333333333,1007.2730833333334,18.181818181818187,-40.90909090909091,-2.474818403564061,95.42724800043088,0.0,18.07228915662651,0.3752968908449006,1.8708182344855606,0.5850643452823157,2.5002103542365317,0.2392359841706604,1.2339601375817022,0.5766523634266552,2.7856818897455726,-1.072386058981234,28.57142857142856,-0.4947773501924213,6.910809214412272,-1.0752688172043112,30.728241563055047,-2.017061387541441,16.1625662778367,6.998886740090044,-0.020376818265190444,0.14982045745658645,1.0,6.123233995736766e-17,1,0,0,0,-0.09517766497462166,0.052017639964274665,0.19308872334005134,-0.0987282856538485,0.007237732050705918,0.14164235972321895,0.1778327944595879,0.03313681361922782
2010-04-01,217.353,217.488,216.509,212.709,0.16,0.11,0.12,0.15,81.20347826086957,78.32578947368421,75.71545454545455,49.64666666666666,9.9,9.8,10.0,9.0,90.2928,89.3426,87.6419,85.9344,8523.5,8477.7,8487.9,8391.1,159636.0,155913.0,154541.0,152473.0,71.7964,70.7532,69.0357,67.4762,3.73,3.73,3.39,2.93,183.3,181.9,175.2,169.1,73.6,74.4,70.6,65.1,1113.337,1117.963,1043.159,890.2,217.37400000000002,217.202,215.81375000000003,0.13333333333333364,0.12666666666666668,0.1475,78.63887871853548,77.34868178351017,70.58444136073054,9.833333333333334,9.883333333333335,9.675,89.7711,88.89276666666667,87.40458333333333,8509.5,8507.6,8477.775,157278.33333333334,156251.0,155376.33333333334,71.23693333333334,70.34126666666667,68.9108,3.7166666666666663,3.5883333333333334,3.501666666666667,182.0666666666667,179.48333333333335,176.04166666666666,73.86666666666666,72.01666666666667,70.15833333333335,1108.9043333333332,1105.2720000000002,1023.0284166666665,23.076923076923084,-11.111111111111105,6.304851102174647,69.38885723732106,1.0204081632652962,13.793103448275868,0.6856761810881018,4.200672107537207,-0.04456275726195669,1.6347896594486322,2.143506136186213,5.140583938721344,0.8926212599000838,5.445087231545842,1.084010840108407,32.2695035460993,1.27071823204421,9.042236763831069,0.0,28.446771378708547,1.6362778239805476,20.455428212227346,7.015117090710387,0.016230350620342726,0.18610960816134714,0.8660254037844387,-0.49999999999999983,0,1,0,0,0.03313681361922782,0.06487322116246474,0.3001931798703783,0.10070825195886979,0.0009441232690236371,0.11498370810308171,0.18882155273234427,0.023004053314190642
2010-05-01,217.403,217.281,217.234,213.022,0.2,0.13,0.12,0.18,84.29285714285714,76.38736842105263,77.99,59.028499999999994,9.9,9.8,9.9,9.4,90.5991,89.6779,88.0221,85.0665,8554.8,8527.3,8517.0,8449.2,160931.0,156286.0,155280.0,153510.0,72.1905,71.1612,69.447,66.7676,3.85,3.69,3.4,3.29,184.4,181.0,177.4,170.8,72.2,73.6,67.4,68.7,1148.688,1095.413,1127.036,928.645,217.3456666666667,217.351,216.20491666666666,0.16333333333333364,0.13999999999999999,0.15166666666666667,80.62790127492644,78.77824888307725,73.47162390041309,9.866666666666667,9.866666666666667,9.75,90.18993333333333,89.38563333333333,87.79330833333334,8535.199999999999,8518.75,8491.416666666666,158951.0,157316.0,156081.16666666666,71.71603333333333,70.86706666666667,69.30365833333333,3.756666666666666,3.6650000000000005,3.578333333333333,182.9,181.01666666666665,177.3166666666667,73.13333333333333,72.28333333333333,70.75,1119.146,1122.8601666666666,1044.5690833333333,25.0,33.33333333333335,3.804490827428375,69.78553204550253,0.0,10.000000000000009,0.3392297060230698,5.4282103558062955,0.3672200387164759,1.9508765239360626,0.811220526698242,5.547211637470251,0.5489133159879866,6.986611575637025,3.217158176943702,31.399317406143346,0.6001091107474155,9.047900650502672,-1.90217391304347,10.906298003072212,3.175229063616869,29.037070321276115,7.046375700504993,0.03125860979460615,0.25492954392323863,0.49999999999999994,-0.8660254037844387,0,1,0,0,0.023004053314190642,-0.09517766497462166,0.3348590589767664,0.14714939189219844,-0.013012266013734397,0.0687855203437171,0.18234620284528769,-0.05197720362644098
2010-06-01,217.29,217.353,217.347,214.79,0.2,0.16,0.12,0.21,73.7435,81.20347826086957,74.47,69.64090909090909,9.6,9.9,9.9,9.5,91.823,90.2928,88.3793,84.7459,8609.0,8523.5,8512.2,8459.3,159629.0,159636.0,155850.0,154675.0,73.3146,71.7964,69.8541,66.5138,3.42,3.73,3.59,3.72,184.8,183.3,178.1,174.1,73.6,73.6,72.5,70.8,1205.434,1113.337,1134.724,945.67,217.34866666666667,217.3603333333333,216.5605833333333,0.18666666666666698,0.15333333333333335,0.15333333333333335,79.74661180124224,78.07049888307726,74.69787390041309,9.799999999999999,9.816666666666666,9.766666666666667,90.90496666666667,90.01911666666666,88.35635,8562.433333333332,8534.083333333334,8504.733333333334,160065.33333333334,158040.83333333334,156591.08333333334,72.43383333333334,71.51166666666667,69.84924166666667,3.666666666666666,3.6683333333333334,3.589166666666667,184.16666666666666,182.25,178.48333333333335,73.13333333333333,73.31666666666666,71.15833333333333,1155.8196666666668,1135.9264999999998,1067.6348333333333,0.0,11.111111111111116,-12.515125836793494,24.928636167275144,-3.0303030303030387,2.127659574468077,1.3508964217083586,7.942609605426321,0.6335624444756327,1.891303318657389,-0.8090423846244699,3.9860595400950993,1.5571300932948118,9.80565423948141,-11.168831168831172,3.951367781155013,0.2169197396963085,8.196721311475418,1.9390581717451338,7.132459970887917,4.940070758987636,29.805684626525753,7.094594947055664,0.048219246550671,0.26086841259660964,1.2246467991473532e-16,-1.0,0,1,0,0,-0.05197720362644098,0.03313681361922782,0.052017639964274665,0.8299612246622345,0.0013878877689924944,0.004312809909849206,0.16575231988540107,-0.041879515854381655
2010-07-01,217.199,217.403,217.488,214.726,0.18,0.2,0.11,0.16,75.3359090909091,84.29285714285714,78.32578947368421,64.15227272727272,9.4,9.9,9.8,9.5,91.9928,90.5991,89.3426,85.7027,8628.1,8554.8,8477.7,8463.5,159538.0,160931.0,155913.0,155393.0,73.5918,72.1905,70.7532,67.29,3.2,3.85,3.73,3.56,183.5,184.4,181.9,172.5,76.0,72.2,74.4,66.0,1232.92,1148.688,1117.963,934.228,217.29733333333334,217.33566666666664,216.76133333333334,0.1933333333333336,0.16333333333333333,0.15083333333333335,77.79075541125542,78.21481706489544,75.17245723374641,9.633333333333333,9.733333333333334,9.758333333333335,91.47163333333333,90.62136666666667,88.96025833333333,8597.300000000001,8553.4,8518.8,160032.66666666666,158655.5,156996.33333333334,73.0323,72.13461666666667,70.439075,3.4899999999999998,3.6033333333333335,3.545833333333333,184.23333333333335,183.15,179.26666666666668,73.93333333333334,73.89999999999999,71.59166666666667,1195.6806666666669,1152.2924999999998,1091.5723333333333,-10.000000000000009,-14.28571428571429,2.1593890863724985,8.177664643300053,-2.083333333333326,-1.0526315789473606,0.18492098929463463,8.551328146848402,0.22186084330353406,1.9954369746906009,-0.05700718541117311,3.1440116373040228,0.3780965864916608,10.641400731878203,-6.43274853801169,-13.978494623655912,-0.703463203463206,5.399195864445727,3.260869565217406,7.344632768361592,2.2801746093108477,30.375289477301813,7.117140618658741,0.02254567160307719,0.2652469476740178,-0.4999999999999998,-0.8660254037844388,0,0,1,0,-0.041879515854381655,0.023004053314190642,0.06487322116246474,-0.029796545463012247,-0.02361755538887733,-0.011336716059926847,0.09309892484234972,0.18692535416828804
2010-08-01,217.605,217.29,217.281,215.445,0.18,0.2,0.13,0.16,76.31952380952382,73.7435,76.38736842105263,71.04476190476191,9.4,9.6,9.8,9.6,92.3421,91.823,89.6779,86.6426,8639.5,8609.0,8527.3,8463.0,159744.0,159629.0,156286.0,157621.0,74.0009,73.3146,71.1612,68.0795,3.01,3.42,3.69,3.59,184.1,184.8,181.0,175.0,67.8,73.6,73.6,65.7,1192.966,1205.434,1095.413,949.375,217.36466666666664,217.35516666666663,217.00125,0.18666666666666698,0.17500000000000002,0.1525,75.13297763347764,77.88043945420205,76.18639482393401,9.466666666666667,9.666666666666668,9.75,92.05263333333333,91.12128333333334,89.51354166666668,8625.533333333333,8580.366666666667,8533.466666666665,159637.0,159294.0,157358.91666666666,73.63576666666667,72.6759,70.99831666666667,3.2099999999999995,3.483333333333334,3.5,184.13333333333333,183.51666666666668,180.23333333333335,72.46666666666667,72.8,71.74166666666666,1210.44,1164.793,1113.1338333333333,0.0,12.5,1.3056386130918973,18.966204259009057,0.0,-1.0526315789473606,0.37970362897965515,7.747013804699288,0.13212642412581133,2.0795179299344158,0.12912284220687464,2.799997425881484,0.5559043262972185,9.973101500965953,-5.937500000000007,-15.449438202247201,0.3269754768392419,6.724637681159407,-10.789473684210527,2.7272727272727337,-3.240599552282397,27.695380570909876,7.084197922110906,-0.03294269654783477,0.2444774023233549,-0.8660254037844384,-0.5000000000000004,0,0,1,0,0.18692535416828804,-0.05197720362644098,-0.09517766497462166,0.33484533777929926,0.031022878229155133,0.009005306107710368,0.11115908314495808,0.14613634796996067
2010-09-01,217.923,217.199,217.353,215.861,0.19,0.18,0.16,0.15,76.59909090909092,75.3359090909091,81.20347826086957,69.40809523809523,9.5,9.4,9.9,9.8,92.6805,91.9928,90.2928,87.4063,8687.9,8628.1,8523.5,8461.6,160235.0,159538.0,159636.0,153338.0,74.3883,73.5918,71.7964,68.7549,2.7,3.2,3.73,3.4,184.9,183.5,183.3,174.1,68.9,76.0,73.6,73.5,1215.81,1232.92,1113.337,996.591,217.57566666666665,217.46216666666666,217.20775000000003,0.1833333333333336,0.18500000000000003,0.155,76.08484126984128,77.91572653554175,76.64925557429477,9.433333333333334,9.616666666666667,9.741666666666667,92.33846666666666,91.62171666666667,90.0167,8651.833333333334,8607.133333333333,8552.208333333334,159839.0,159952.16666666666,157576.75,73.99366666666667,73.21375,71.52405,2.9699999999999993,3.3183333333333334,3.4258333333333333,184.16666666666666,184.16666666666666,181.05833333333337,70.9,72.01666666666667,72.00833333333333,1213.8986666666667,1184.8591666666669,1135.3367500000002,5.555555555555558,18.75,0.36631137828484484,7.818069700585095,1.0638297872340496,-1.041666666666663,0.3664634007673584,6.968742858593813,0.5602176051854757,2.6574500768049125,0.3073667868589647,1.6584084608015415,0.5235071465347074,9.266813064138258,-10.299003322259125,-24.791086350974922,0.4345464421510181,5.6571428571428495,1.6224188790560534,4.87062404870624,1.9148911201157581,28.064252797893353,7.103165800317809,0.01896787820690271,0.2473619269677716,-1.0,-1.8369701987210297e-16,0,0,1,0,0.14613634796996067,-0.041879515854381655,0.03313681361922782,0.19308872334005134,0.09706072876128902,0.04922430826514076,0.09543333399417986,0.1615249422961318
2010-10-01,218.275,217.605,217.403,216.509,0.19,0.18,0.2,0.12,75.24190476190476,76.31952380952382,84.29285714285714,75.71545454545455,9.5,9.4,9.9,10.0,92.9537,92.3421,90.5991,87.6419,8718.7,8639.5,8554.8,8487.9,161346.0,159744.0,160931.0,154541.0,74.7076,74.0009,72.1905,69.0357,2.65,3.01,3.85,3.39,184.9,184.1,184.4,175.2,68.2,67.8,72.2,70.6,1270.977,1192.966,1148.688,1043.159,217.93433333333334,217.61583333333337,217.40891666666664,0.18666666666666698,0.18999999999999997,0.15833333333333333,76.0535064935065,76.92213095238095,77.13540636794555,9.466666666666667,9.55,9.716666666666667,92.65876666666666,92.0652,90.47898333333335,8682.033333333335,8639.666666666666,8573.633333333333,160441.66666666666,160237.16666666666,158244.08333333334,74.3656,73.69895000000001,72.02010833333334,2.7866666666666657,3.138333333333333,3.3633333333333333,184.63333333333333,184.4333333333333,181.95833333333334,68.3,71.11666666666666,71.56666666666666,1226.5843333333332,1211.1325,1158.20225,0.0,26.666666666666682,-1.771804509790964,8.40508517601215,0.0,-3.0612244897959218,0.2947761395331261,6.346682104150392,0.3545160510595391,3.038432447764028,0.693356632446096,5.222449751529301,0.42923416720102026,8.657855658287627,-1.85185185185186,-22.058823529411764,0.0,6.203331418724867,-1.0159651669085723,-7.210884353741498,4.537468847928561,27.532458149832784,7.147541175038309,0.04437537472049957,0.2432007199361763,-0.8660254037844386,0.5000000000000001,0,0,0,1,0.1615249422961318,0.18692535416828804,0.023004053314190642,0.3001931798703783,0.16486221481146016,0.07062232971129141,0.09280301890718656,0.348184629481163
2010-11-01,219.035,217.923,217.29,217.234,0.19,0.19,0.2,0.12,81.89285714285714,76.59909090909092,73.7435,77.99,9.4,9.5,9.6,9.9,92.6903,92.6805,91.823,88.0221,8768.4,8687.9,8609.0,8517.0,162629.0,160235.0,159629.0,155280.0,74.58,74.3883,73.3146,69.447,2.54,2.7,3.42,3.4,186.6,184.9,184.8,177.4,67.7,68.9,73.6,67.4,1342.024,1215.81,1205.434,1127.036,218.41099999999997,217.88783333333333,217.61941666666667,0.19,0.18833333333333335,0.16416666666666666,77.91128427128427,76.52213095238095,77.65018991772911,9.466666666666667,9.466666666666667,9.666666666666666,92.77483333333332,92.41373333333333,90.89968333333333,8725.0,8675.266666666666,8597.008333333333,161403.33333333334,160520.16666666666,158918.08333333334,74.55863333333333,74.0972,72.48213333333334,2.6299999999999994,2.92,3.2925,185.46666666666667,184.79999999999998,182.90833333333333,68.26666666666667,70.36666666666667,71.325,1276.2703333333336,1243.3551666666665,1183.1076666666668,0.0,58.33333333333335,8.839425851855598,8.15870767003597,-1.0526315789473606,-5.999999999999995,-0.2833668805007239,5.760258506490601,0.5700391113353964,3.3047043438306334,0.7951855019647125,5.2335626144518255,-0.17079922256906244,8.031062189562777,-4.150943396226414,-25.073746312684364,0.9194159004867419,6.506849315068486,-0.7331378299120228,-4.107648725212454,5.589951667103321,28.649994871347495,7.201934201127303,0.05439302608899421,0.25192531287450315,-0.5000000000000004,0.8660254037844384,0,0,0,1,0.348184629481163,0.14613634796996067,-0.05197720362644098,0.3348590589767664,0.21861530658241848,0.12481909240578681,0.09680230637475196,0.25338416234848005
2010-12-01,219.59,218.275,217.199,217.347,0.19,0.19,0.18,0.12,84.25285714285714,75.24190476190476,75.3359090909091,74.47,9.8,9.5,9.4,9.9,92.7709,92.9537,91.9928,88.3793,8789.0,8718.7,8628.1,8512.2,163691.0,161346.0,159538.0,155850.0,74.7131,74.7076,73.5918,69.8541,2.76,2.65,3.2,3.59,187.7,184.9,183.5,178.1,71.6,68.2,76.0,72.5,1369.886,1270.977,1232.92,1134.724,218.96666666666667,218.27116666666666,217.81574999999998,0.19,0.18666666666666665,0.17,80.46253968253968,78.27369047619048,78.17209467963387,9.566666666666668,9.5,9.658333333333333,92.80496666666666,92.57171666666666,91.29541666666667,8758.699999999999,8705.266666666666,8619.675,162555.33333333334,161197.16666666666,159619.0,74.6669,74.33028333333333,72.920975,2.649999999999999,2.81,3.2391666666666663,186.4,185.28333333333333,183.76666666666665,69.16666666666667,70.03333333333333,71.675,1327.629,1270.7638333333334,1203.3451666666667,0.0,58.33333333333335,2.881814217182721,8.030333559247516,4.255319148936176,-1.0101010101010055,0.08695624029699811,5.39500875348351,0.23493453765794925,3.1936127744510934,0.6530200640722184,5.41666666666667,0.17846607669615988,7.582904949097857,8.66141732283463,-18.823529411764707,0.5894962486602262,5.806087936865834,5.760709010339715,6.2314540059347,2.076117863763982,21.547670172026436,7.222482803681054,0.02054860255375157,0.19513634693938453,-2.4492935982947064e-16,1.0,0,0,0,1,0.25338416234848005,0.1615249422961318,-0.041879515854381655,0.052017639964274665,0.25436457804192497,0.175712653401607,0.0900127316557281,0.4016576346828282
2011-01-01,220.472,219.035,217.605,217.488,0.18,0.19,0.18,0.11,89.14590909090909,81.89285714285714,76.31952380952382,78.32578947368421,9.3,9.4,9.4,9.8,93.6787,92.6903,92.3421,89.3426,8823.2,8768.4,8639.5,8477.7,164184.0,162629.0,159744.0,155913.0,75.4968,74.58,74.0009,70.7532,3.29,2.54,3.01,3.73,189.7,186.6,184.1,181.9,74.5,67.7,67.8,74.4,1390.553,1342.024,1192.966,1117.963,219.69899999999998,218.8166666666667,218.0761666666667,0.18666666666666695,0.18666666666666668,0.17500000000000002,85.09720779220778,80.57535714285714,79.39508710387629,9.5,9.483333333333333,9.608333333333334,93.04663333333333,92.85270000000001,91.73703333333333,8793.533333333333,8737.783333333335,8645.591666666667,163501.33333333334,161971.5,160313.5,74.92996666666666,74.64778333333334,73.3912,2.863333333333333,2.8249999999999997,3.214166666666667,188.0,186.3166666666667,184.73333333333335,71.26666666666667,69.78333333333333,71.84166666666665,1367.4876666666667,1297.036,1224.66425,-5.263157894736848,50.0,5.807579842373056,19.70714259555404,-5.102040816326525,-6.060606060606055,0.9785396067085728,5.996200467756596,0.3891227670952402,3.6535795681492456,0.3011772180510741,5.347449470644849,1.0489459010534885,8.077836519259417,19.202898550724655,-8.356545961002782,1.0655301012253648,6.513194834362723,4.050279329608952,2.758620689655178,1.5086656845898272,22.545482425682394,7.23745678873332,0.014973985052265881,0.20331206019504222,0.49999999999999994,0.8660254037844387,1,0,0,0,0.4016576346828282,0.348184629481163,0.18692535416828804,0.06487322116246474,0.3344088088374904,0.2496355118244753,0.11914939788227423,0.3243042200370194
2011-02-01,221.187,219.59,217.923,217.281,0.17,0.19,0.19,0.13,89.1705,84.25285714285714,76.59909090909092,76.38736842105263,9.1,9.8,9.5,9.8,93.4814,92.7709,92.6805,89.6779,8849.0,8789.0,8687.9,8527.3,164745.0,163691.0,160235.0,156286.0,75.3741,74.7131,74.3883,71.1612,3.39,2.76,2.7,3.69,192.7,187.7,184.9,181.0,74.2,71.6,68.9,73.6,1360.46,1369.886,1215.81,1095.413,220.41633333333334,219.41366666666667,218.38441666666665,0.1800000000000003,0.18499999999999997,0.18000000000000002,87.52308874458873,82.7171865079365,80.29881298106928,9.4,9.433333333333334,9.55,93.31033333333333,93.04258333333333,92.08193333333334,8820.4,8772.7,8676.533333333335,164206.66666666666,162805.0,161049.5,75.19466666666666,74.87665,73.776275,3.146666666666666,2.888333333333333,3.185833333333333,190.0333333333333,187.75,185.63333333333333,73.43333333333334,70.85,71.825,1373.633,1324.9516666666666,1244.8723333333335,-5.5555555555555465,54.54545454545456,0.02758501129405122,13.845644709344906,-2.1505376344086113,-7.142857142857151,-0.21061351192962485,4.632504538708293,0.2924109166742239,4.379725633131626,0.34168981143107846,5.664697619826442,-0.1625234447022894,6.531012024897809,3.039513677811545,-9.115281501340478,1.5814443858724214,5.937328202308945,-0.402684563758382,-0.26881720430107503,-2.1641030582796983,21.690968305748946,7.215578156835553,-0.021878631897767065,0.19631459848031874,0.8660254037844386,0.5000000000000001,1,0,0,0,0.3243042200370194,0.25338416234848005,0.14613634796996067,-0.09517766497462166,0.32644867235610925,0.2725319894692639,0.1407686477884871,0.321447463006419
2011-03-01,221.898,220.472,218.275,217.353,0.16,0.18,0.19,0.16,88.57842105263158,89.14590909090909,75.24190476190476,81.20347826086957,9.0,9.3,9.5,9.9,93.1102,93.6787,92.9537,90.2928,8913.3,8823.2,8718.7,8523.5,165605.0,164184.0,161346.0,159636.0,75.0928,75.4968,74.7076,71.7964,3.58,3.29,2.65,3.73,195.8,189.7,184.9,183.3,77.5,74.5,68.2,73.6,1374.68,1390.553,1270.977,1113.337,221.18566666666666,220.0761666666667,218.76916666666668,0.1700000000000003,0.18000000000000002,0.1825,88.96494338118022,84.71374153185995,81.31473403370086,9.133333333333333,9.35,9.483333333333334,93.42343333333334,93.1142,92.36795833333333,8861.833333333334,8810.266666666666,8708.699999999999,164844.66666666666,163700.0,161826.08333333334,75.32123333333334,74.99406666666665,74.10390833333334,3.4199999999999995,3.035,3.176666666666667,192.73333333333335,189.56666666666663,186.86666666666667,75.39999999999999,72.28333333333333,72.14999999999999,1375.231,1351.43,1268.1445833333335,-5.882352941176472,23.076923076923084,-0.6639852275903135,15.959513835299322,-1.098901098901095,-8.163265306122458,-0.3970843397723911,3.827364378514675,0.7266357780540078,4.52663797450541,0.5220188776594137,5.962786174065493,-0.3732051195304509,5.5249208838524355,5.604719764011801,-2.981029810298097,1.6087182148417423,8.176795580110507,4.447439353099725,5.2989130434782705,1.0452347000279305,25.494219988260134,7.225976255742751,0.01039809890719745,0.22708951565270663,1.0,6.123233995736766e-17,1,0,0,0,0.321447463006419,0.4016576346828282,0.1615249422961318,0.03313681361922782,0.34913643924208887,0.3017505086420069,0.17548740845357383,0.51735482068338
2011-04-01,223.046,221.187,219.035,217.403,0.14,0.17,0.19,0.2,102.85652173913044,89.1705,81.89285714285714,84.29285714285714,9.0,9.1,9.4,9.9,94.0788,93.4814,92.6903,90.5991,8971.5,8849.0,8768.4,8554.8,166233.0,164745.0,162629.0,160931.0,75.8747,75.3741,74.58,72.1905,3.41,3.39,2.54,3.85,199.2,192.7,186.6,184.4,67.5,74.2,67.7,72.2,1423.26,1360.46,1342.024,1148.688,222.0436666666667,220.87133333333335,219.2435833333333,0.15666666666666698,0.17166666666666666,0.18083333333333332,93.53514759725401,89.31617769473091,83.11915432355593,9.033333333333333,9.266666666666667,9.408333333333333,93.5568,93.30171666666666,92.68345833333332,8911.266666666668,8852.4,8746.033333333333,165527.66666666666,164514.5,162375.83333333334,75.4472,75.18858333333334,74.44376666666666,3.4599999999999995,3.1616666666666666,3.15,195.9,191.94999999999996,188.19166666666663,73.06666666666666,72.16666666666667,71.64166666666667,1386.1333333333334,1376.8104999999998,1293.9715,-12.49999999999999,-12.49999999999999,16.11916369339559,26.665167480510576,0.0,-9.090909090909093,1.040272709112422,4.193025357503588,0.6529568173403888,5.256056784184904,0.37921560339362337,4.132526497782463,1.0412449662284606,5.6803683750160205,-4.748603351955305,-8.579088471849861,1.7364657814095796,8.674304418985269,-12.903225806451612,-8.288043478260864,3.533913347106221,27.837303529838664,7.260705293979,0.03472903823624929,0.2455882032686132,0.8660254037844387,-0.49999999999999983,0,1,0,0,0.51735482068338,0.3243042200370194,0.348184629481163,0.023004053314190642,0.38770216790893947,0.36105548837321494,0.2158389090422532,0.46940989750992035
2011-05-01,224.093,221.898,219.59,217.29,0.1,0.16,0.19,0.2,109.5325,88.57842105263158,84.25285714285714,73.7435,9.1,9.0,9.8,9.6,93.7749,93.1102,92.7709,91.823,9035.1,8913.3,8789.0,8609.0,166368.0,165605.0,163691.0,159629.0,75.6127,75.0928,74.7131,73.3146,3.46,3.58,2.76,3.42,203.1,195.8,187.7,184.8,69.8,77.5,71.6,73.6,1480.89,1374.68,1369.886,1205.434,223.01233333333334,221.71433333333334,219.80108333333337,0.13333333333333364,0.15666666666666668,0.1725,100.32248093058735,93.92278483758804,85.22245789498449,9.033333333333333,9.216666666666667,9.341666666666667,93.65463333333332,93.48248333333333,92.94810833333334,8973.300000000001,8896.85,8786.058333333332,166068.66666666666,165137.66666666666,162828.91666666666,75.52673333333333,75.3607,74.72895,3.483333333333333,3.315,3.1175,199.36666666666667,194.70000000000002,189.74999999999997,71.60000000000001,72.51666666666667,71.44166666666666,1426.2766666666669,1399.9548333333335,1321.655,-28.57142857142857,-50.0,6.490573614574968,29.942801457503588,1.1111111111111072,-8.080808080808088,-0.3230270794270296,3.505332834432129,0.7089115532519674,5.6143919203254455,0.08121131183338459,3.3784665477751386,-0.3453061428908444,4.740512948379649,1.4662756598240456,-10.129870129870133,1.957831325301207,10.1409978308026,3.4074074074073923,-3.3240997229917024,4.049154757387985,28.920124524675096,7.300398537370243,0.039693243391242916,0.25402283686524996,0.49999999999999994,-0.8660254037844387,0,1,0,0,0.46940989750992035,0.321447463006419,0.25338416234848005,-0.05197720362644098,0.4360707270665731,0.38125969971134116,0.253039396058564,0.3181714734507679
2011-06-01,224.806,223.046,220.472,217.199,0.09,0.14,0.18,0.18,100.90047619047618,102.85652173913044,89.14590909090909,75.3359090909091,9.0,9.0,9.3,9.4,93.888,94.0788,93.6787,91.9928,9107.8,8971.5,8823.2,8628.1,165701.0,166233.0,164184.0,159538.0,75.6684,75.8747,75.4968,73.5918,3.17,3.41,3.29,3.2,204.1,199.2,189.7,183.5,74.3,67.5,74.5,76.0,1512.58,1423.26,1390.553,1232.92,223.98166666666665,222.58366666666666,220.42741666666666,0.1100000000000003,0.13999999999999999,0.16333333333333333,104.4298326432022,96.69738801219121,87.48553924419086,9.033333333333333,9.083333333333334,9.291666666666666,93.91390000000001,93.66866666666668,93.12019166666666,9038.133333333333,8949.983333333334,8827.625,166100.66666666666,165472.66666666666,163334.91666666666,75.7186,75.51991666666667,74.9251,3.3466666666666662,3.383333333333333,3.096666666666667,202.13333333333333,197.4333333333333,191.35833333333335,70.53333333333335,72.96666666666667,71.5,1472.2433333333336,1423.7371666666668,1347.2504999999999,-10.000000000000009,-55.00000000000001,-7.88078772010482,36.826264268004884,-1.098901098901095,-6.25,0.1206079665240889,2.248891889831528,0.8046396830140079,5.793936577999759,-0.4009184458549697,3.8038201078751444,0.0736648737579726,3.2105474216595375,-8.381502890173408,-7.309941520467833,0.492368291482026,10.443722943722932,6.4469914040114595,0.9510869565217517,2.1399293667996755,25.480117534431578,7.321572081068218,0.02117354369797475,0.2269771340125537,1.2246467991473532e-16,-1.0,0,1,0,0,0.3181714734507679,0.51735482068338,0.4016576346828282,-0.041879515854381655,0.4349787305480228,0.3920575848950558,0.2838851191483314,0.0
2011-07-01,224.806,224.093,221.187,217.605,0.09,0.1,0.17,0.18,96.26409090909092,109.5325,89.1705,76.31952380952382,9.1,9.1,9.1,9.4,94.172,93.7749,93.4814,92.3421,9182.1,9035.1,8849.0,8639.5,167072.0,166368.0,164745.0,159744.0,75.8425,75.6127,75.3741,74.0009,3.0,3.46,3.39,3.01,203.9,203.1,192.7,184.1,71.5,69.8,74.2,67.8,1529.36,1480.89,1360.46,1192.966,224.56833333333336,223.306,221.06133333333332,0.09333333333333364,0.125,0.15583333333333335,102.2323556998557,97.88375164855485,89.22955439570599,9.066666666666666,9.049999999999999,9.266666666666667,93.94496666666667,93.75088333333333,93.30179166666666,9108.333333333334,9009.8,8873.791666666666,166380.33333333334,165954.0,163962.75,75.70786666666667,75.57753333333334,75.11265833333333,3.2099999999999995,3.3349999999999995,3.08,203.70000000000002,199.79999999999998,193.0583333333333,71.86666666666667,72.46666666666667,71.125,1507.61,1446.8716666666667,1371.9538333333333,0.0,-50.0,-4.595008325464056,27.779822491990423,1.1111111111111072,-3.191489361702138,0.30248807089297003,2.3688810428642126,0.8157842728211184,6.420880611026769,0.8273939203746528,4.722385889255221,0.23008283510685956,3.058357045214266,-5.3627760252365935,-6.25,-0.09799118079372171,11.11716621253407,-3.7685060565275874,-5.921052631578949,1.1093628105620867,24.043733575576653,7.332604626220763,0.011032545152545481,0.215464007562022,-0.4999999999999998,-0.8660254037844388,0,0,1,0,0.0,0.46940989750992035,0.3243042200370194,0.18692535416828804,0.26252712365356273,0.3251146457812511,0.2873750788028632,0.26200368317570444
2011-08-01,225.395,224.806,221.898,217.923,0.07,0.09,0.16,0.19,97.3035,100.90047619047618,88.57842105263158,76.59909090909092,9.0,9.0,9.0,9.5,94.636,93.888,93.1102,92.6805,9344.2,9107.8,8913.3,8687.9,166571.0,165701.0,165605.0,160235.0,76.1431,75.6684,75.0928,74.3883,3.0,3.17,3.58,2.7,204.6,204.1,195.8,184.9,63.7,74.3,77.5,68.9,1572.75,1512.58,1374.68,1215.81,225.00233333333335,224.00733333333335,221.7105,0.08333333333333363,0.10833333333333334,0.1466666666666667,98.15602236652238,99.23925164855486,90.97821907824567,9.033333333333333,9.033333333333333,9.233333333333334,94.23200000000001,93.94331666666666,93.49295,9211.366666666667,9092.333333333334,8932.516666666668,166448.0,166258.33333333334,164531.66666666666,75.88466666666666,75.7057,75.291175,3.056666666666666,3.2699999999999996,3.079166666666667,204.19999999999996,201.78333333333333,194.76666666666668,69.83333333333333,70.71666666666667,70.78333333333335,1538.2300000000002,1482.2533333333333,1403.6025,-22.22222222222221,-61.11111111111111,1.079747474985937,27.494899264370964,-1.098901098901095,-4.255319148936176,0.492715456823678,2.484132372991299,1.7653913592751147,8.156722032525042,-0.2998707144225232,4.273712940705132,0.39634769423477767,2.894829657477138,0.0,-0.33222591362125353,0.343305541932315,11.135252580119491,-10.909090909090901,-6.047197640117985,2.837134487628812,31.835274433638517,7.360580958450139,0.027976332229376233,0.276383036339233,-0.8660254037844384,-0.5000000000000004,0,0,1,0,0.26200368317570444,0.3181714734507679,0.321447463006419,0.14613634796996067,0.19339171887549078,0.31473122297103195,0.2936316062201479,0.3154462166418792
2011-09-01,226.106,224.806,223.046,218.275,0.1,0.09,0.14,0.19,86.33304347826088,96.26409090909092,102.85652173913044,75.24190476190476,9.0,9.1,9.0,9.5,95.2749,94.172,94.0788,92.9537,9531.0,9182.1,8971.5,8718.7,166232.0,167072.0,166233.0,161346.0,76.5667,75.8425,75.8747,74.7076,2.3,3.0,3.41,2.65,203.2,203.9,199.2,184.9,55.8,71.5,67.5,68.2,1759.01,1529.36,1423.26,1270.977,225.43566666666666,224.70866666666666,222.39241666666666,0.08666666666666696,0.09833333333333333,0.13916666666666666,93.3002114624506,98.8650220528264,91.78938179234318,9.033333333333333,9.033333333333333,9.191666666666668,94.6943,94.3041,93.70915000000001,9352.433333333334,9195.283333333335,9002.775,166625.0,166362.83333333334,165031.41666666666,76.1841,75.95135,75.47270833333333,2.7666666666666657,3.0566666666666666,3.045833333333333,203.9,203.01666666666665,196.29166666666666,63.666666666666664,67.10000000000001,69.69166666666666,1620.3733333333332,1546.3083333333334,1448.8691666666666,42.85714285714286,-47.36842105263158,-11.27447267748758,12.707660696289945,0.0,-5.263157894736848,0.6751130647956405,2.7992943499441703,1.9991010466385406,9.704301384684456,-0.2035168186539038,3.7426280151028113,0.5563209273065972,2.9284175065164675,-23.33333333333334,-14.814814814814826,-0.6842619745845546,9.897241752298536,-12.401883830455262,-19.01306240928884,11.842950246383733,44.678033574324935,7.472506429769721,0.11192547131958186,0.36934062945191215,-1.0,-1.8369701987210297e-16,0,0,1,0,0.3154462166418792,0.0,0.51735482068338,0.1615249422961318,0.19248329993919455,0.31373101524360864,0.3077407619428078,0.21715478580843772
2011-10-01,226.597,225.395,224.093,219.035,0.08,0.07,0.1,0.19,85.51523809523809,97.3035,109.5325,81.89285714285714,9.0,9.0,9.1,9.4,95.1961,94.636,93.7749,92.6903,9551.5,9344.2,9035.1,8768.4,167717.0,166571.0,166368.0,162629.0,76.3992,76.1431,75.6127,74.58,1.98,3.0,3.46,2.54,203.7,204.6,203.1,186.6,59.5,63.7,69.8,67.7,1772.14,1572.75,1480.89,1342.024,226.03266666666664,225.30050000000003,223.0859166666667,0.08333333333333363,0.08833333333333333,0.13,89.71726052449965,95.97480811217768,92.64549290345428,9.0,9.033333333333333,9.15,95.03566666666666,94.49031666666667,93.89601666666665,9475.566666666668,9291.95,9072.175000000001,166840.0,166610.16666666666,165562.33333333334,76.36966666666666,76.03876666666666,75.613675,2.426666666666666,2.8183333333333334,2.99,203.83333333333334,203.76666666666665,197.85833333333332,59.666666666666664,65.76666666666667,68.96666666666667,1701.3000000000002,1604.455,1490.63275,-20.000000000000007,-57.89473684210527,-0.9472681027730911,13.653739051187275,0.0,-5.263157894736848,-0.08270803747891797,2.4123837996766095,0.2150876088553133,9.551882734811379,0.8933298041291726,3.9486569236299562,-0.2187635094629936,2.2642943957508876,-13.913043478260867,-25.283018867924522,0.24606299212599492,10.167658193618156,6.630824372759858,-12.756598240469208,0.7464426012359304,39.43131937084621,7.479943134816165,0.00743670504644367,0.33240195977785625,-0.8660254037844386,0.5000000000000001,0,0,0,1,0.21715478580843772,0.26200368317570444,0.46940989750992035,0.348184629481163,0.26486822854200714,0.26369767609778494,0.31237658223549997,0.0675207527019328
2011-11-01,226.75,226.106,224.806,219.59,0.07,0.1,0.09,0.19,86.32238095238095,86.33304347826088,100.90047619047618,84.25285714285714,8.8,9.0,9.0,9.8,95.8568,95.2749,93.888,92.7709,9584.4,9531.0,9107.8,8789.0,168559.0,166232.0,165701.0,163691.0,76.8123,76.5667,75.6684,74.7131,2.15,2.3,3.17,2.76,201.1,203.2,204.1,187.7,60.8,55.8,74.3,71.6,1666.43,1759.01,1512.58,1369.886,226.48433333333332,225.74333333333334,223.72883333333334,0.08333333333333363,0.08333333333333333,0.12000000000000001,86.05688750862664,92.1064549375745,93.01461988758126,8.933333333333334,8.983333333333333,9.1,95.44260000000001,94.83730000000001,94.15989166666667,9555.633333333333,9383.5,9140.175000000001,167502.66666666666,166975.33333333334,166056.5,76.59273333333333,76.2387,75.7997,2.1433333333333326,2.6,2.9575,202.66666666666666,203.4333333333333,199.0666666666667,58.699999999999996,64.26666666666667,68.39166666666667,1732.5266666666669,1635.3783333333333,1517.6665833333334,-12.49999999999999,-63.1578947368421,0.9438585158868973,5.408925715947088,-2.2222222222222143,-6.382978723404253,0.6940410373954542,3.4162150732061747,0.3444485159399102,9.306144792664561,0.5020361680688312,3.6463361393109572,0.5407124681933828,2.993161705551084,8.585858585858585,-15.354330708661424,-1.2763868433971481,7.770632368703101,2.184873949579824,-10.192023633678005,-5.965104337129123,24.172891095837358,7.418438892665173,-0.06150424215099193,0.2165046915378701,-0.5000000000000004,0.8660254037844384,0,0,0,1,0.0675207527019328,0.3154462166418792,0.3181714734507679,0.25338416234848005,0.20004058505074993,0.19671615196312034,0.28898792583723076,0.18478500551268873
2011-12-01,227.169,226.597,224.806,220.472,0.08,0.08,0.09,0.18,97.1604761904762,85.51523809523809,96.26409090909092,89.14590909090909,8.6,9.0,9.1,9.3,95.8485,95.1961,94.172,93.6787,9636.5,9551.5,9182.1,8823.2,168783.0,167717.0,167072.0,164184.0,76.6783,76.3992,75.8425,75.4968,2.01,1.98,3.0,3.29,201.4,203.7,203.9,189.7,63.7,59.5,71.5,74.5,1739.0,1772.14,1529.36,1390.553,226.83866666666668,226.13716666666667,224.36041666666668,0.07666666666666697,0.08166666666666668,0.11083333333333334,89.66603174603175,91.48312160424116,94.09025480821619,8.799999999999999,8.916666666666666,9.0,95.63380000000001,95.16404999999999,94.41635833333333,9590.800000000001,9471.616666666667,9210.800000000001,168353.0,167489.0,166480.83333333334,76.62993333333333,76.40701666666666,75.96346666666666,2.046666666666666,2.4066666666666667,2.895,202.0666666666667,202.98333333333335,200.20833333333334,61.333333333333336,62.5,67.73333333333333,1725.8566666666668,1673.115,1548.4260833333335,14.28571428571428,-57.89473684210527,12.555371061965959,15.32009653480737,-2.272727272727282,-12.244897959183687,-0.008658749301049262,3.3174195787687877,0.5435916697967613,9.642735237228361,0.1328911538392985,3.1107391365438497,-0.17445122721231332,2.630328550147154,-6.511627906976747,-27.173913043478258,0.1491795126802753,7.298881193393725,4.7697368421052655,-11.033519553072612,4.354818384210546,26.944869865083664,7.461065514354283,0.042626621689110245,0.23858271067322878,-2.4492935982947064e-16,1.0,0,0,0,1,0.18478500551268873,0.21715478580843772,0.0,0.4016576346828282,0.15648684800768642,0.17448507397344049,0.28327132943424815,0.023770849015480877
2012-01-01,227.223,226.75,225.395,221.187,0.07,0.07,0.07,0.17,98.56285714285715,86.32238095238095,97.3035,89.1705,8.5,8.8,9.0,9.1,96.3571,95.8568,94.636,93.4814,9683.9,9584.4,9344.2,8849.0,168990.0,168559.0,166571.0,164745.0,76.9495,76.8123,76.1431,75.3741,1.98,2.15,3.0,3.39,199.8,201.1,204.6,192.7,69.9,60.8,63.7,74.2,1639.97,1666.43,1572.75,1360.46,227.04733333333334,226.54,224.923,0.07333333333333364,0.07833333333333334,0.10166666666666667,94.0152380952381,91.86624930986888,94.87500047921186,8.633333333333333,8.816666666666668,8.933333333333332,96.02080000000001,95.52823333333333,94.63955833333334,9634.933333333334,9555.25,9282.525,168777.33333333334,167808.66666666666,166881.33333333334,76.81336666666665,76.59151666666666,76.084525,2.0466666666666664,2.236666666666667,2.785833333333333,200.76666666666665,202.29999999999998,201.04999999999998,64.8,62.23333333333333,67.35,1681.8,1691.55,1569.2108333333335,-12.49999999999999,-61.11111111111111,1.4433656640707282,10.563522373578426,-1.1627906976744096,-8.602150537634412,0.5306290656609036,2.859134467066693,0.49187983188916373,9.754964185329573,0.12264268320860694,2.9272036252010025,0.353685462510267,1.924187515232445,-1.492537313432829,-39.817629179331306,-0.7944389275074459,5.324196099103862,9.733124018838302,-6.17449664429529,-5.694652098907415,17.936533163424894,7.402433227968004,-0.058632286386279375,0.16497643923468353,0.49999999999999994,0.8660254037844387,1,0,0,0,0.023770849015480877,0.0675207527019328,0.26200368317570444,0.3243042200370194,0.09202553574336747,0.1784468821426873,0.2517807639619692,0.27241960540966836
2012-02-01,227.842,227.169,226.106,221.898,0.08,0.08,0.1,0.16,100.2735,97.1604761904762,86.33304347826088,88.57842105263158,8.3,8.6,9.0,9.0,96.9318,95.8485,95.2749,93.1102,9757.6,9636.5,9531.0,8913.3,170088.0,168783.0,166232.0,165605.0,77.2652,76.6783,76.5667,75.0928,1.97,2.01,2.3,3.58,200.7,201.4,203.2,195.8,75.0,63.7,55.8,77.5,1654.05,1739.0,1759.01,1374.68,227.41133333333335,226.94783333333336,225.47758333333334,0.07666666666666698,0.08,0.09416666666666668,98.66561111111112,92.36124930986887,95.80025047921185,8.466666666666667,8.700000000000001,8.866666666666667,96.37913333333331,95.91086666666668,94.92709166666667,9692.666666666666,9624.15,9358.241666666667,169287.0,168394.83333333334,167326.58333333334,76.96433333333333,76.77853333333333,76.24211666666666,1.9866666666666661,2.065,2.6675,200.63333333333333,201.65,201.71666666666667,69.53333333333335,64.11666666666666,67.41666666666667,1677.6733333333334,1705.1000000000001,1593.6766666666665,14.28571428571428,-52.94117647058824,1.735585703104614,12.451427321816055,-2.35294117647058,-8.791208791208781,0.596427248225595,3.6910016324102957,0.7610570121542093,10.267826873093,0.6497425883188246,3.243194027132845,0.4102690725735547,2.5089520140207267,-0.5050505050505083,-41.88790560471977,0.45045045045044585,4.1515308770109005,7.296137339055786,1.0781671159029615,0.8585522905906862,21.580200814430416,7.410982104872797,0.008548876904793445,0.19540394803724404,0.8660254037844386,0.5000000000000001,1,0,0,0,0.27241960540966836,0.18478500551268873,0.3154462166418792,0.321447463006419,0.16032515331261266,0.18018286918168128,0.24745704607635663,0.21374461249461518
2012-03-01,228.329,227.223,226.597,223.046,0.1,0.07,0.08,0.14,102.204,98.56285714285715,85.51523809523809,102.85652173913044,8.3,8.5,9.0,9.0,97.2435,96.3571,95.1961,94.0788,9809.8,9683.9,9551.5,8971.5,171818.0,168990.0,167717.0,166233.0,77.3673,76.9495,76.3992,75.8747,1.97,1.98,1.98,3.41,201.6,199.8,203.7,199.2,75.3,69.9,59.5,67.5,1744.82,1639.97,1772.14,1423.26,227.798,227.31833333333336,226.0135,0.08333333333333363,0.08,0.08916666666666667,100.34678571428572,95.00640873015874,96.93571539149256,8.366666666666667,8.583333333333334,8.808333333333334,96.84413333333333,96.23896666666667,95.27153333333335,9750.433333333332,9670.616666666667,9432.95,170298.66666666666,169325.83333333334,167844.33333333334,77.194,76.91196666666667,76.43165833333333,1.9733333333333327,2.0100000000000002,2.533333333333333,200.70000000000002,201.38333333333333,202.20000000000002,73.39999999999999,67.36666666666666,67.23333333333333,1679.6133333333335,1702.735,1624.5216666666668,25.0,-37.5,1.9252344836871105,15.382503758192257,0.0,-7.777777777777772,0.32156629712849494,4.439148449901298,0.5349676149872806,10.058003208688149,1.0171205493626934,3.7516983182874997,0.1321422839777986,3.028918884367071,0.0,-44.97206703910614,0.4484304932735439,2.962206332992845,0.40000000000000036,-2.83870967741936,5.487742208518487,26.925539034538936,7.464406677453544,0.053424572580746954,0.23843042171079354,1.0,6.123233995736766e-17,1,0,0,0,0.21374461249461518,0.023770849015480877,0.21715478580843772,0.51735482068338,0.16997835563992147,0.16323260182380395,0.2384818085337063,0.20934703870292282
2012-04-01,228.807,227.842,226.75,224.093,0.13,0.08,0.07,0.1,106.15772727272729,100.2735,86.32238095238095,109.5325,8.2,8.3,8.8,9.1,96.74,96.9318,95.8568,93.7749,9853.9,9757.6,9584.4,9035.1,172066.0,170088.0,168559.0,166368.0,76.8194,77.2652,76.8123,75.6127,2.17,1.97,2.15,3.46,204.2,200.7,201.1,203.1,76.2,75.0,60.8,69.8,1675.95,1654.05,1666.43,1480.89,228.32600000000002,227.6866666666667,226.49358333333336,0.10333333333333362,0.08833333333333333,0.08833333333333333,102.87840909090909,98.44682359307359,97.21081585262566,8.266666666666666,8.450000000000001,8.741666666666667,96.97176666666667,96.49628333333334,95.49330000000002,9807.1,9721.016666666666,9506.483333333334,171324.0,170050.66666666666,168330.41666666666,77.15063333333333,76.982,76.51038333333334,2.0366666666666657,2.0416666666666665,2.43,202.16666666666666,201.46666666666667,202.61666666666667,75.5,70.14999999999999,67.95833333333333,1691.6066666666666,1686.7033333333331,1645.5791666666667,30.000000000000004,-7.142857142857151,3.8684662760041677,3.2095247610739897,-1.2048192771084487,-8.888888888888902,-0.5177723960984593,2.8286925428470555,0.4495504495504621,9.835590480967493,0.14433877707806797,3.508930236475316,-0.708180329415653,1.2450790579731974,10.152284263959398,-36.36363636363637,1.289682539682535,2.5100401606425793,1.195219123505975,12.888888888888882,-3.9471120230166967,17.754310526537665,7.424135447661457,-0.040271229792087304,0.16343015368245695,0.8660254037844387,-0.49999999999999983,0,1,0,0,0.20934703870292282,0.27241960540966836,0.0675207527019328,0.46940989750992035,0.23183708553573545,0.16193131063955146,0.2128144933686682,0.16607883500068255
2012-05-01,229.187,228.329,227.169,224.806,0.14,0.1,0.08,0.09,103.321,102.204,97.1604761904762,100.90047619047618,8.2,8.3,8.6,9.0,97.4359,97.2435,95.8485,93.888,9907.7,9809.8,9636.5,9107.8,171071.0,171818.0,168783.0,165701.0,77.2234,77.3673,76.6783,75.6684,2.05,1.97,2.01,3.17,203.7,201.6,201.4,204.1,76.4,75.3,63.7,74.3,1649.2,1744.82,1739.0,1512.58,228.77433333333337,228.09283333333335,226.91808333333333,0.12333333333333363,0.10000000000000002,0.09166666666666667,103.89424242424242,101.27992676767678,96.69319085262565,8.233333333333334,8.35,8.666666666666666,97.1398,96.75946666666668,95.79838333333333,9857.133333333333,9774.9,9579.199999999999,171651.66666666666,170469.33333333334,168722.33333333334,77.1367,77.05051666666667,76.64460833333334,2.0633333333333326,2.025,2.3125,203.16666666666666,201.9,202.66666666666666,75.96666666666667,72.75000000000001,68.50833333333334,1689.99,1683.8316666666667,1659.6050000000002,7.692307692307709,40.000000000000014,-2.672181616548286,-5.670919590076007,0.0,-9.8901098901099,0.7193508372958624,3.9040297563633697,0.5459767198774168,9.657889785392527,-0.5782664791417202,2.826865743412199,0.5259088199074613,2.130197704882897,-5.529953917050701,-40.7514450867052,-0.24485798237022793,0.2954209748892156,0.2624671916010568,9.455587392550147,-1.5961096691428756,11.365462660967385,7.408045600832745,-0.016089846828712062,0.10764706346250197,0.49999999999999994,-0.8660254037844387,0,1,0,0,0.16607883500068255,0.21374461249461518,0.18478500551268873,0.3181714734507679,0.19639016206607351,0.17835765768934309,0.18753690482623173,-0.2068180132381081
2012-06-01,228.713,228.807,227.223,224.806,0.16,0.13,0.07,0.09,94.65454545454546,106.15772727272729,98.56285714285715,96.26409090909092,8.2,8.2,8.5,9.1,97.6609,96.74,96.3571,94.172,9951.4,9853.9,9683.9,9182.1,171121.0,172066.0,168990.0,167072.0,77.2546,76.8194,76.9495,75.8425,1.8,2.17,1.98,3.0,201.9,204.2,199.8,203.9,79.3,76.2,69.9,71.5,1589.04,1675.95,1639.97,1529.36,228.90233333333333,228.35016666666664,227.2436666666667,0.14333333333333365,0.11333333333333333,0.09749999999999999,101.37775757575757,100.86227164502164,96.17269662463143,8.2,8.283333333333333,8.6,97.27893333333334,97.06153333333333,96.11279166666667,9904.333333333334,9827.383333333333,9649.5,171419.33333333334,170859.0,169174.0,77.09913333333333,77.14656666666666,76.77679166666667,2.006666666666666,1.99,2.1983333333333333,203.26666666666665,201.98333333333332,202.48333333333332,77.30000000000001,75.35000000000001,68.925,1638.0633333333335,1658.8383333333331,1665.9766666666665,14.28571428571428,77.77777777777779,-8.387892631173276,-6.190189552861858,0.0,-8.888888888888902,0.23092104655471068,4.0185114178595605,0.4410710861249223,9.262390478490978,0.02922763063288869,3.27095189528126,0.040402261490690705,2.096251539612304,-12.195121951219502,-43.217665615141954,-0.8836524300441795,-1.0779029887310054,3.795811518324599,6.729475100942128,-3.64782925054572,5.0549392428830275,7.3708853392847,-0.03716026154804464,0.04931325821648258,1.2246467991473532e-16,-1.0,0,1,0,0,-0.2068180132381081,0.20934703870292282,0.023770849015480877,0.0,0.05620262015516575,0.11309048789754361,0.14378778093549205,-0.08263631713106845
2012-07-01,228.524,229.187,227.842,225.395,0.16,0.14,0.08,0.07,82.30333333333333,103.321,100.2735,97.3035,8.2,8.2,8.3,9.0,97.6663,97.4359,96.9318,94.636,10021.6,9907.7,9757.6,9344.2,169742.0,171071.0,170088.0,166571.0,77.1149,77.2234,77.2652,76.1431,1.62,2.05,1.97,3.0,199.8,203.7,200.7,204.6,73.2,76.4,75.0,63.7,1598.76,1649.2,1654.05,1572.75,228.808,228.567,227.5535,0.15333333333333363,0.12833333333333333,0.10333333333333335,93.42629292929293,98.15235101010101,95.00930015998495,8.2,8.233333333333334,8.525,97.5877,97.27973333333334,96.40398333333333,9960.233333333332,9883.666666666666,9719.458333333334,170644.66666666666,170984.33333333334,169396.5,77.19763333333333,77.17413333333333,76.88282500000001,1.8233333333333326,1.93,2.0833333333333335,201.80000000000004,201.98333333333335,202.14166666666668,76.3,75.9,69.06666666666666,1612.3333333333333,1651.97,1671.7600000000002,0.0,77.77777777777779,-13.048725829171481,-14.502560034501066,0.0,-9.8901098901099,0.005529336715115463,3.7105509068513065,0.7054283819362128,9.142788686683879,-0.8058625183349766,1.598113388239808,-0.1808306560385886,1.6776873125226688,-9.999999999999998,-46.0,-1.0401188707280795,-2.0107896027464434,-7.692307692307687,2.3776223776223793,0.6116900770276379,4.537845896322645,7.3769836077601205,0.0060982684754202765,0.044378981539357376,-0.4999999999999998,-0.8660254037844388,0,0,1,0,-0.08263631713106845,0.16607883500068255,0.27241960540966836,0.26200368317570444,-0.04112516512283134,0.09535596020645205,0.1369014211745697,0.02888099280600187
2012-08-01,228.59,228.713,228.329,226.106,0.16,0.16,0.1,0.1,87.8952380952381,94.65454545454546,102.204,86.33304347826088,8.2,8.2,8.3,9.0,97.8713,97.6609,97.2435,95.2749,10074.5,9951.4,9809.8,9531.0,170474.0,171121.0,171818.0,166232.0,77.1372,77.2546,77.3673,76.5667,1.53,1.8,1.97,2.3,200.1,201.9,201.6,203.2,72.3,79.3,75.3,55.8,1594.29,1589.04,1744.82,1759.01,228.609,228.69166666666663,227.81975000000003,0.16,0.1416666666666667,0.11083333333333334,88.28437229437229,96.08930735930737,94.22527833458811,8.2,8.216666666666667,8.458333333333334,97.73283333333335,97.43631666666666,96.67359166666667,10015.833333333334,9936.483333333332,9780.316666666666,170445.66666666666,171048.66666666666,169721.75,77.16890000000001,77.1528,76.96566666666668,1.6499999999999995,1.8566666666666667,1.9608333333333334,200.6,201.88333333333333,201.76666666666665,74.93333333333334,75.45,69.78333333333333,1594.03,1642.01,1673.555,0.0,128.57142857142856,6.794262802524931,-9.668986115362655,0.0,-8.888888888888902,0.2098983989359704,3.418677881567289,0.5278598227827835,7.815543331692387,0.43124270952386023,2.34314496521002,0.02891788746404167,1.305568068544627,-5.555555555555558,-49.0,0.15015015015014122,-2.1994134897360684,-1.2295081967213184,13.500784929356357,-0.2795916835547585,1.3695755841678592,7.374183775048419,-0.0027998327117018107,0.013602816598279333,-0.8660254037844384,-0.5000000000000004,0,0,1,0,0.02888099280600187,-0.2068180132381081,0.21374461249461518,0.3154462166418792,-0.0868577791877249,0.05476619143917431,0.1174745303104278,0.580952797585188
2012-09-01,229.918,228.524,228.807,226.597,0.13,0.16,0.13,0.08,94.13130434782607,82.30333333333333,106.15772727272729,85.51523809523809,8.1,8.2,8.2,9.0,97.4525,97.6663,96.74,95.1961,10145.6,10021.6,9853.9,9551.5,171593.0,169742.0,172066.0,167717.0,76.672,77.1149,76.8194,76.3992,1.68,1.62,2.17,1.98,202.7,199.8,204.2,203.7,74.3,73.2,76.2,59.5,1630.31,1598.76,1675.95,1772.14,229.01066666666668,228.9565,228.13741666666667,0.15000000000000027,0.14666666666666667,0.11333333333333333,88.1099585921325,94.74385808394504,94.87513340705188,8.166666666666666,8.183333333333334,8.383333333333333,97.66336666666666,97.47115000000001,96.85505833333332,10080.566666666668,9992.449999999999,9831.533333333333,170603.0,171011.16666666666,170168.5,76.9747,77.03691666666667,76.97444166666666,1.6099999999999994,1.8083333333333333,1.9091666666666667,200.86666666666667,202.0666666666667,201.725,73.26666666666667,75.28333333333333,71.325,1607.7866666666669,1622.925,1662.83,-18.75,30.000000000000004,7.094885215318425,9.032764924508708,-1.2195121951219523,-10.000000000000009,-0.42790889668371523,2.285596731143258,0.7057422204575836,6.448431434267121,0.6564050822999379,3.225010828240049,-0.6030812629963411,0.13752714953105816,9.803921568627437,-26.956521739130434,1.2993503248375893,-0.24606299212598381,2.7662517289073207,33.15412186379929,2.259312922993928,-7.316615596272902,7.3965254597671946,0.022341684718775845,-0.07598097000252668,-1.0,-1.8369701987210297e-16,0,0,1,0,0.580952797585188,-0.08263631713106845,0.20934703870292282,0.21715478580843772,0.17573249108670716,0.11596755562093645,0.1396000787223702,0.47712662775423187
2012-10-01,231.015,228.59,229.187,226.75,0.14,0.16,0.14,0.07,94.51368421052632,87.8952380952381,103.321,86.32238095238095,7.8,8.2,8.2,8.8,97.381,97.8713,97.4359,95.8568,10226.1,10074.5,9907.7,9584.4,172145.0,170474.0,171071.0,168559.0,76.4846,77.1372,77.2234,76.8123,1.72,1.53,2.05,2.15,204.4,200.1,203.7,201.1,78.3,72.3,76.4,60.8,1744.81,1594.29,1649.2,1666.43,229.841,229.32449999999997,228.50558333333333,0.14333333333333365,0.14833333333333334,0.11833333333333335,92.18007555119682,92.80318424024489,95.62500391665924,8.033333333333333,8.116666666666665,8.283333333333333,97.56826666666666,97.57798333333334,97.03713333333333,10148.733333333332,10054.483333333334,9887.75,171404.0,171024.33333333334,170537.5,76.76459999999999,76.98111666666667,76.98155833333333,1.6433333333333326,1.7333333333333334,1.8875,202.4,202.1,201.78333333333333,74.96666666666665,75.63333333333334,72.89166666666667,1656.47,1634.4016666666666,1660.5525,7.692307692307709,75.00000000000003,0.40621965811427074,10.522623003477683,-3.703703703703698,-13.33333333333333,-0.07336907724275754,2.2951570495009843,0.7934474057719632,7.062765010731309,0.32169144428968455,2.6401617009605527,-0.24441777963272182,0.11178127519659853,2.3809523809523725,-13.131313131313128,0.8386778490379942,0.3436426116838476,5.383580080753703,31.596638655462183,7.023204175892928,-1.5422032119358553,7.464400946186905,0.06787548641971064,-0.015542188629259712,-0.8660254037844386,0.5000000000000001,0,0,0,1,0.47712662775423187,0.02888099280600187,0.16607883500068255,0.0675207527019328,0.36232013938180724,0.16059748712948796,0.1612643988845197,0.26967945804385884
2012-11-01,231.638,229.918,228.713,227.169,0.16,0.13,0.16,0.08,89.4913043478261,94.13130434782607,94.65454545454546,97.1604761904762,7.8,8.1,8.2,8.6,97.7193,97.4525,97.6609,95.8485,10292.4,10145.6,9951.4,9636.5,171601.0,171593.0,171121.0,168783.0,76.6227,76.672,77.2546,76.6783,1.75,1.68,1.8,2.01,203.5,202.7,201.9,201.4,82.6,74.3,79.3,63.7,1746.58,1630.31,1589.04,1739.0,230.857,229.73300000000003,228.91291666666666,0.14333333333333362,0.15166666666666664,0.12583333333333332,92.71209763539282,90.49823496488256,95.88908086627968,7.8999999999999995,8.049999999999999,8.2,97.5176,97.62521666666667,97.19234166666666,10221.366666666667,10118.6,9946.75,171779.66666666666,171112.66666666666,170791.0,76.59309999999999,76.88100000000001,76.96575833333333,1.7166666666666661,1.6833333333333336,1.8541666666666667,203.5333333333333,202.0666666666667,201.98333333333332,78.39999999999999,76.66666666666667,74.70833333333333,1707.2333333333333,1650.6316666666664,1667.2316666666666,14.28571428571428,128.57142857142856,-5.313918195711242,3.671033352512909,0.0,-11.363636363636376,0.3473983631303801,1.9430024786973865,0.6483410097691156,7.38700388130713,-0.3160126637427707,1.804709330264176,0.18055922368684918,-0.24683546775711163,1.744186046511631,-18.6046511627907,-0.44031311154598685,1.1934361014420691,5.4916985951468655,35.85526315789473,0.10144371020339715,4.809682974982432,7.465414869095338,0.0010139229084327184,0.046975976430164934,-0.5000000000000004,0.8660254037844384,0,0,0,1,0.26967945804385884,0.580952797585188,-0.2068180132381081,0.18478500551268873,0.44258629446109293,0.177864257636684,0.17811095766301355,-0.16793444944266378
2012-12-01,231.249,231.015,228.524,227.223,0.16,0.14,0.16,0.07,86.53142857142858,94.51368421052632,82.30333333333333,98.56285714285715,7.7,7.8,8.2,8.5,98.0777,97.381,97.6663,96.3571,10361.9,10226.1,10021.6,9683.9,172847.0,172145.0,169742.0,168990.0,76.78,76.4846,77.1149,76.9495,1.65,1.72,1.62,1.98,201.8,204.4,199.8,199.8,82.7,78.3,73.2,69.9,1721.64,1744.81,1598.76,1639.97,231.30066666666667,230.1556666666667,229.25291666666666,0.15333333333333365,0.15166666666666667,0.1325,90.178805709927,89.14438215102975,95.0033268980257,7.766666666666667,7.966666666666666,8.125,97.726,97.69468333333334,97.37810833333333,10293.466666666667,10187.016666666666,10007.199999999999,172197.66666666666,171400.33333333334,171129.66666666666,76.62910000000001,76.8019,76.97423333333334,1.706666666666666,1.6583333333333332,1.8241666666666667,203.23333333333335,202.04999999999998,202.01666666666668,81.2,77.23333333333333,76.29166666666667,1737.676666666667,1672.7316666666668,1665.7849999999999,0.0,100.0,-3.307445117676877,-10.93968250856463,-1.2820512820512775,-10.465116279069765,0.3667648049054728,2.3257536633332743,0.6752555283510153,7.527629326000107,0.7261029947377873,2.407825432656141,0.20529164333809025,0.13263204844136123,-5.714285714285716,-17.910447761194025,-0.8353808353808279,0.19860973187686426,0.1210653753026758,29.82731554160125,-1.4279334470794214,-0.99827487061529,7.451032603898299,-0.01438226519703889,-0.0100329104559842,-2.4492935982947064e-16,1.0,0,0,0,1,-0.16793444944266378,0.47712662775423187,-0.08263631713106845,0.023770849015480877,0.19295721211847564,0.1843448516025914,0.1487176697500675,-0.012108160467716456
2013-01-01,231.221,231.638,228.59,227.842,0.16,0.16,0.16,0.08,87.8595,89.4913043478261,87.8952380952381,100.2735,7.9,7.8,8.2,8.3,98.3101,97.7193,97.8713,96.9318,10484.1,10292.4,10074.5,9757.6,173467.0,171601.0,170474.0,170088.0,76.8435,76.6227,77.1372,77.2652,1.72,1.75,1.53,1.97,201.5,203.5,200.1,200.7,72.9,82.6,72.3,75.0,1684.762,1746.58,1594.29,1654.05,231.36933333333332,230.60516666666663,229.58608333333333,0.16,0.15166666666666667,0.13999999999999999,87.96074430641822,90.07040992880752,94.11138046945428,7.8,7.916666666666665,8.075000000000001,98.0357,97.80198333333334,97.54085833333333,10379.466666666667,10264.1,10073.883333333333,172638.33333333334,172021.16666666666,171502.75,76.74873333333333,76.75666666666667,76.9654,1.706666666666666,1.6749999999999998,1.8025,202.26666666666665,202.33333333333334,202.15833333333333,79.4,77.18333333333332,76.54166666666667,1717.6606666666667,1687.0653333333332,1669.5176666666666,0.0,128.57142857142856,1.53478504919764,-10.859422558483356,2.5974025974025983,-7.058823529411762,0.2369549856899411,2.0268355938483085,1.1793203949082676,8.263199743904837,0.3586987335620462,2.6492691875258823,0.082703829122166,-0.13775268195374002,4.2424242424242475,-13.131313131313128,-0.14866204162538033,0.8508508508508372,-11.85006045949214,4.29184549356223,-2.142027369252586,2.7312694744416,7.429379586519464,-0.02165301737883496,0.026946358551460214,0.49999999999999994,0.8660254037844387,1,0,0,0,-0.012108160467716456,0.26967945804385884,0.02888099280600187,0.27241960540966836,0.029878949377826203,0.19609954437981672,0.1457277522931344,0.1980788942180789
2013-02-01,231.679,231.249,229.918,228.329,0.14,0.16,0.13,0.1,94.75666666666667,86.53142857142858,94.13130434782607,102.204,8.0,7.7,8.1,8.3,98.3342,98.0777,97.4525,97.2435,10508.1,10361.9,10145.6,9809.8,174567.0,172847.0,171593.0,171818.0,76.7502,76.78,76.672,77.3673,1.91,1.65,1.68,1.97,202.5,201.8,202.7,201.6,73.8,82.7,74.3,75.3,1671.84782608696,1721.64,1630.31,1744.82,231.383,231.12,229.90583333333333,0.15333333333333363,0.14833333333333334,0.14500000000000002,89.71586507936509,91.21398135737896,93.65164435834316,7.866666666666667,7.883333333333333,8.049999999999999,98.24066666666666,97.87913333333334,97.65772499999999,10451.366666666667,10336.366666666667,10136.425000000001,173627.0,172703.33333333334,171876.0,76.79123333333334,76.69216666666667,76.92248333333333,1.7599999999999991,1.7383333333333333,1.7975,201.9333333333333,202.73333333333335,202.30833333333337,76.46666666666668,77.43333333333332,76.44166666666666,1692.7499420289867,1699.9916376811598,1671.00081884058,-12.49999999999999,75.00000000000003,7.850222988597344,-5.501785948763461,1.2658227848101111,-3.614457831325313,0.024514266591113554,1.4467904237824847,0.22891807594356273,7.6914405181601975,0.6341263756218796,2.6333427402285947,-0.12141560444279831,-0.6665355166361908,11.046511627906973,-3.0456852791878153,0.496277915632759,0.8968609865470878,1.2345679012345512,-1.6000000000000014,-0.7665280860465806,1.0760149987582013,7.421684776396818,-0.007694810122646167,0.010702671524020602,0.8660254037844386,0.5000000000000001,1,0,0,0,0.1980788942180789,-0.16793444944266378,0.580952797585188,0.21374461249461518,0.006012094769232886,0.2242991946151629,0.13953269302716861,0.5429926752100966
2013-03-01,232.937,231.221,231.015,228.807,0.15,0.16,0.14,0.13,95.30894736842104,87.8595,94.51368421052632,106.15772727272729,7.7,7.9,7.8,8.2,98.7941,98.3101,97.381,96.74,10527.5,10484.1,10226.1,9853.9,175635.0,173467.0,172145.0,172066.0,77.0029,76.8435,76.4846,76.8194,1.98,1.72,1.72,2.17,204.3,201.5,204.4,204.2,77.6,72.9,78.3,76.2,1627.57,1684.762,1744.81,1675.95,231.94566666666665,231.62316666666666,230.28983333333335,0.15000000000000033,0.15166666666666667,0.14916666666666667,92.64170467836259,91.4102551941448,93.0770566390449,7.866666666666667,7.816666666666666,8.0,98.47946666666667,98.10273333333333,97.78694166666666,10506.566666666666,10400.016666666668,10196.233333333334,174556.33333333334,173377.0,172194.08333333334,76.86553333333335,76.74731666666666,76.89211666666667,1.8699999999999992,1.7883333333333333,1.7983333333333336,202.76666666666665,203.0,202.5333333333333,74.76666666666667,77.98333333333333,76.63333333333334,1661.39327536232,1699.5349710144935,1661.2299855072467,7.14285714285714,49.99999999999998,0.5828409980874305,-6.746362795564709,-3.749999999999998,-7.2289156626506035,0.46769079323369933,1.5945538776370727,0.18461948401709005,7.316153234520595,0.6117994810015626,2.221536742366914,0.3292499563518847,-0.4710000219731114,3.664921465968596,0.50761421319796,0.8888888888888946,1.3392857142857206,5.1490514905149,3.054448871181936,-2.648436382550101,-6.719890876995905,7.394843383910477,-0.02684139248634132,-0.06956329354306767,1.0,6.123233995736766e-17,1,0,0,0,0.5429926752100966,-0.012108160467716456,0.47712662775423187,0.20934703870292282,0.24298780298681968,0.21797250755264766,0.16697003158679205,-0.28119191025899326
2013-04-01,232.282,231.679,231.638,229.187,0.14,0.14,0.16,0.14,92.9385,94.75666666666667,89.4913043478261,103.321,7.5,8.0,7.8,8.2,99.1921,98.3342,97.7193,97.4359,10583.8,10508.1,10292.4,9907.7,174884.0,174567.0,171601.0,171071.0,77.2135,76.7502,76.6227,77.2234,1.96,1.91,1.75,2.05,204.0,202.5,203.5,203.7,78.6,73.8,82.6,76.4,1593.08619047619,1671.84782608696,1746.58,1649.2,232.29933333333335,231.83433333333335,230.57941666666667,0.14333333333333365,0.15166666666666667,0.15,94.33470467836257,91.14772449239041,91.97545436631765,7.733333333333333,7.766666666666667,7.941666666666667,98.77346666666666,98.40458333333333,97.99128333333334,10539.800000000001,10459.633333333333,10257.058333333332,175028.66666666666,173833.5,172428.91666666666,76.98886666666667,76.86880000000001,76.92495833333332,1.9499999999999993,1.8283333333333331,1.7808333333333335,203.6,202.9333333333333,202.51666666666665,76.66666666666667,78.03333333333333,76.83333333333333,1630.8346721877167,1674.2476694271918,1654.324668046929,-6.666666666666654,7.692307692307709,-2.4871194508716665,-12.452439979961216,-2.5974025974025983,-8.536585365853655,0.40285806541078273,2.534732272069462,0.5347898361434344,7.407219476552429,-0.4275913115267427,1.6377436565039094,0.27349619300052197,0.5130214503107133,-1.0101010101010055,-9.677419354838712,-0.1468428781204123,-0.09794319294808007,1.2886597938144284,3.149606299212593,-2.1187297335174438,-4.944288882353886,7.373428414206705,-0.021414969703771547,-0.050707033454751915,0.8660254037844387,-0.49999999999999983,0,1,0,0,-0.28119191025899326,0.1980788942180789,0.26967945804385884,0.16607883500068255,0.15329321972306076,0.09158608455044348,0.12609178583996572,-0.2087979266581219
2013-05-01,231.797,232.937,231.249,228.713,0.15,0.15,0.16,0.16,92.02136363636365,95.30894736842104,86.53142857142858,94.65454545454546,7.6,7.7,7.7,8.2,99.1065,98.7941,98.0777,97.6609,10611.3,10527.5,10361.9,9951.4,174390.0,175635.0,172847.0,171121.0,77.0553,77.0029,76.78,77.2546,1.76,1.98,1.65,1.8,203.5,204.3,201.8,201.9,76.4,77.6,82.7,79.3,1487.85727272727,1627.57,1721.64,1589.04,232.33866666666668,231.86083333333332,230.79691666666668,0.14666666666666697,0.15,0.15083333333333335,93.4229370015949,91.56940104047999,91.03381800268129,7.599999999999999,7.733333333333333,7.891666666666667,99.03089999999999,98.63578333333334,98.1305,10574.199999999999,10512.783333333333,10315.691666666668,174969.66666666666,174298.33333333334,172705.5,77.09056666666667,76.9409,76.91095,1.8999999999999995,1.8299999999999998,1.7566666666666666,203.9333333333333,202.9333333333333,202.5,77.53333333333332,77.0,76.83333333333333,1569.504487734487,1631.1272148817368,1640.8794407742016,7.14285714285714,7.14285714285714,-0.9868207079265945,-10.936437281517165,1.3333333333333197,-7.317073170731703,-0.08629719503872035,1.7145631127746475,0.25983106256732835,7.101547281407372,-0.282472953500601,1.9401301214115874,-0.2048864512034676,-0.21768013322386315,-10.204081632653061,-14.146341463414625,-0.2450980392156854,-0.09818360333824216,-2.7989821882951516,0.0,-6.605349941390559,-9.783090424007401,7.305092291926447,-0.06833612228025832,-0.10295330890629817,0.49999999999999994,-0.8660254037844387,0,1,0,0,-0.2087979266581219,0.5429926752100966,-0.16793444944266378,-0.2068180132381081,0.017667612764327156,0.01183985376678002,0.09485205570173201,0.041415548950163306
2013-06-01,231.893,232.282,231.221,228.524,0.11,0.14,0.16,0.16,94.50954545454546,92.9385,87.8595,82.30333333333333,7.5,7.5,7.9,8.2,99.1839,99.1921,98.3101,97.6663,10646.1,10583.8,10484.1,10021.6,175373.0,174884.0,173467.0,169742.0,77.0307,77.2135,76.8435,77.1149,1.93,1.96,1.72,1.62,204.1,204.0,201.5,199.8,84.5,78.6,72.9,73.2,1414.02695652174,1593.08619047619,1684.762,1598.76,231.99066666666667,231.9681666666667,231.06191666666666,0.13333333333333364,0.1416666666666667,0.14666666666666667,93.1564696969697,92.89908718766613,91.02173466934795,7.533333333333332,7.7,7.833333333333333,99.16083333333331,98.82015,98.25741666666669,10613.733333333334,10560.15,10373.583333333334,174882.33333333334,174719.33333333334,173059.83333333334,77.09983333333332,76.98268333333333,76.89229166666667,1.8833333333333329,1.8766666666666663,1.7674999999999998,203.86666666666667,203.3166666666667,202.68333333333337,79.83333333333333,77.3,77.26666666666667,1498.3234732417334,1579.8583743020265,1626.2950204843467,-26.66666666666666,-31.25,2.703917568548797,-0.1531886285055628,-1.3157894736842035,-8.536585365853655,0.07809780387764143,1.5594777439077445,0.32795227728932286,6.980927306710627,0.5636791100407157,2.4847914633504997,-0.031925123904530395,-0.2898209297569343,9.659090909090896,7.222222222222219,0.29484029484028174,1.08964834076275,10.60209424083769,6.557377049180335,-4.962190766470331,-11.0137594697591,7.254196910293006,-0.050895381633440984,-0.11668842899169451,1.2246467991473532e-16,-1.0,0,1,0,0,0.041415548950163306,-0.28119191025899326,-0.012108160467716456,-0.08263631713106845,-0.14952476265565062,0.04673152016558454,0.11553818588408797,0.23804082055085551
2013-07-01,232.445,231.797,231.679,228.59,0.09,0.15,0.14,0.16,95.7725,92.02136363636365,94.75666666666667,87.8952380952381,7.5,7.6,8.0,8.2,99.3897,99.1065,98.3342,97.8713,10703.3,10611.3,10508.1,10074.5,175491.0,174390.0,174567.0,170474.0,77.1119,77.0553,76.7502,77.1372,2.3,1.76,1.91,1.53,204.3,203.5,202.5,200.1,84.1,76.4,73.8,72.3,1343.35,1487.85727272727,1671.84782608696,1594.29,232.045,232.1721666666667,231.38866666666664,0.11666666666666697,0.13,0.14083333333333334,94.10113636363637,94.21792052099947,92.14416522490349,7.533333333333332,7.633333333333334,7.7749999999999995,99.22670000000001,99.00008333333334,98.40103333333333,10653.566666666668,10596.683333333334,10430.391666666668,175084.66666666666,175056.66666666666,173538.91666666666,77.06596666666667,77.02741666666667,76.89204166666666,1.9966666666666661,1.9733333333333334,1.8241666666666667,203.96666666666667,203.78333333333333,203.0583333333333,81.66666666666667,79.16666666666667,78.175,1415.0780764163367,1522.9563743020265,1605.0108538176798,-18.181818181818187,-43.75,1.3363248541513162,16.365274796484552,0.0,-8.536585365853655,0.20749335325593865,1.7645800035426706,0.5372859544809705,6.802307016843612,0.06728515792053802,3.386904832039206,0.1054125173469922,-0.0038902987619771068,19.17098445595855,41.975308641975296,0.09799118079374391,2.2522522522522515,-0.4733727810650956,14.890710382513639,-4.99827504672139,-15.97550601716331,7.202921773143544,-0.05127513714946197,-0.17406183461657676,-0.4999999999999998,-0.8660254037844388,0,0,1,0,0.23804082055085551,-0.2087979266581219,0.1980788942180789,0.02888099280600187,0.023552814280965634,0.0884230170020132,0.14226128069091495,0.19574523005443378
2013-08-01,232.9,231.893,232.937,229.918,0.09,0.11,0.15,0.13,104.67090909090908,94.50954545454546,95.30894736842104,94.13130434782607,7.3,7.5,7.7,8.1,99.0814,99.1839,98.7941,97.4525,10742.8,10646.1,10527.5,10145.6,176156.0,175373.0,175635.0,171593.0,76.8008,77.0307,77.0029,76.672,2.58,1.93,1.98,1.68,204.4,204.1,204.3,202.7,85.1,84.5,77.6,74.3,1285.51565217391,1414.02695652174,1627.57,1630.31,232.41266666666664,232.3756666666667,231.74783333333332,0.09666666666666696,0.12166666666666666,0.135,98.31765151515151,95.87029425837322,93.54213780787609,7.433333333333333,7.516666666666666,7.699999999999999,99.21833333333332,99.12461666666667,98.501875,10697.4,10635.8,10486.083333333334,175673.33333333334,175321.5,174012.41666666666,76.98113333333333,77.03585,76.86400833333333,2.2699999999999996,2.085,1.9116666666666664,204.26666666666665,204.1,203.41666666666666,84.56666666666666,81.05,79.24166666666666,1347.6308695652167,1458.5676786498516,1579.279658165506,0.0,-43.75,9.291194331263242,19.085983904490767,-2.6666666666666727,-10.97560975609756,-0.31019310854143445,1.2364196654177428,0.3690450608690776,6.633579830264513,0.37893681157439296,3.3330595867991697,-0.40343967662580527,-0.43610605518480394,12.17391304347828,68.62745098039215,0.04894762604013003,2.148925537231383,1.189060642092743,17.70401106500692,-4.305233023864963,-19.36751455670487,7.158915202574183,-0.04400657056936108,-0.21526857247423603,-0.8660254037844384,-0.5000000000000004,0,0,1,0,0.19574523005443378,0.041415548950163306,0.5429926752100966,0.580952797585188,0.15840053318515088,0.08803407297473902,0.15616663379495097,0.23872906826962748
2013-09-01,233.456,232.445,232.282,231.015,0.08,0.09,0.14,0.14,106.57272727272726,95.7725,92.9385,94.51368421052632,7.2,7.5,7.5,7.8,99.6543,99.3897,99.1921,97.381,10801.2,10703.3,10583.8,10226.1,175490.0,175491.0,174884.0,172145.0,77.1772,77.1119,77.2135,76.4846,2.74,2.3,1.96,1.72,204.2,204.3,204.0,204.4,82.1,84.1,78.6,78.3,1351.74181818182,1343.35,1593.08619047619,1744.81,232.93366666666665,232.46216666666666,232.0426666666667,0.08666666666666696,0.10999999999999999,0.13083333333333333,102.33871212121211,97.7475909090909,94.57892305161785,7.333333333333333,7.433333333333334,7.625,99.37513333333334,99.26798333333333,98.68535833333334,10749.1,10681.416666666666,10540.716666666667,175712.33333333334,175297.33333333334,174337.16666666666,77.02996666666667,77.0649,76.90610833333334,2.5399999999999996,2.2116666666666664,2.0,204.29999999999998,204.08333333333334,203.54166666666666,83.76666666666667,81.8,79.89166666666667,1326.8691567852434,1412.5963150134885,1556.065643013991,-11.111111111111105,-38.46153846153846,1.816950094669001,13.217093942445214,-1.3698630136986245,-11.111111111111105,0.5782114503832148,2.2593571227008002,0.5436199128718844,6.46191452452296,-0.37807397988146585,2.271071663762503,0.4900990614681078,0.6589106844741233,6.20155038759691,63.095238095238116,-0.09784735812133905,0.7400098667982302,-3.525264394829608,10.497981157469717,5.151719926234755,-17.08682286302482,7.209149275483907,0.05023407290972415,-0.18737618428328773,-1.0,-1.8369701987210297e-16,0,0,1,0,0.23872906826962748,0.23804082055085551,-0.28119191025899326,0.47712662775423187,0.22417170629163893,0.03732347181799415,0.1276479896853209,0.037694469193350066
2013-10-01,233.544,232.9,231.797,231.638,0.08,0.09,0.15,0.16,106.2895,104.67090909090908,92.02136363636365,89.4913043478261,7.2,7.3,7.6,7.8,100.161,99.0814,99.1065,97.7193,10862.0,10742.8,10611.3,10292.4,175575.0,176156.0,174390.0,171601.0,77.5046,76.8008,77.0553,76.6227,2.81,2.58,1.76,1.75,203.9,204.4,203.5,203.5,77.5,85.1,76.4,82.6,1348.6,1285.51565217391,1487.85727272727,1746.58,233.29999999999998,232.6725,232.25341666666665,0.08333333333333363,0.09999999999999999,0.12583333333333332,105.84437878787878,99.97275757575757,95.560241034074,7.233333333333333,7.383333333333333,7.575,99.63223333333333,99.42946666666667,98.91702500000001,10802.0,10727.783333333333,10593.708333333334,175740.33333333334,175412.5,174623.0,77.16086666666666,77.11341666666665,76.99110833333334,2.7099999999999995,2.3533333333333335,2.0908333333333333,204.16666666666666,204.0666666666667,203.5,81.56666666666666,81.61666666666666,79.825,1328.6191567852434,1371.84861660079,1523.0481430139907,0.0,-42.85714285714286,-0.2657596178452515,12.459376531385047,0.0,-7.692307692307687,0.5084577384016464,2.854766330187619,0.5629004184720232,6.218401932310447,0.04843580830815597,1.9925063173487523,0.4242185515929586,1.3336017969630465,2.5547445255474477,63.372093023255815,-0.14691478942212566,-0.24461839530333096,-5.60292326431181,-1.0217113665389466,-0.23242738661781726,-22.70791662129401,7.206822296300482,-0.0023269791834250597,-0.2575786498864234,-0.8660254037844386,0.5000000000000001,0,0,0,1,0.037694469193350066,0.19574523005443378,-0.2087979266581219,0.26967945804385884,0.15738958917247045,0.09047120172671803,0.09102864313858076,0.053523104853914205
2013-11-01,233.669,233.456,231.893,231.249,0.09,0.08,0.11,0.16,100.53826086956522,106.57272727272726,94.50954545454546,86.53142857142858,7.2,7.2,7.5,7.7,100.082,99.6543,99.1839,98.0777,10986.3,10801.2,10646.1,10361.9,176061.0,175490.0,175373.0,172847.0,77.3802,77.1772,77.0307,76.78,2.62,2.74,1.93,1.65,202.5,204.2,204.1,201.8,73.2,82.1,84.5,82.7,1316.58,1351.74181818182,1414.02695652174,1721.64,233.55633333333336,232.9845,232.4226666666667,0.08333333333333363,0.09000000000000001,0.12000000000000001,104.46682938076417,101.39224044795783,96.48082074421892,7.2,7.316666666666666,7.525000000000001,99.96576666666665,99.59205000000001,99.11391666666667,10883.166666666666,10790.283333333333,10651.533333333333,175708.66666666666,175691.0,174994.66666666666,77.354,77.16756666666667,77.05423333333333,2.7233333333333327,2.4966666666666666,2.1633333333333336,203.53333333333333,203.9,203.41666666666666,77.60000000000001,81.08333333333333,79.04166666666667,1338.97393939394,1343.3024044795784,1487.2148096806575,12.5,-43.75,-5.410919357448085,12.344167516882854,0.0,-7.692307692307687,-0.07887301444674533,2.4178437626957816,1.1443564721045796,6.741867785939126,0.2768047842802268,2.59905245307428,-0.16050660218877022,0.988610424847991,-6.761565836298933,49.71428571428571,-0.6866110838646411,-0.49140049140049546,-5.548387096774188,-11.38014527845035,-2.374314103514752,-24.619542191024745,7.182792744275833,-0.024029552024648737,-0.2826221248195049,-0.5000000000000004,0.8660254037844384,0,0,0,1,0.053523104853914205,0.23872906826962748,0.041415548950163306,-0.16793444944266378,0.10998221410563058,0.13419137364539072,0.07301561370608538,0.18444894273523804
2013-12-01,234.1,233.544,232.445,231.221,0.08,0.08,0.09,0.16,93.864,106.2895,95.7725,87.8595,6.9,7.2,7.5,7.9,100.3158,100.161,99.3897,98.3101,10995.6,10862.0,10703.3,10484.1,176233.0,175575.0,175491.0,173467.0,77.4988,77.5046,77.1119,76.8435,2.72,2.81,2.3,1.72,201.2,203.9,204.3,201.5,75.1,77.5,84.1,72.9,1275.86,1348.6,1343.35,1684.762,233.771,233.35233333333335,232.66025000000002,0.08333333333333363,0.085,0.11333333333333333,100.23058695652173,101.28464953886693,97.09186836326654,7.1000000000000005,7.216666666666666,7.458333333333333,100.18626666666667,99.78070000000001,99.300425,10947.966666666667,10848.533333333333,10704.341666666667,175956.33333333334,175834.33333333334,175276.83333333334,77.4612,77.24558333333333,77.11413333333333,2.7166666666666663,2.6283333333333334,2.2525,202.53333333333333,203.41666666666666,203.36666666666667,75.26666666666667,79.51666666666667,78.40833333333333,1313.68,1320.2745783926216,1450.0664763473242,-11.111111111111105,-50.0,-6.6385282695750725,8.473882321864878,-4.1666666666666625,-10.389610389610382,0.23360844107831458,2.281966236973343,0.08465088337292759,6.115673766394192,0.09769341307841461,1.958957922324367,0.15326918255573752,0.9361812972128236,3.8167938931297662,64.84848484848487,-0.6419753086419844,-0.29732408325074955,2.595628415300544,-9.189842805320447,-3.09286180862538,-25.892753421156577,7.151375740016951,-0.031417004258882386,-0.2996568638813484,-2.4492935982947064e-16,1.0,0,0,0,1,0.18444894273523804,0.037694469193350066,0.23804082055085551,-0.012108160467716456,0.09188883892750077,0.15803027260956984,0.10238089638757719,0.2644169158479315
2014-01-01,234.719,233.669,232.9,231.679,0.09,0.09,0.09,0.14,97.6252380952381,100.53826086956522,104.67090909090908,94.75666666666667,6.7,7.2,7.3,8.0,100.5175,100.082,99.0814,98.3342,11060.1,10986.3,10742.8,10508.1,176727.0,176061.0,176156.0,174567.0,77.5927,77.3802,76.8008,76.7502,2.9,2.62,2.58,1.91,202.0,202.5,204.4,202.5,82.5,73.2,85.1,73.8,1221.5119047619,1316.58,1285.51565217391,1671.84782608696,234.1626666666667,233.7313333333333,232.95175000000003,0.08666666666666696,0.085,0.1075,97.34249965493444,101.5934392214066,97.90567987120305,6.933333333333334,7.083333333333333,7.358333333333333,100.3051,99.96866666666666,99.484375,11014.0,10908.0,10752.341666666667,176340.33333333334,176040.33333333334,175548.5,77.49056666666667,77.32571666666666,77.17656666666666,2.746666666666666,2.7283333333333335,2.3508333333333336,201.9,203.03333333333333,203.40833333333333,76.93333333333334,79.25,79.20833333333333,1271.3173015872999,1299.9682291862716,1411.462301744149,12.5,-43.75,4.007114650172694,11.11517604270238,-2.898550724637683,-15.189873417721522,0.20106503661436737,2.245344069429267,0.5865982756739108,5.4940338226457275,0.28031072500609433,1.8793199859339138,0.12116316639740887,0.9749686050218864,6.617647058823528,68.60465116279069,0.3976143141153132,0.2481389578163684,9.853528628495356,13.168724279835375,-4.259722480374006,-27.496471029029614,7.107844636669051,-0.04353110334789978,-0.3215349498504132,0.49999999999999994,0.8660254037844387,1,0,0,0,0.2644169158479315,0.053523104853914205,0.19574523005443378,0.1980788942180789,0.16746298781236124,0.16242628849241583,0.1254246527472145,0.24241752904536895
2014-02-01,235.288,234.1,233.456,232.937,0.07,0.08,0.08,0.15,94.61714285714284,93.864,106.57272727272726,95.30894736842104,6.6,6.9,7.2,7.7,100.1599,100.3158,99.6543,98.7941,11130.8,10995.6,10801.2,10527.5,174918.0,176233.0,175490.0,175635.0,77.254,77.4988,77.1772,77.0029,2.86,2.72,2.74,1.98,203.8,201.2,204.2,204.3,81.2,75.1,82.1,77.6,1244.27,1275.86,1351.74181818182,1627.57,234.7023333333333,234.1293333333333,233.25250000000003,0.08000000000000031,0.08166666666666667,0.10166666666666667,95.36879365079365,99.91781151577891,97.89405288707606,6.733333333333333,6.966666666666668,7.241666666666666,100.33106666666667,100.14841666666666,99.63651666666668,11062.166666666666,10972.666666666666,10804.233333333332,175959.33333333334,175834.0,175577.75,77.44850000000001,77.40124999999999,77.21855000000001,2.826666666666666,2.775,2.43,202.33333333333334,202.9333333333333,203.51666666666665,79.60000000000001,78.6,79.825,1247.2139682539666,1293.0939538239534,1375.8308162369024,-22.22222222222221,-50.0,-3.0812680171501627,-0.1472443200378204,-1.4925373134328401,-17.500000000000004,-0.35575894744697134,1.8566277042981971,0.6392347266299447,5.925904778218705,-1.0236126907603227,0.20106893055389374,-0.43651013561841756,0.6564152275824631,-1.379310344827589,49.73821989528795,0.8910891089108919,0.6419753086419844,-1.5757575757575748,10.027100271002709,1.8631087547637204,-25.57516416357859,7.126304291549603,0.018459654880552456,-0.2953804848472146,0.8660254037844386,0.5000000000000001,1,0,0,0,0.24241752904536895,0.18444894273523804,0.23872906826962748,0.5429926752100966,0.23042779587617948,0.17020500499090505,0.12911953898282202,0.11007786202441583
2014-03-01,235.547,234.719,233.544,232.282,0.07,0.09,0.08,0.14,100.81736842105263,97.6252380952381,106.2895,92.9385,6.7,6.7,7.2,7.5,100.9168,100.5175,100.161,99.1921,11196.8,11060.1,10862.0,10583.8,176923.0,176727.0,175575.0,174884.0,77.7747,77.5927,77.5046,77.2135,2.71,2.9,2.81,1.96,205.7,202.0,203.9,204.0,81.6,82.5,77.5,78.6,1299.58,1221.5119047619,1348.6,1593.08619047619,235.18466666666666,234.47783333333334,233.47000000000003,0.07666666666666697,0.08,0.09499999999999999,97.68658312447786,98.95858504049981,98.35308797479536,6.666666666666667,6.883333333333333,7.158333333333332,100.5314,100.35883333333332,99.81340833333333,11129.233333333332,11038.6,10860.008333333333,176189.33333333334,176072.83333333334,175685.08333333334,77.54046666666666,77.50083333333333,77.28286666666666,2.8233333333333324,2.77,2.4908333333333332,203.83333333333334,203.1833333333333,203.63333333333335,81.76666666666667,78.51666666666667,80.15833333333333,1255.1206349206334,1284.4003174603165,1348.4983162369024,0.0,-53.33333333333332,6.552962155358233,5.77954242988179,1.5151515151515138,-12.987012987012992,0.7556916490531584,2.148610089064018,0.592949293851297,6.3576347660888155,1.1462513863639057,0.7333390269593121,0.6740104072280984,1.0022999133798782,-5.24475524475524,36.86868686868687,0.9322865554465043,0.6852667645619093,0.49261083743841194,5.154639175257736,4.445176689946706,-20.152128633484278,7.169796414325958,0.04349212277635495,-0.2250469695845183,1.0,6.123233995736766e-17,1,0,0,0,0.11007786202441583,0.2644169158479315,0.037694469193350066,-0.28119191025899326,0.20563743563923875,0.14876313728336976,0.09304330455068195,0.204205530106516
2014-04-01,236.028,235.288,233.669,231.797,0.08,0.07,0.09,0.15,100.80380952380952,94.61714285714284,100.53826086956522,92.02136363636365,6.7,6.6,7.2,7.6,101.8942,100.1599,100.082,99.1065,11232.6,11130.8,10986.3,10611.3,178466.0,174918.0,176061.0,174390.0,78.4628,77.254,77.3802,77.0553,2.72,2.86,2.62,1.76,207.0,203.8,202.5,203.5,80.0,81.2,73.2,76.4,1336.08,1244.27,1316.58,1487.85727272727,235.621,234.89183333333332,233.78216666666665,0.07333333333333364,0.08,0.09000000000000001,98.74610693400166,98.04430329446807,99.0085304351128,6.666666666666667,6.8,7.091666666666668,100.9903,100.6477,100.03858333333334,11186.733333333332,11100.366666666667,10914.075,176769.0,176554.66666666666,175983.58333333334,77.8305,77.66053333333333,77.386975,2.763333333333333,2.7550000000000003,2.5541666666666667,205.5,203.70000000000002,203.88333333333335,80.93333333333334,78.93333333333334,80.27499999999999,1293.3100000000002,1282.31365079365,1327.08113369722,14.28571428571428,-42.85714285714286,-0.013448969612550599,8.462918514726958,0.0,-10.666666666666668,0.9685206031106786,2.724108069090181,0.31973420977422506,6.130123396133724,0.8721308139699291,2.048214816678473,0.8847350102282769,1.6179813115582142,0.3690036900369176,38.775510204081655,0.6319883325230924,1.4705882352941124,-1.9607843137254832,1.781170483460559,2.808599701442005,-16.13259797320623,7.197495232543362,0.027698818217404053,-0.1759331816633427,0.8660254037844387,-0.49999999999999983,0,1,0,0,0.204205530106516,0.24241752904536895,0.053523104853914205,-0.2087979266581219,0.1855669737254336,0.1765149807688974,0.13349309124780773,0.18641856050976013
2014-05-01,236.468,235.547,234.1,231.893,0.09,0.07,0.08,0.11,102.0690476190476,100.81736842105263,93.864,94.50954545454546,6.2,6.7,6.9,7.5,101.9928,100.9168,100.3158,99.1839,11277.7,11196.8,10995.6,10646.1,179959.0,176923.0,176233.0,175373.0,78.4705,77.7747,77.4988,77.0307,2.71,2.71,2.72,1.93,208.3,205.7,201.2,204.1,84.1,81.6,75.1,84.5,1298.45,1299.58,1275.86,1414.02695652174,236.01433333333333,235.35833333333335,234.17141666666666,0.0800000000000003,0.08,0.085,101.23007518796992,98.29943441938178,99.84583743366981,6.533333333333332,6.633333333333334,6.9750000000000005,101.60126666666667,100.96616666666667,100.27910833333333,11235.699999999999,11148.933333333334,10969.608333333332,178449.33333333334,177204.33333333334,176447.66666666666,78.236,77.84224999999999,77.50490833333333,2.713333333333333,2.77,2.6333333333333333,207.0,204.66666666666666,204.28333333333333,81.89999999999999,80.75,80.91666666666667,1311.3700000000001,1279.2919841269834,1311.2971943032808,12.5,-40.0,1.2551490873360605,10.918860127294883,-7.462686567164178,-18.421052631578938,0.0967670387519659,2.9123215934373725,0.40150989085341315,6.28009763176991,0.8365739132383698,3.193417053730152,0.009813567703420567,1.8366030629950236,-0.3676470588235392,53.97727272727273,0.6280193236715137,2.358722358722365,5.125000000000002,10.07853403141359,-2.816448116879222,-12.73020444898474,7.1689265243930045,-0.028568708150357836,-0.13616576753344223,0.49999999999999994,-0.8660254037844387,0,1,0,0,0.18641856050976013,0.11007786202441583,0.18444894273523804,0.041415548950163306,0.16690065088023065,0.19866422337820508,0.1664277985117979,0.19030059035471947
2014-06-01,236.918,236.028,234.719,232.445,0.09,0.08,0.09,0.09,102.17714285714284,100.80380952380952,97.6252380952381,95.7725,6.3,6.7,6.7,7.5,102.3836,101.8942,100.5175,99.3897,11342.8,11232.6,11060.1,10703.3,179916.0,178466.0,176727.0,175491.0,78.6999,78.4628,77.5927,77.1119,2.56,2.72,2.9,2.3,208.0,207.0,202.0,204.3,81.9,80.0,82.5,84.1,1288.74,1336.08,1221.5119047619,1343.35,236.47133333333332,235.82799999999997,234.59016666666665,0.08666666666666696,0.08166666666666667,0.08333333333333333,101.68333333333332,99.68495822890559,100.48480388388627,6.3999999999999995,6.533333333333334,6.875,102.0902,101.31079999999999,100.54575,11284.366666666667,11206.800000000001,11027.666666666666,179447.0,177818.16666666666,176826.25,78.54440000000001,78.04243333333334,77.64400833333333,2.6633333333333327,2.7433333333333336,2.6858333333333335,207.76666666666665,205.79999999999998,204.60833333333332,82.0,81.88333333333333,80.7,1307.756666666667,1281.43865079365,1300.8566145931356,0.0,-18.181818181818187,0.10590403321748543,8.11304018627952,1.6129032258064502,-16.000000000000004,0.3831643017938591,3.226027611336124,0.5772453603128058,6.544180498022745,-0.023894331486618015,2.5904785799410357,0.2923391593018909,2.1669282506844745,-5.535055350553497,32.64248704663213,-0.1440230436869916,1.9108280254777066,-2.6159334126040323,-3.076923076923066,-0.7478147021448667,-8.86029477329937,7.161420275844227,-0.00750624854877735,-0.0927766344487786,1.2246467991473532e-16,-1.0,0,1,0,0,0.19030059035471947,0.204205530106516,0.2644169158479315,0.23804082055085551,0.1936415603236652,0.19963949798145197,0.17883488529551092,0.1321132206079767
2014-07-01,237.231,236.468,235.288,232.9,0.1,0.09,0.07,0.09,105.7942857142857,102.0690476190476,94.61714285714284,104.67090909090908,6.1,6.2,6.6,7.3,102.735,101.9928,100.1599,99.0814,11398.1,11277.7,11130.8,10742.8,180122.0,179959.0,174918.0,176156.0,78.8952,78.4705,77.254,76.8008,2.6,2.71,2.86,2.58,208.3,208.3,203.8,204.4,82.5,84.1,81.2,85.1,1279.1,1298.45,1244.27,1285.51565217391,236.87233333333333,236.24666666666667,234.989,0.09333333333333362,0.08333333333333333,0.08416666666666667,103.3468253968254,101.04646616541352,101.31995269341007,6.2,6.433333333333334,6.758333333333333,102.37046666666667,101.68038333333334,100.824525,11339.533333333335,11263.133333333331,11085.566666666668,179999.0,178384.0,177212.16666666666,78.68853333333334,78.25951666666667,77.79261666666666,2.6233333333333326,2.6933333333333334,2.7108333333333334,208.20000000000002,206.85,204.9416666666667,82.83333333333333,81.88333333333333,80.56666666666666,1288.7633333333333,1291.0366666666666,1295.5024479264691,11.111111111111116,11.111111111111116,3.5400704658576254,10.46415799345921,-3.1746031746031744,-18.666666666666675,0.3432190311729588,3.365841732090935,0.4875339422364844,6.491455906122412,0.11449787678694534,2.6388817660164987,0.2481578756770908,2.312613228308469,1.5625,13.043478260869579,0.14423076923077982,1.95790504160549,0.73260073260073,-1.9024970273483932,-0.7480174433943332,-4.782819071723676,7.153911984605347,-0.00750829123887975,-0.049009788538196375,-0.4999999999999998,-0.8660254037844388,0,0,1,0,0.1321132206079767,0.18641856050976013,0.24241752904536895,0.19574523005443378,0.16961079049081876,0.17758888210812618,0.17000758530027102,0.11254852864928111
2014-08-01,237.498,236.918,235.547,233.456,0.09,0.09,0.07,0.08,103.58863636363638,102.17714285714284,100.81736842105263,106.57272727272726,6.2,6.3,6.7,7.2,102.9632,102.3836,100.9168,99.6543,11453.0,11342.8,11196.8,10801.2,180245.0,179916.0,176923.0,175490.0,78.9933,78.6999,77.7747,77.1772,2.54,2.56,2.71,2.74,208.0,208.0,205.7,204.2,81.8,81.9,81.6,82.1,1310.59,1288.74,1299.58,1351.74181818182,237.21566666666664,236.615,235.3721666666667,0.09333333333333364,0.08666666666666667,0.08416666666666667,103.85335497835497,102.54171508316244,101.22976329947068,6.199999999999999,6.366666666666666,6.666666666666667,102.69393333333335,102.14760000000001,101.14800833333334,11397.966666666665,11316.833333333334,11144.75,180094.33333333334,179271.83333333334,177552.91666666666,78.8628,78.5494,77.97532500000001,2.566666666666666,2.64,2.7075,208.10000000000002,207.54999999999998,205.24166666666667,82.06666666666668,81.98333333333333,80.29166666666667,1292.8100000000002,1302.09,1297.5919769119766,-10.000000000000009,0.0,-2.0848473391143596,-1.0339766193610878,1.6393442622950838,-15.068493150684926,0.22212488441135658,3.9177888079901857,0.48165922390572824,6.610939419890549,0.06828704988841583,2.321237993596581,0.12434216530283759,2.854787970958639,-2.3076923076923106,-1.5503875968992276,-0.1440230436869916,1.7612524461839474,-0.848484848484854,-3.8777908343125667,2.4618872644828427,1.950528395643203,7.1782326964832,0.024320711877853007,0.019317493909017713,-0.8660254037844384,-0.5000000000000004,0,0,1,0,0.11254852864928111,0.19030059035471947,0.11007786202441583,0.23872906826962748,0.14498744653732576,0.1559440487087782,0.1630745268498416,-0.01600013473797013
2014-09-01,237.46,237.231,236.028,233.544,0.09,0.1,0.08,0.08,96.53619047619048,105.7942857142857,100.80380952380952,106.2895,6.1,6.1,6.7,7.2,102.7688,102.735,101.8942,100.161,11477.3,11398.1,11232.6,10862.0,181664.0,180122.0,178466.0,175575.0,78.7669,78.8952,78.4628,77.5046,2.42,2.6,2.72,2.81,207.0,208.3,207.0,203.9,82.5,82.5,80.0,77.5,1295.13,1279.1,1336.08,1348.6,237.39633333333333,236.93383333333335,235.70583333333332,0.09333333333333362,0.09000000000000001,0.085,101.97303751803753,101.82818542568543,100.39338523309262,6.133333333333333,6.266666666666667,6.575,102.82233333333333,102.45626666666665,101.40755,11442.800000000001,11363.583333333334,11201.091666666665,180677.0,180062.0,178067.41666666666,78.88513333333334,78.71476666666668,78.1078,2.5199999999999996,2.5916666666666663,2.6808333333333336,207.76666666666668,207.76666666666665,205.47500000000002,82.26666666666667,82.13333333333333,80.325,1294.94,1301.3483333333334,1292.874325396825,0.0,12.5,-6.808126967410855,-9.417547109264234,-1.6129032258064613,-15.27777777777779,-0.1888053207359519,3.1253041765382905,0.21217148345411552,6.259489686331143,0.7872617825737116,3.518149182289587,-0.28660658562181807,2.059805227450595,-4.7244094488189,-11.678832116788328,-0.48076923076922906,1.3712047012732764,0.8557457212714059,0.4872107186358221,-1.1796213918921827,-4.1880644232762165,7.166366355195677,-0.011866341287523063,-0.0427829202882295,-1.0,-1.8369701987210297e-16,0,0,1,0,-0.01600013473797013,0.1321132206079767,0.204205530106516,0.037694469193350066,0.07622053817309589,0.13493104924838054,0.14184709326587516,0.007159100480080838
2014-10-01,237.477,237.498,236.468,233.669,0.09,0.09,0.09,0.09,93.21190476190476,103.58863636363638,102.0690476190476,100.53826086956522,5.9,6.2,6.2,7.2,103.0641,102.9632,101.9928,100.082,11519.1,11453.0,11277.7,10986.3,181150.0,180245.0,179959.0,176061.0,78.9218,78.9933,78.4705,77.3802,2.53,2.54,2.71,2.62,206.4,208.0,208.3,202.5,84.6,81.8,84.1,73.2,1236.55,1310.59,1298.45,1316.58,237.47833333333332,237.17533333333336,236.03358333333335,0.09,0.09166666666666667,0.08583333333333333,97.77891053391055,100.56286796536796,99.303585629918,6.066666666666666,6.133333333333333,6.466666666666666,102.93203333333334,102.65125,101.649475,11483.133333333333,11411.333333333334,11255.849999999999,181019.66666666666,180509.33333333334,178532.0,78.894,78.79126666666667,78.2259,2.496666666666666,2.56,2.6575,207.13333333333333,207.66666666666666,205.68333333333337,82.96666666666667,82.89999999999999,80.91666666666667,1280.756666666667,1284.76,1283.536825396825,0.0,12.5,-3.443564219685691,-12.303750829663551,-3.2786885245901565,-18.055555555555557,0.28734401880725624,2.89843352202952,0.3641971543830058,6.049530473209352,-0.28293993306324206,3.1752812188523327,0.19665620965150232,1.8285366287936533,4.545454545454541,-9.964412811387913,-0.28985507246376274,1.2260912211868646,2.5454545454545396,9.16129032258064,-4.523098067375486,-8.308616342874087,7.1200805228604676,-0.046285832335209776,-0.08674177344001421,-0.8660254037844386,0.5000000000000001,0,0,0,1,0.007159100480080838,0.11254852864928111,0.18641856050976013,0.053523104853914205,0.034569164797130604,0.10208997764397469,0.13930247920643604,-0.019791390324119806
2014-11-01,237.43,237.46,236.918,234.1,0.09,0.09,0.09,0.08,84.39695652173914,96.53619047619048,102.17714285714284,93.864,5.7,6.1,6.3,6.9,103.0764,102.7688,102.3836,100.3158,11593.1,11477.3,11342.8,10995.6,181908.0,181664.0,179916.0,176233.0,78.8663,78.7669,78.6999,77.4988,2.3,2.42,2.56,2.72,203.4,207.0,208.0,201.2,86.9,82.5,81.9,75.1,1222.49,1295.13,1288.74,1275.86,237.45566666666664,237.33566666666664,236.34699999999998,0.09,0.09166666666666666,0.08583333333333333,91.38168391994479,97.61751944914988,97.95847693426583,5.8999999999999995,6.05,6.341666666666668,102.96976666666667,102.83185000000002,101.89900833333333,11529.833333333334,11463.9,11306.416666666666,181574.0,180834.16666666666,179019.25,78.85166666666667,78.85723333333333,78.34974166666667,2.416666666666666,2.4916666666666667,2.6308333333333334,205.6,206.85,205.75833333333333,84.66666666666667,83.36666666666666,82.05833333333334,1251.39,1272.1000000000001,1275.6959920634915,0.0,0.0,-9.456891008377122,-16.054887172523536,-3.3898305084745783,-20.833333333333336,0.011934320486006733,2.9919466037849007,0.6424112994938946,5.523242583945476,0.4184377587634458,3.321008059706587,-0.07032277520280239,1.9205171348742889,-9.090909090909093,-12.213740458015277,-1.4534883720930258,0.4444444444444473,2.7186761229314627,18.715846994535525,-1.1370344911245,-7.146546354949946,7.108645041356471,-0.011435481503996314,-0.07414770291936179,-0.5000000000000004,0.8660254037844384,0,0,0,1,-0.019791390324119806,-0.01600013473797013,0.19030059035471947,0.18444894273523804,-0.009544141527336366,0.06772165250499469,0.1331929379415999,-0.18826601524659647
2014-12-01,236.983,237.477,237.231,234.719,0.09,0.09,0.1,0.09,75.78947368421052,93.21190476190476,105.7942857142857,97.6252380952381,5.8,5.9,6.1,6.7,103.7126,103.0641,102.735,100.5175,11634.2,11519.1,11398.1,11060.1,182761.0,181150.0,180122.0,176727.0,79.2962,78.9218,78.8952,77.5927,2.33,2.53,2.6,2.9,200.9,206.4,208.3,202.0,88.8,84.6,82.5,82.5,1175.33,1236.55,1279.1,1221.5119047619,237.29666666666665,237.34650000000002,236.58725,0.09,0.09166666666666667,0.08666666666666667,84.46611165595148,93.2195745869945,96.45226640795003,5.8,5.966666666666666,6.25,103.28436666666666,103.05335000000001,102.182075,11582.133333333333,11512.466666666667,11359.633333333333,181939.66666666666,181308.33333333334,179563.25,79.0281,78.95661666666666,78.49952499999999,2.3866666666666663,2.4533333333333336,2.598333333333333,203.5666666666667,205.66666666666666,205.73333333333332,86.76666666666667,84.51666666666667,83.2,1211.4566666666667,1253.1983333333333,1267.3184920634917,0.0,12.5,-10.198807151667244,-19.256079344359378,1.754385964912264,-15.94202898550725,0.6172120873449094,3.3861066751199598,0.3545212238314166,5.807777656517166,0.4689183543329589,3.704187070525955,0.5450997447579153,2.3192617176007735,1.3043478260869712,-14.338235294117652,-1.2291052114061007,-0.14910536779323413,2.1864211737629313,18.242343541944074,-3.857700267486852,-7.879391155769444,7.069304238210812,-0.039340803145659464,-0.08207150180613887,-2.4492935982947064e-16,1.0,0,0,0,1,-0.18826601524659647,0.007159100480080838,0.1321132206079767,0.2644169158479315,-0.06696610169687849,0.004627218238108706,0.10213335810978035,-0.30846094445592387
2015-01-01,236.252,237.43,237.498,235.288,0.12,0.09,0.09,0.07,59.29045454545455,84.39695652173914,103.58863636363638,94.61714285714284,5.6,5.7,6.2,6.6,103.7044,103.0764,102.9632,100.1599,11717.6,11593.1,11453.0,11130.8,182056.0,181908.0,180245.0,174918.0,79.2419,78.8663,78.9933,77.254,2.21,2.3,2.54,2.86,197.0,203.4,208.0,203.8,93.6,86.9,81.8,81.2,1200.62,1222.49,1310.59,1244.27,236.88833333333332,237.18333333333337,236.715,0.1000000000000003,0.09499999999999999,0.08916666666666667,73.1589615838014,85.46893605885599,93.25770111213474,5.699999999999999,5.883333333333333,6.158333333333334,103.4978,103.21491666666668,102.44765000000001,11648.300000000001,11565.716666666667,11414.425000000001,182241.66666666666,181630.66666666666,180007.33333333334,79.1348,79.01440000000001,78.63695833333334,2.2799999999999994,2.388333333333333,2.540833333333333,200.4333333333333,203.78333333333333,205.31666666666663,89.76666666666667,86.36666666666667,84.125,1199.48,1240.1183333333333,1265.5775,33.33333333333333,33.33333333333333,-21.76953914141413,-39.26728814979804,-3.4482758620689724,-16.417910447761198,-0.00790646459541966,3.170492700276073,0.7168520396761302,5.9447925425629045,-0.3857496949568051,3.015385311808605,-0.06847743019211538,2.1254576783640733,-5.150214592274683,-23.793103448275865,-1.9412643106022975,-2.4752475247524774,5.405405405405395,13.454545454545453,2.1517361081568653,-1.7103316537854352,7.090593369016492,0.0212891308056804,-0.01725126765255869,0.49999999999999994,0.8660254037844387,1,0,0,0,-0.30846094445592387,-0.019791390324119806,0.11254852864928111,0.24241752904536895,-0.1721727833422134,-0.06880180927254138,0.0543935364177924,-0.6370316441765556
2015-02-01,234.747,236.983,237.46,235.547,0.11,0.09,0.09,0.07,47.219,75.78947368421052,96.53619047619048,100.81736842105263,5.7,5.8,6.1,6.7,102.8905,103.7126,102.7688,100.9168,11805.2,11634.2,11477.3,11196.8,182413.0,182761.0,181664.0,176923.0,78.5803,79.2962,78.7669,77.7747,1.88,2.33,2.42,2.71,192.0,200.9,207.0,205.7,98.1,88.8,82.5,81.6,1250.75,1175.33,1295.13,1299.58,235.994,236.72483333333335,236.66991666666664,0.10666666666666696,0.09833333333333333,0.09249999999999999,60.76630940988836,76.07399666491658,89.3078558740395,5.7,5.8,6.083333333333333,103.43583333333333,103.20280000000001,102.6752,11719.0,11624.416666666666,11470.625,182410.0,181992.0,180631.91666666666,79.03946666666666,78.94556666666666,78.74748333333334,2.1399999999999992,2.2783333333333333,2.4591666666666665,196.63333333333335,201.11666666666667,204.33333333333334,93.5,89.08333333333333,85.53333333333332,1208.8999999999999,1230.145,1266.1175,-8.333333333333325,57.14285714285714,-20.359861697805115,-50.09466723034181,1.7857142857143016,-13.636363636363624,-0.7848268733052777,2.7262407410550527,0.7475933638287691,6.058863693535077,0.19609350968932127,4.284864908128383,-0.8349118332599437,1.7168043078675366,-14.932126696832581,-34.265734265734274,-2.538071065989844,-5.789990186457317,4.807692307692313,20.8128078817734,4.175342739584553,0.5207872889324783,7.131498650368314,0.040905281351822254,0.005194358818711109,0.8660254037844386,0.5000000000000001,1,0,0,0,-0.6370316441765556,-0.18826601524659647,-0.01600013473797013,0.11007786202441583,-0.37791953462635863,-0.1937318380768475,-0.018893894684034646,0.25346436802173855
2015-03-01,235.342,236.252,237.477,236.028,0.11,0.12,0.09,0.08,50.58421052631579,59.29045454545455,93.21190476190476,100.80380952380952,5.5,5.6,5.9,6.7,102.2335,103.7044,103.0641,101.8942,11922.8,11717.6,11519.1,11232.6,181489.0,182056.0,181150.0,178466.0,78.055,79.2419,78.9218,78.4628,1.98,2.21,2.53,2.72,191.1,197.0,206.4,207.0,95.4,93.6,84.6,80.0,1227.08,1200.62,1236.55,1336.08,235.447,236.37183333333334,236.65283333333332,0.11333333333333362,0.10166666666666667,0.09583333333333334,52.36455502392345,68.41533333993746,85.12175938281143,5.599999999999999,5.7,5.983333333333333,102.94279999999999,103.11358333333334,102.784925,11815.199999999999,11698.666666666666,11531.125,181986.0,181962.83333333334,181012.41666666666,78.62573333333334,78.82691666666666,78.77084166666667,2.0233333333333325,2.205,2.398333333333333,193.36666666666667,198.46666666666667,203.11666666666665,95.69999999999999,91.23333333333333,86.68333333333334,1226.1499999999999,1218.8033333333333,1260.0758333333333,0.0,57.14285714285714,7.126814473656351,-49.82589674920257,-3.508771929824561,-17.910447761194035,-0.6385429169845525,1.30473816054415,0.9961711788025518,6.483995427264944,-0.506542845082314,2.5807837307755266,-0.6684881579734236,0.36039997582761885,5.319148936170226,-26.937269372693727,-0.46875000000000666,-7.097715119105496,-2.752293577981635,16.91176470588236,-1.8924645212872293,-5.578725434371101,7.112392642259507,-0.019106008108807693,-0.05740377206645153,1.0,6.123233995736766e-17,1,0,0,0,0.25346436802173855,-0.30846094445592387,0.007159100480080838,0.204205530106516,-0.23067607353691363,-0.14882108761689605,-0.006945019184257754,0.26939517808124425
2015-04-01,235.976,234.747,237.43,236.468,0.11,0.11,0.09,0.09,47.82363636363636,47.219,84.39695652173914,102.0690476190476,5.4,5.7,5.7,6.2,101.8914,102.8905,103.0764,101.9928,11920.5,11805.2,11593.1,11277.7,183767.0,182413.0,181908.0,179959.0,77.7804,78.5803,78.8663,78.4705,2.04,1.88,2.3,2.71,191.5,192.0,203.4,208.3,93.0,98.1,86.9,84.1,1178.63,1250.75,1222.49,1298.45,235.35500000000002,236.12166666666667,236.6485,0.11,0.105,0.09833333333333333,48.54228229665072,60.85062194022606,80.70674495279701,5.533333333333334,5.616666666666667,5.875,102.33846666666666,102.91813333333334,102.78469166666667,11882.833333333334,11765.566666666666,11588.449999999999,182556.33333333334,182399.0,181454.16666666666,78.13856666666668,78.63668333333332,78.71397499999999,1.9666666666666661,2.123333333333333,2.341666666666667,191.53333333333333,195.98333333333332,201.82499999999996,95.5,92.63333333333333,87.76666666666667,1218.82,1209.1499999999999,1246.955,0.0,37.5,-5.4573831121537015,-52.557709287424714,-1.8181818181818077,-19.402985074626866,-0.33462612548724735,-0.0027479483621140055,-0.019290770624347253,6.1241386678062115,1.2551724897927663,2.9703136731926483,-0.3518032156812567,-0.8697115065993022,3.0303030303030276,-25.0,0.20931449502878952,-7.487922705314009,-2.515723270440262,16.250000000000007,-3.948397822472849,-11.784473983593779,7.072108026008257,-0.040284616251249794,-0.12538720653510538,0.8660254037844387,-0.49999999999999983,0,1,0,0,0.26939517808124425,-0.6370316441765556,-0.019791390324119806,0.18641856050976013,-0.03805736602452425,-0.10511507468336882,-0.0015125485196970656,0.10424788961589382
2015-05-01,236.222,235.342,236.983,236.918,0.12,0.11,0.09,0.09,54.45285714285714,50.58421052631579,75.78947368421052,102.17714285714284,5.4,5.5,5.8,6.3,101.3355,102.2335,103.7126,102.3836,11954.6,11922.8,11634.2,11342.8,183924.0,181489.0,182761.0,179916.0,77.3487,78.055,79.2962,78.6999,1.94,1.98,2.33,2.56,190.9,191.1,200.9,208.0,95.9,95.4,88.8,81.9,1198.93,1227.08,1175.33,1288.74,235.84666666666666,235.92033333333336,236.62800000000001,0.11333333333333362,0.11,0.10083333333333333,50.953568010936436,55.85993871041239,76.73872907978115,5.433333333333334,5.566666666666666,5.808333333333334,101.82013333333333,102.62798333333332,102.72991666666667,11932.633333333331,11825.816666666666,11644.858333333332,183060.0,182735.0,181784.58333333334,77.72803333333333,78.38375,78.62049166666667,1.9866666666666661,2.063333333333333,2.2775,191.16666666666666,193.9,200.375,94.76666666666667,94.13333333333333,88.75,1201.5466666666669,1205.2233333333334,1238.6616666666666,9.090909090909083,33.33333333333333,13.861808267389385,-46.650959901094026,0.0,-12.903225806451612,-0.5455808831756226,-0.6444572558062966,0.2860618262656711,6.002110359381785,0.08543427274756432,2.203279635917066,-0.5550241449002624,-1.429581817370873,-4.90196078431373,-28.413284132841333,-0.3133159268929431,-8.353336533845413,3.1182795698924792,14.030915576694426,1.722338647412669,-7.66452308521699,7.089184771338233,0.01707674532997583,-0.07974175305477171,0.49999999999999994,-0.8660254037844387,0,1,0,0,0.10424788961589382,0.25346436802173855,-0.18826601524659647,0.19030059035471947,0.2090358119062922,-0.08444186136003322,-0.008360104427519258,0.3297745341246827
2015-06-01,237.001,235.976,236.252,237.231,0.12,0.11,0.12,0.1,59.265,47.82363636363636,59.29045454545455,105.7942857142857,5.6,5.4,5.6,6.1,100.8883,101.8914,103.7044,102.735,11982.6,11920.5,11717.6,11398.1,184752.0,183767.0,182056.0,180122.0,77.0092,77.7804,79.2419,78.8952,2.2,2.04,2.21,2.6,193.4,191.5,197.0,208.3,90.7,93.0,93.6,82.5,1198.63,1178.63,1200.62,1279.1,236.3996666666667,235.92333333333337,236.63491666666667,0.11666666666666696,0.11499999999999999,0.10333333333333333,53.8471645021645,53.10585976304397,73.16271717501924,5.466666666666666,5.533333333333334,5.75,101.37173333333334,102.15726666666667,102.60530833333333,11952.566666666668,11883.883333333333,11698.175000000001,184147.66666666666,183066.83333333334,182187.58333333334,77.37943333333334,78.00258333333333,78.47959999999999,2.059999999999999,2.0416666666666665,2.2475,191.9333333333333,192.65,199.15833333333333,93.2,94.45,89.48333333333333,1192.0633333333335,1209.1066666666668,1231.1525,0.0,33.33333333333333,8.837264212818429,-41.99779095128907,3.703703703703698,-11.111111111111116,-0.44130635364704185,-1.460487812501221,0.23421946363741952,5.640582572204411,0.45018594636914155,2.6879210298139222,-0.43892140397961965,-2.148287354875922,13.402061855670123,-14.0625,1.3095861707700385,-7.0192307692307665,-5.42231491136601,10.744810744810751,-0.02502231156114032,-6.992100811645474,7.088934516911594,-0.00025025442663917374,-0.07248575893263354,1.2246467991473532e-16,-1.0,0,1,0,0,0.3297745341246827,0.26939517808124425,-0.30846094445592387,0.1321132206079767,0.23447253394060694,0.0018982302018466513,0.0032627242199776787,0.27679208104607333
2015-07-01,237.657,236.222,234.747,237.498,0.13,0.12,0.11,0.09,59.819545454545455,54.45285714285714,47.219,103.58863636363638,5.3,5.4,5.7,6.2,100.571,101.3355,102.8905,102.9632,12023.2,11954.6,11805.2,11453.0,184279.0,183924.0,182413.0,180245.0,76.7774,77.3487,78.5803,78.9933,2.36,1.94,1.88,2.54,194.8,190.9,192.0,208.0,96.1,95.9,98.1,81.8,1181.5,1198.93,1250.75,1310.59,236.96000000000004,236.1575,236.67041666666668,0.12333333333333363,0.11666666666666665,0.10583333333333333,57.84580086580087,53.1940415812258,69.33148882004087,5.433333333333333,5.483333333333333,5.683333333333334,100.9316,101.63503333333334,102.424975,11986.800000000001,11934.816666666666,11750.266666666668,184318.33333333334,183437.33333333334,182534.0,77.0451,77.59183333333333,78.30311666666667,2.166666666666666,2.0666666666666664,2.2275,193.03333333333333,192.28333333333333,198.03333333333333,94.23333333333335,94.86666666666666,90.61666666666667,1193.0200000000002,1205.92,1223.0191666666667,8.333333333333348,30.000000000000004,0.9357048081421571,-43.456732988303685,-5.357142857142849,-13.114754098360649,-0.3145062410606636,-2.106390227283794,0.3388246290454422,5.484247374562434,-0.25601887936260725,2.307880214521263,-0.3010029970445194,-2.684320465630363,7.272727272727253,-9.230769230769242,0.7238883143743546,-6.481036965914544,5.953693495038581,16.48484848484848,-1.4291315919007674,-7.6303651004612565,7.074540096626962,-0.014394420284631337,-0.07937188797838512,-0.4999999999999998,-0.8660254037844388,0,0,1,0,0.27679208104607333,0.10424788961589382,-0.6370316441765556,0.11254852864928111,0.23693816826221661,0.09944040111884618,0.015319295923152398,0.15863197801873063
2015-08-01,238.034,237.001,235.342,237.46,0.13,0.12,0.11,0.09,50.90090909090909,59.265,50.58421052631579,96.53619047619048,5.2,5.6,5.5,6.1,101.2228,100.8883,102.2335,102.7688,12067.0,11982.6,11922.8,11477.3,185663.0,184752.0,181489.0,181664.0,77.2924,77.0092,78.055,78.7669,2.32,2.2,1.98,2.42,193.9,193.4,191.1,207.0,93.1,90.7,95.4,82.5,1128.31,1198.63,1227.08,1295.13,237.564,236.70533333333333,236.71508333333335,0.12666666666666695,0.12,0.10916666666666665,56.661818181818184,53.80769309637731,64.94084488064694,5.366666666666667,5.3999999999999995,5.6000000000000005,100.89403333333333,101.35708333333334,102.27994166666667,12024.266666666668,11978.449999999999,11801.433333333334,184898.0,183979.0,182985.5,77.02633333333334,77.37718333333333,78.161375,2.293333333333333,2.14,2.2091666666666665,194.03333333333333,192.6,196.85833333333335,93.3,94.03333333333335,91.55833333333334,1169.4800000000002,1185.5133333333333,1207.8291666666667,0.0,44.444444444444464,-14.909234591916597,-50.86245858838501,-1.8867924528301772,-16.129032258064512,0.6480993526961187,-1.6903126553953207,0.3642956949896803,5.361040775342696,0.7510351152328898,3.0059086243723776,0.6707703048032476,-2.153220589594318,-1.6949152542372947,-8.661417322834652,-0.462012320328542,-6.7788461538461515,-3.1217481789802326,13.814180929095343,-4.501904358865849,-13.90823980039524,7.0284762169962,-0.046063879630762194,-0.14975647948700033,-0.8660254037844384,-0.5000000000000004,0,0,1,0,0.15863197801873063,0.3297745341246827,0.25346436802173855,-0.01600013473797013,0.2550661977298289,0.23205100481806054,0.019159583370606525,-0.000420108051790713
2015-09-01,238.033,237.657,235.976,237.477,0.14,0.13,0.11,0.09,42.86761904761905,59.819545454545455,47.82363636363636,93.21190476190476,5.1,5.3,5.4,5.9,101.0367,100.571,101.8914,103.0641,12112.0,12023.2,11920.5,11519.1,185625.0,184279.0,183767.0,181150.0,77.1715,76.7774,77.7804,78.9218,2.17,2.36,2.04,2.53,191.9,194.8,191.5,206.4,91.9,96.1,93.0,84.6,1117.93,1181.5,1178.63,1236.55,237.90800000000002,237.15383333333332,236.76283333333336,0.13333333333333364,0.125,0.11333333333333334,51.196024531024534,52.52159451659452,60.46846392826598,5.199999999999999,5.333333333333333,5.516666666666667,100.94350000000001,101.15761666666667,102.13560000000001,12067.400000000001,12009.983333333332,11854.324999999999,185189.0,184668.33333333334,183315.58333333334,77.08043333333332,77.22993333333334,78.028425,2.2833333333333328,2.1716666666666664,2.188333333333333,193.53333333333333,192.73333333333335,195.6,93.7,93.45,92.34166666666665,1142.5800000000002,1167.3216666666667,1193.0625,7.692307692307709,55.55555555555558,-15.78221329788545,-55.59425036749109,-1.9230769230769384,-16.393442622950815,-0.1838518594625027,-1.6854337113987983,0.37291787519682096,5.53004626523661,-0.020467190554929182,2.1803989783336197,-0.1564190010919675,-2.025470089593484,-6.465517241379304,-10.330578512396693,-1.0314595152140282,-7.294685990338157,-1.2889366272824776,11.393939393939402,-0.9199599400873781,-13.682024198343024,7.019234039948046,-0.009242177048154332,-0.1471323152476316,-1.0,-1.8369701987210297e-16,0,0,1,0,-0.000420108051790713,0.27679208104607333,0.26939517808124425,0.007159100480080838,0.14500131700433774,0.18973692547247234,0.020457918927788143,-0.22475875193775918
2015-10-01,237.498,238.034,236.222,237.43,0.14,0.13,0.12,0.09,45.47952380952381,50.90090909090909,54.45285714285714,84.39695652173914,5.0,5.2,5.4,5.7,100.7547,101.2228,101.3355,103.0764,12173.9,12067.0,11954.6,11593.1,185209.0,185663.0,183924.0,181908.0,76.9791,77.2924,77.3487,78.8663,2.17,2.32,1.94,2.3,189.1,193.9,190.9,203.4,87.2,93.1,95.9,86.9,1124.77,1128.31,1198.93,1222.49,237.855,237.4075,236.76458333333332,0.13666666666666696,0.13,0.1175,46.416017316017324,52.13090909090909,56.490765515567574,5.1,5.266666666666667,5.441666666666666,101.00473333333333,100.96816666666666,101.94315,12117.633333333331,12052.216666666667,11908.891666666668,185499.0,184908.66666666666,183653.83333333334,77.14766666666667,77.09638333333334,77.86653333333334,2.2199999999999993,2.1933333333333334,2.158333333333333,191.63333333333333,192.33333333333334,194.1583333333333,90.73333333333333,92.48333333333335,92.55833333333334,1123.67,1158.345,1183.7475,0.0,55.55555555555558,6.092955055430882,-51.208459986206535,-1.9607843137254832,-15.254237288135597,-0.27910650288459626,-2.2407414414912674,0.5110634081902266,5.684471877143182,-0.2241077441077488,2.240684515594804,-0.24931483773154017,-2.461550547503988,0.0,-14.229249011857704,-1.4590932777488352,-8.381782945736438,-5.114254624591952,3.073286052009472,0.6118451065808994,-9.039666814928626,7.025333849292462,0.006099809344416229,-0.09474667356800559,-0.8660254037844386,0.5000000000000001,0,0,0,1,-0.22475875193775918,0.15863197801873063,0.10424788961589382,-0.019791390324119806,-0.022182293990273088,0.10737793713597177,0.0011314312263014752,0.09894820166906904
2015-11-01,237.733,238.033,237.001,236.983,0.12,0.14,0.12,0.09,46.22363636363636,42.86761904761905,59.265,75.78947368421052,5.0,5.1,5.6,5.8,100.2675,101.0367,100.8883,103.7126,12225.2,12112.0,11982.6,11634.2,184532.0,185625.0,184752.0,182761.0,76.6282,77.1715,77.0092,79.2962,2.07,2.17,2.2,2.33,187.5,191.9,193.4,200.9,90.0,91.9,90.7,88.8,1159.25,1117.93,1198.63,1175.33,237.75466666666668,237.6593333333333,236.78983333333335,0.13333333333333364,0.13,0.12000000000000001,44.85692640692641,50.75937229437229,53.30965550239234,5.033333333333332,5.2,5.383333333333333,100.6863,100.79016666666666,101.709075,12170.366666666667,12097.316666666666,11961.566666666666,185122.0,185010.0,183872.5,76.92626666666666,76.9763,77.680025,2.136666666666666,2.215,2.1391666666666667,189.5,191.76666666666665,192.83333333333334,89.7,91.5,92.81666666666666,1133.9833333333333,1151.7316666666666,1178.4775,-14.285714285714302,33.33333333333333,1.6361485164818834,-45.230683346110965,0.0,-12.28070175438597,-0.4835506432950498,-2.72506606749946,0.4213933086356869,5.452381157757635,-0.36553299245717374,1.4424874112188624,-0.45583801317500283,-2.837840750738896,-4.608294930875578,-9.999999999999998,-0.8461131676361644,-7.817109144542778,3.2110091743119185,3.5673187571921616,3.0655156165260378,-5.173048450294071,7.05552852327157,0.03019467397910791,-0.053116518084901365,-0.5000000000000004,0.8660254037844384,0,0,0,1,0.09894820166906904,-0.000420108051790713,0.3297745341246827,-0.18826601524659647,-0.04207688610682695,0.10649465581150097,0.011026397225733878,0.11946174910508756
2015-12-01,238.017,237.498,237.657,236.252,0.12,0.14,0.13,0.12,42.4435,45.47952380952381,59.819545454545455,59.29045454545455,5.1,5.0,5.3,5.6,99.5298,100.7547,100.571,103.7044,12317.0,12173.9,12023.2,11717.6,184988.0,185209.0,184279.0,182056.0,76.0819,76.9791,76.7774,79.2419,2.26,2.17,2.36,2.21,185.7,189.1,194.8,197.0,91.3,87.2,96.1,93.6,1086.44,1124.77,1181.5,1200.62,237.7493333333333,237.82866666666666,236.87599999999998,0.12666666666666695,0.13,0.1225,44.71555339105339,47.95578896103896,50.530824362041464,5.033333333333333,5.116666666666666,5.325,100.18400000000001,100.56375000000001,101.36050833333333,12238.699999999999,12153.050000000001,12018.466666666667,184909.66666666666,185049.33333333334,184058.08333333334,76.56306666666667,76.82175,77.41216666666666,2.166666666666666,2.225,2.1333333333333333,187.4333333333333,190.48333333333335,191.5666666666667,89.5,91.60000000000001,93.02499999999999,1123.486666666667,1133.0333333333333,1171.07,0.0,33.33333333333333,-8.177929433977093,-43.99815972222222,2.0000000000000018,-12.06896551724138,-0.7357319171217069,-4.033068306068888,0.750907960605951,5.868903749290877,0.24711161207813248,1.2185313059131841,-0.7129229187166075,-4.053535982808754,9.178743961352653,-3.0042918454935785,-0.9600000000000053,-7.565953210552523,1.4444444444444482,2.8153153153153143,-6.280784990295441,-7.562982311350841,6.990661574977886,-0.06486694829368389,-0.07864266323292579,-2.4492935982947064e-16,1.0,0,0,0,1,0.11946174910508756,-0.22475875193775918,0.27679208104607333,-0.30846094445592387,-0.002116267054534197,0.07144252497490178,0.036670377588374214,-0.10755534268560574
2016-01-01,237.761,237.733,238.034,234.747,0.24,0.12,0.13,0.11,37.18863636363636,46.22363636363636,50.90090909090909,47.219,5.0,5.0,5.2,5.7,99.0417,100.2675,101.2228,102.8905,12387.9,12225.2,12067.0,11805.2,185964.0,184532.0,185663.0,182413.0,75.7214,76.6282,77.2924,78.5803,2.24,2.07,2.32,1.88,183.5,187.5,193.9,192.0,92.6,90.0,93.1,98.1,1075.74,1159.25,1128.31,1250.75,237.837,237.846,237.00175,0.16000000000000028,0.14833333333333334,0.13249999999999998,41.95192424242424,44.18397077922078,48.68900618022329,5.033333333333332,5.066666666666666,5.2749999999999995,99.613,100.30886666666667,100.97194999999999,12310.033333333333,12213.833333333334,12074.324999999999,185161.33333333334,185330.16666666666,184383.75,76.14383333333335,76.64575,77.11879166666667,2.1899999999999995,2.205,2.1358333333333333,185.5666666666667,188.6,190.4416666666667,91.3,91.01666666666667,92.94166666666666,1107.1433333333334,1115.4066666666665,1160.6633333333334,100.0,100.0,-12.380844266763201,-37.27719470403791,-1.9607843137254832,-10.71428571428571,-0.490405888487655,-4.496144811599123,0.5756271819436609,5.72045470062128,0.5276017903864005,2.1465922573274065,-0.4738314894869866,-4.442725376347612,-0.8849557522123686,1.3574660633484337,-1.184706515885836,-6.852791878172592,1.4238773274917849,-1.0683760683760646,-0.9848680092780171,-10.401292665456175,6.980764075835391,-0.009897499142494937,-0.10982929318110113,0.49999999999999994,0.8660254037844387,1,0,0,0,-0.10755534268560574,0.09894820166906904,0.15863197801873063,-0.6370316441765556,0.03695153602951695,0.007384621019621933,0.05341251106923406,-0.04584435630738959
2016-02-01,237.652,238.017,238.033,235.342,0.34,0.12,0.14,0.11,31.683157894736844,42.4435,42.86761904761905,50.58421052631579,4.8,5.1,5.1,5.5,99.5607,99.5298,101.0367,102.2335,12518.5,12317.0,12112.0,11922.8,184920.0,184988.0,185625.0,181489.0,76.1248,76.0819,77.1715,78.055,2.09,2.26,2.17,1.98,182.6,185.7,191.9,191.1,92.0,91.3,91.9,95.4,1097.91,1086.44,1117.93,1227.08,237.80999999999997,237.78233333333333,237.24383333333333,0.23333333333333361,0.18333333333333335,0.15166666666666667,37.1050980861244,40.9810122465254,47.39435267145135,4.966666666666666,5.0,5.2,99.37740000000001,100.03185,100.69446666666666,12407.800000000001,12289.083333333334,12133.766666666665,185290.66666666666,185206.33333333334,184592.66666666666,75.97603333333335,76.45115,76.91416666666666,2.196666666666666,2.1666666666666665,2.1533333333333333,183.9333333333333,186.71666666666667,189.65833333333333,91.96666666666665,90.83333333333333,92.43333333333334,1086.696666666667,1110.3400000000001,1147.9266666666665,41.66666666666667,209.09090909090912,-14.804195601758774,-32.901675396054884,-4.0000000000000036,-15.789473684210531,0.5240216999506275,-3.236256019749162,1.0542545548478888,6.042252566665529,-0.5613989804478248,1.374353801538275,0.5327423951485111,-3.1248289965805642,-6.6964285714285925,11.170212765957444,-0.49046321525886283,-4.895833333333332,-0.647948164146861,-6.218144750254839,2.0609069105917754,-12.219868079152507,7.001163651496865,0.020399575661474323,-0.13033499887144906,0.8660254037844386,0.5000000000000001,1,0,0,0,-0.04584435630738959,0.11946174910508756,-0.000420108051790713,0.25346436802173855,-0.011312649962635923,-0.026694768034731437,0.10267811839166456,-0.13296753235823022
2016-03-01,237.336,237.761,237.498,235.976,0.38,0.24,0.14,0.11,30.323,37.18863636363636,45.47952380952381,47.82363636363636,4.9,5.0,5.0,5.4,99.0445,99.0417,100.7547,101.8914,12603.9,12387.9,12173.9,11920.5,186705.0,185964.0,185209.0,183767.0,75.7291,75.7214,76.9791,77.7804,1.78,2.24,2.17,2.04,181.3,183.5,189.1,191.5,91.7,92.6,87.2,93.0,1199.5,1075.74,1124.77,1178.63,237.583,237.66616666666667,237.41,0.3200000000000003,0.22333333333333336,0.17416666666666666,33.064931419457736,38.890242405255556,45.70591846092504,4.8999999999999995,4.966666666666666,5.1499999999999995,99.21563333333334,99.69981666666666,100.42871666666666,12503.433333333334,12371.066666666666,12190.525,185863.0,185386.33333333334,185027.33333333334,75.85843333333334,76.21075,76.72034166666667,2.036666666666666,2.1016666666666666,2.1366666666666667,182.46666666666667,184.95000000000002,188.8416666666667,92.10000000000001,90.8,92.125,1124.3833333333334,1123.9350000000002,1145.6283333333333,11.764705882352944,245.45454545454547,-4.292999767434136,-40.05441681406722,2.083333333333348,-10.909090909090901,-0.5184776724149187,-3.1193297695960798,0.6821903582697519,5.712584292280343,0.9652822842310282,2.8740033831251566,-0.5198043213249681,-2.9798219204407173,-14.832535885167452,-10.1010101010101,-0.7119386637458813,-5.128205128205121,-0.3260869565217317,-3.8784067085953944,9.253035312548374,-2.247612217622319,7.0896600822797495,0.08849643078288416,-0.022732559979757205,1.0,6.123233995736766e-17,1,0,0,0,-0.13296753235823022,-0.10755534268560574,-0.22475875193775918,0.26939517808124425,-0.09545574378374184,-0.04878600541913802,0.07047546002666716,0.31347962382444194
2016-04-01,238.08,237.652,237.733,236.222,0.36,0.34,0.12,0.12,37.54636363636364,31.683157894736844,46.22363636363636,54.45285714285714,5.0,4.8,5.0,5.4,98.3096,99.5607,100.2675,101.3355,12661.8,12518.5,12225.2,11954.6,185591.0,184920.0,184532.0,183924.0,75.1587,76.1248,76.6282,77.3487,1.89,2.09,2.07,1.94,182.1,182.6,187.5,190.9,91.0,92.0,90.0,95.9,1245.14,1097.91,1159.25,1198.93,237.68933333333334,237.76316666666665,237.58533333333332,0.3600000000000003,0.26,0.19499999999999998,33.18417384370016,37.568049043062196,44.849479066985644,4.8999999999999995,4.966666666666666,5.116666666666666,98.97160000000001,99.2923,100.13023333333332,12594.733333333332,12452.383333333333,12252.300000000001,185738.66666666666,185450.0,185179.33333333334,75.67086666666667,75.90735,76.50186666666667,1.9199999999999993,2.055,2.1241666666666665,182.0,183.78333333333333,188.05833333333337,91.56666666666666,91.43333333333334,91.95833333333333,1180.8500000000001,1143.9966666666667,1151.1708333333333,-5.263157894736848,227.27272727272725,23.82140169628215,-21.48994411283883,2.0408163265306145,-7.407407407407418,-0.7419897116952456,-3.515311400177057,0.45938161997476357,6.218698880080531,-0.5966631852387438,0.9925612324301891,-0.7532111169946676,-3.370643504019011,6.17977528089888,-7.352941176470596,0.44125758411470706,-4.908616187989557,-0.7633587786259555,-2.1505376344086002,3.8049187161317333,5.642992287656012,7.127003252376,0.037343170096250766,0.054895226367743355,0.8660254037844387,-0.49999999999999983,0,1,0,0,0.31347962382444194,-0.04584435630738959,0.09894820166906904,0.10424788961589382,0.04488924505294071,0.040920390541228834,0.0741491638386003,0.38306451612901693
2016-05-01,238.992,237.336,238.017,237.001,0.37,0.38,0.12,0.12,40.7552380952381,30.323,42.4435,59.265,5.1,4.9,5.1,5.6,98.6421,99.0445,99.5298,100.8883,12743.2,12603.9,12317.0,11982.6,185887.0,186705.0,184988.0,184752.0,75.3969,75.7291,76.0819,77.0092,1.81,1.78,2.26,2.2,183.2,181.3,185.7,193.4,89.0,91.7,91.3,90.7,1242.26,1199.5,1086.44,1198.63,238.136,237.97299999999998,237.8161666666667,0.3700000000000003,0.3016666666666667,0.21583333333333332,36.20820057720058,36.65664933166249,43.70801081301739,5.0,4.983333333333333,5.091666666666667,98.66540000000002,99.02140000000001,99.90578333333333,12669.633333333331,12538.716666666667,12318.016666666668,186061.0,185675.83333333334,185342.91666666666,75.42823333333334,75.70213333333334,76.33921666666667,1.8266666666666662,2.0116666666666667,2.1133333333333333,182.19999999999996,183.0666666666667,187.41666666666666,90.56666666666666,91.26666666666667,91.38333333333333,1228.966666666667,1157.8316666666667,1154.7816666666668,2.77777777777779,208.33333333333334,8.546432059179931,-25.155005203277614,2.0000000000000018,-5.55555555555557,0.33821722395370735,-2.6579036961380753,0.6428785796648295,6.596623893731279,0.15949049253465297,1.0672886627085099,0.31692937743734717,-2.523377897753931,-4.232804232804222,-6.70103092783505,0.6040637012630468,-4.033525405971716,-2.197802197802201,-7.1949947862356645,-0.23129929164592555,3.6140558664809364,7.124687580359468,-0.0023156720165324884,0.03550280902123504,0.49999999999999994,-0.8660254037844387,0,1,0,0,0.38306451612901693,-0.13296753235823022,0.11946174910508756,0.3297745341246827,0.18785886919840955,0.08827310961788681,0.09738388271469389,0.23640958693178504
2016-06-01,239.557,238.08,237.761,237.657,0.37,0.36,0.24,0.13,46.712380952380954,37.54636363636364,37.18863636363636,59.819545454545455,4.8,5.0,5.0,5.3,98.4184,98.3096,99.0417,100.571,12802.0,12661.8,12387.9,12023.2,185964.0,185591.0,185964.0,184279.0,75.2034,75.1587,75.7214,76.7774,1.81,1.89,2.24,2.36,185.3,182.1,183.5,194.8,94.7,91.0,92.6,96.1,1260.95,1245.14,1075.74,1181.5,238.87633333333335,238.22966666666665,238.02916666666667,0.366666666666667,0.3433333333333333,0.23666666666666666,41.671327561327566,37.36812949039265,42.661959225715805,4.966666666666666,4.933333333333334,5.0249999999999995,98.4567,98.83616666666666,99.69995833333333,12735.666666666666,12619.550000000001,12386.299999999997,185814.0,185838.5,185443.91666666666,75.253,75.55571666666667,76.18873333333333,1.836666666666666,1.9366666666666665,2.080833333333333,183.53333333333333,183.0,186.74166666666667,91.56666666666668,91.83333333333333,91.71666666666665,1249.45,1186.9166666666667,1159.9750000000001,0.0,208.33333333333334,14.616876591965976,-21.18049278261882,-5.882352941176472,-14.28571428571428,-0.22677943798843359,-2.448153056399993,0.4614225626216273,6.838248794084745,0.04142301505754009,0.6560145492335634,-0.25664185132280304,-2.344914633576256,0.0,-17.727272727272737,1.1462882096070048,-4.188210961737326,6.404494382022485,4.4101433296582115,1.5045159628419125,5.19926916563076,7.139620684108216,0.014933103748748344,0.050686167196622556,1.2246467991473532e-16,-1.0,0,1,0,0,0.23640958693178504,0.31347962382444194,-0.10755534268560574,0.27679208104607333,0.31098457562841464,0.10776441592233639,0.08960347044861909,0.2775957287827202
2016-07-01,240.222,238.992,237.652,238.034,0.38,0.37,0.34,0.13,48.75727272727273,40.7552380952381,31.683157894736844,50.90090909090909,4.9,5.1,4.8,5.2,98.8833,98.6421,99.5607,101.2228,12852.5,12743.2,12518.5,12067.0,187425.0,185887.0,184920.0,185663.0,75.5298,75.3969,76.1248,77.2924,1.64,1.81,2.09,2.32,187.6,183.2,182.6,193.9,93.5,89.0,92.0,93.1,1276.4,1242.26,1097.91,1128.31,239.59033333333332,238.6398333333333,238.24291666666667,0.3733333333333336,0.3666666666666667,0.2575,45.40829725829726,39.29623555099871,41.740103165109744,4.933333333333333,4.916666666666667,4.991666666666666,98.64793333333334,98.80976666666668,99.55931666666667,12799.233333333332,12696.983333333332,12455.408333333335,186425.33333333334,186082.0,185706.08333333334,75.37669999999999,75.52378333333333,76.08476666666667,1.7533333333333327,1.8366666666666667,2.020833333333333,185.36666666666667,183.6833333333333,186.14166666666668,92.40000000000002,91.98333333333333,91.5,1259.8700000000001,1220.3600000000001,1167.8833333333334,2.7027027027026973,192.3076923076923,4.377622662771907,-18.49273952721443,2.083333333333348,-7.547169811320742,0.4723710200531528,-1.678117946525337,0.39446961412279435,6.897498170204264,0.7856359295347559,1.7071939830365812,0.4340229298143372,-1.6249573442184917,-9.392265193370175,-30.508474576271183,1.2412304371289817,-3.696098562628347,-1.2671594508975703,-2.7055150884495283,1.2252666640231613,8.032162505289886,7.151798894404089,0.012178210295872738,0.07725879777712663,-0.4999999999999998,-0.8660254037844388,0,0,1,0,0.2775957287827202,0.38306451612901693,-0.04584435630738959,0.15863197801873063,0.29902327728117406,0.1719562611670574,0.08967044109333966,-0.05037007434789409
2016-08-01,240.101,239.557,237.336,238.033,0.39,0.37,0.38,0.14,44.6515,46.712380952380954,30.323,42.86761904761905,4.8,4.8,4.9,5.1,98.9992,98.4184,99.0445,101.0367,12911.9,12802.0,12603.9,12112.0,187333.0,185964.0,186705.0,185625.0,75.5839,75.2034,75.7291,77.1715,1.5,1.81,1.78,2.17,187.7,185.3,181.3,191.9,90.0,94.7,91.7,91.9,1336.66,1260.95,1199.5,1117.93,239.96,239.048,238.41516666666666,0.38000000000000034,0.375,0.2791666666666667,46.70705122655122,41.4576259018759,41.219319074200655,4.833333333333333,4.916666666666667,4.958333333333333,98.76696666666668,98.71618333333333,99.37401666666666,12855.466666666667,12762.550000000001,12525.816666666668,186907.33333333334,186484.16666666666,185845.25,75.43903333333333,75.43363333333333,75.94239166666667,1.6499999999999995,1.7383333333333333,1.9525,186.86666666666667,184.53333333333333,185.625,92.73333333333335,91.64999999999999,91.24166666666667,1291.3366666666668,1260.1516666666666,1185.2458333333334,2.6315789473684292,200.0,-8.42084164600153,-12.277598185422656,-2.0408163265306256,-7.692307692307699,0.11720887146766668,-2.196738284260069,0.4621668936004575,7.001740283417579,-0.04908630118714008,0.8994791638613941,0.0716273576786941,-2.2104372486816293,-8.536585365853655,-35.3448275862069,0.05330490405117683,-3.1975244971634953,-3.7433155080213942,-3.329752953813103,4.7210905672202985,18.465669895684698,7.197929244088895,0.04613034968480623,0.16945302709269505,-0.8660254037844384,-0.5000000000000004,0,0,1,0,-0.05037007434789409,0.23640958693178504,-0.13296753235823022,-0.000420108051790713,0.15454508045553705,0.1712019748269733,0.07225360339612093,0.18492217858316895
2016-09-01,240.545,240.222,238.08,237.498,0.4,0.38,0.36,0.14,44.72434782608696,48.75727272727273,37.54636363636364,45.47952380952381,4.9,4.9,5.0,5.0,98.85,98.8833,98.3096,100.7547,12989.7,12852.5,12661.8,12173.9,187053.0,187425.0,185591.0,185209.0,75.432,75.5298,75.1587,76.9791,1.56,1.64,1.89,2.17,186.6,187.6,182.1,189.1,89.8,93.5,91.0,87.2,1340.17,1276.4,1245.14,1124.77,240.2893333333333,239.5828333333333,238.62449999999998,0.3900000000000003,0.37833333333333335,0.30083333333333334,46.04437351778656,43.85785053955706,41.37404647240631,4.866666666666666,4.916666666666667,4.941666666666666,98.91083333333331,98.68376666666667,99.19179166666667,12918.033333333333,12826.85,12598.958333333334,187270.33333333334,186542.16666666666,185964.25,75.51523333333334,75.38411666666667,75.79743333333333,1.5666666666666662,1.7016666666666669,1.9016666666666666,187.29999999999998,185.41666666666666,185.1833333333333,91.10000000000001,91.33333333333333,91.06666666666666,1317.7433333333336,1283.5966666666666,1203.7658333333331,2.564102564102577,185.71428571428572,0.16314754507007478,4.331308385486454,2.083333333333348,-3.9215686274509665,-0.15070828855183738,-2.164263084601936,0.6025449391646509,7.246532364597091,-0.14946645812536907,0.7692929292929307,-0.2009687248210268,-2.254070479386816,4.0000000000000036,-28.110599078341014,-0.586041555673944,-2.7618551328817187,-0.22222222222222365,-2.2850924918389692,0.2625948259093569,19.87959890154125,7.20055175056983,0.002622506480935094,0.18131771062178448,-1.0,-1.8369701987210297e-16,0,0,1,0,0.18492217858316895,0.2775957287827202,0.31347962382444194,-0.22475875193775918,0.13738261100599836,0.2241835933172065,0.08769879394903424,0.26232097944252075
2016-10-01,241.176,240.101,238.992,237.733,0.4,0.39,0.37,0.12,45.18238095238095,44.6515,40.7552380952381,46.22363636363636,5.0,4.8,5.1,5.0,98.7457,98.9992,98.6421,100.2675,13054.9,12911.9,12743.2,12225.2,187853.0,187333.0,185887.0,184532.0,75.3145,75.5839,75.3969,76.6282,1.63,1.5,1.81,2.07,186.9,187.7,183.2,187.5,91.2,90.0,89.0,90.0,1326.61,1336.66,1242.26,1159.25,240.60733333333334,240.09883333333335,238.931,0.396666666666667,0.385,0.3225,44.852742926155976,45.13052009222662,41.34928456764441,4.8999999999999995,4.916666666666667,4.941666666666666,98.86496666666666,98.75644999999999,99.024375,12985.5,12892.366666666667,12672.375,187413.0,186919.16666666666,186184.58333333334,75.44346666666667,75.41008333333333,75.65871666666666,1.5633333333333328,1.6583333333333332,1.8566666666666665,187.06666666666663,186.21666666666667,185.0,90.33333333333333,91.36666666666666,91.39999999999999,1334.4800000000002,1297.175,1220.5858333333333,0.0,185.71428571428572,1.0241247744407156,-0.6533552514475405,2.0408163265306145,0.0,-0.10551340414769461,-1.9939516469206886,0.5019361494106755,7.236793467992997,0.4276862707361051,1.4275764136731928,-0.15576943472267457,-2.162405120350863,4.487179487179471,-24.884792626728114,0.1607717041800738,-1.1634056054997344,1.5590200445434466,4.587155963302747,-1.01181193430685,17.94500208931602,7.190382095130284,-0.01016965543954651,0.16504824583782174,-0.8660254037844386,0.5000000000000001,0,0,0,1,0.26232097944252075,-0.05037007434789409,0.38306451612901693,0.09894820166906904,0.13229102789259853,0.2156571525868863,0.12828877156405757,0.23426874979268764
2016-11-01,241.741,240.545,239.557,238.017,0.4,0.4,0.37,0.12,49.775238095238095,44.72434782608696,46.712380952380954,42.4435,4.9,4.9,4.8,5.1,98.7611,98.85,98.4184,99.5298,13122.8,12989.7,12802.0,12317.0,187741.0,187053.0,185964.0,184988.0,75.2918,75.432,75.2034,76.0819,1.76,1.56,1.81,2.26,186.7,186.6,185.3,185.7,87.2,89.8,94.7,91.3,1266.55,1340.17,1260.95,1086.44,241.154,240.55700000000002,239.265,0.4,0.38999999999999996,0.3458333333333334,46.560655624568675,46.63385342555995,41.64525137861122,4.933333333333334,4.883333333333334,4.933333333333333,98.7856,98.77628333333332,98.89884166666667,13055.799999999997,12955.633333333333,12747.175000000001,187549.0,187228.16666666666,186452.0,75.34609999999999,75.39256666666667,75.54735000000001,1.6499999999999995,1.6500000000000001,1.8308333333333335,186.73333333333335,186.79999999999998,184.9333333333333,89.39999999999999,91.06666666666666,91.16666666666667,1311.1100000000001,1301.2233333333334,1229.5275000000001,0.0,233.33333333333334,10.165150764625896,7.683518673567069,-1.9999999999999907,-1.9999999999999907,0.015595615809083085,-1.5023811304759715,0.5201112226060678,7.342211170369395,-0.05962108670076738,1.7389937788567789,-0.03014027843244449,-1.7440054705708974,7.975460122699385,-14.975845410628008,-0.10700909577314732,-0.4266666666666752,-4.385964912280704,-3.111111111111109,-4.527329056768748,9.255984472719426,7.144051947541259,-0.04633014758902476,0.08852342426968907,-0.5000000000000004,0.8660254037844384,0,0,0,1,0.23426874979268764,0.18492217858316895,0.23640958693178504,0.11946174910508756,0.2271706359394591,0.1908578581974981,0.13956548390769244,0.11789477167711837
2016-12-01,242.026,241.176,240.222,237.761,0.41,0.4,0.38,0.24,45.66095238095238,45.18238095238095,48.75727272727273,37.18863636363636,4.7,5.0,4.9,5.0,98.3491,98.7457,98.8833,99.0417,13208.7,13054.9,12852.5,12387.9,187539.0,187853.0,187425.0,185964.0,74.9498,75.3145,75.5298,75.7214,2.14,1.63,1.64,2.24,186.3,186.9,187.6,183.5,93.8,91.2,93.5,92.6,1238.35,1326.61,1276.4,1075.74,241.64766666666665,240.96850000000003,239.59908333333337,0.4033333333333336,0.39666666666666667,0.37000000000000005,46.87285714285715,46.458615330321855,41.91337241035725,4.866666666666666,4.866666666666666,4.9,98.61863333333334,98.76473333333333,98.80045000000001,13128.800000000001,13023.416666666666,12821.483333333332,187711.0,187490.66666666666,186664.58333333334,75.18536666666667,75.3503,75.45300833333333,1.8433333333333326,1.705,1.8208333333333335,186.63333333333333,186.96666666666667,184.98333333333332,90.73333333333333,90.91666666666667,91.375,1277.1699999999998,1297.4566666666667,1242.1866666666667,2.499999999999991,241.66666666666666,-8.26572784325731,7.580553867971251,-4.081632653061229,-7.843137254901955,-0.417168298044468,-1.1862778785850958,0.6545859115432817,7.239587561906324,-0.10759503784468771,1.379008368110357,-0.45423273185127844,-1.488001745487444,21.590909090909104,-5.309734513274322,-0.2142474558114449,0.3231017770597866,7.568807339449535,2.7382256297918905,-2.22652086376377,13.982364419572168,7.121535127343381,-0.02251682019787804,0.13087355236549492,-2.4492935982947064e-16,1.0,0,0,0,1,0.11789477167711837,0.26232097944252075,0.2775957287827202,-0.10755534268560574,0.20482816697077558,0.17110538898838698,0.1394349024553617,0.2524522158776188
2017-01-01,242.637,241.741,240.101,237.652,0.54,0.4,0.39,0.34,51.9704761904762,49.775238095238095,44.6515,31.683157894736844,4.7,4.9,4.8,4.8,99.0214,98.7611,98.9992,99.5607,13234.9,13122.8,12911.9,12518.5,189297.0,187741.0,187333.0,184920.0,75.4424,75.2918,75.5839,76.1248,2.49,1.76,1.5,2.09,188.2,186.7,187.7,182.6,98.2,87.2,90.0,92.0,1157.36,1266.55,1336.66,1097.91,242.13466666666667,241.371,240.00541666666663,0.45000000000000034,0.42333333333333334,0.395,49.135555555555555,46.99414924085576,43.14519239592724,4.766666666666667,4.833333333333333,4.875,98.71053333333333,98.78775,98.79875833333334,13188.800000000001,13087.150000000001,12892.066666666668,188192.33333333334,187802.66666666666,186942.33333333334,75.22800000000001,75.33573333333332,75.42975833333334,2.1299999999999994,1.8466666666666667,1.8416666666666668,187.0666666666667,187.0666666666667,185.375,93.06666666666666,91.7,91.84166666666665,1220.7533333333333,1277.6166666666666,1248.9883333333335,31.70731707317074,125.00000000000004,13.818204572000692,39.748270633805106,0.0,-5.999999999999995,0.6835853098808187,-0.02049641716570516,0.19835411509079304,6.837317059388592,0.9374050197558992,1.7922823772343,0.6572399125815087,-0.3684559450828906,16.355140186915882,11.16071428571428,1.0198604401502775,2.5613079019073615,4.6908315565032055,6.047516198704117,-6.540154237493445,7.587335229702341,7.053896828321335,-0.06763829902204588,0.07313275248594397,0.49999999999999994,0.8660254037844387,1,0,0,0,0.2524522158776188,0.23426874979268764,-0.05037007434789409,-0.04584435630738959,0.20153857911580828,0.1669148035042034,0.16943553233563038,0.4043076694815628
2017-02-01,243.618,242.026,240.545,237.336,0.65,0.41,0.4,0.38,52.504,45.66095238095238,44.72434782608696,30.323,4.7,4.7,4.9,4.9,98.7611,98.3491,98.85,99.0445,13315.7,13208.7,12989.7,12603.9,190631.0,187539.0,187053.0,186705.0,75.2339,74.9498,75.432,75.7291,2.43,2.14,1.56,1.78,190.7,186.3,186.6,181.3,98.5,93.8,89.8,91.7,1192.1,1238.35,1340.17,1199.5,242.7603333333333,241.95716666666667,240.50258333333332,0.5333333333333337,0.4666666666666666,0.42083333333333334,50.04514285714286,48.302899240855766,44.880262571365826,4.7,4.816666666666666,4.866666666666666,98.71053333333333,98.74806666666666,98.732125,13253.1,13154.449999999999,12958.5,189155.66666666666,188352.33333333334,187418.25,75.20870000000001,75.2774,75.35551666666667,2.353333333333333,2.0016666666666665,1.87,188.39999999999998,187.56666666666663,186.04999999999998,96.83333333333333,93.11666666666667,92.38333333333333,1195.9366666666665,1253.5233333333333,1256.8375,20.370370370370374,91.17647058823528,1.026590188568588,65.71580451177779,0.0,-2.083333333333326,-0.2628724699913376,-0.8031281419274894,0.6105070684327085,6.368175100850748,0.7047127001484466,3.0883625351503463,-0.27636978675121826,-1.1703150615830715,-2.409638554216864,16.267942583732076,1.3283740701381497,4.435925520262862,0.3054989816700493,7.065217391304346,3.001658947950503,8.57902742483445,7.083471736723956,0.029574908402620892,0.08230808522709054,0.8660254037844386,0.5000000000000001,1,0,0,0,0.4043076694815628,0.11789477167711837,0.18492217858316895,-0.13296753235823022,0.2582182190121,0.24269442747577955,0.20694820115137644,0.15926573570097524
2017-03-01,244.006,242.637,241.176,238.08,0.66,0.54,0.4,0.36,53.46842105263158,51.9704761904762,45.18238095238095,37.54636363636364,4.6,4.7,5.0,5.0,98.3646,99.0214,98.7457,98.3096,13394.8,13234.9,13054.9,12661.8,190276.0,189297.0,187853.0,185591.0,74.9346,75.4424,75.3145,75.1587,2.42,2.49,1.63,1.89,191.6,188.2,186.9,182.1,96.3,98.2,91.2,91.0,1234.2,1157.36,1326.61,1245.14,243.42033333333333,242.53400000000002,241.05841666666666,0.616666666666667,0.51,0.44416666666666665,52.64763241436926,49.760244778613206,46.80904765908513,4.666666666666666,4.766666666666667,4.841666666666667,98.71569999999998,98.66716666666666,98.67546666666668,13315.133333333333,13221.966666666667,13024.408333333333,190068.0,188889.5,187715.83333333334,75.20363333333334,75.1945,75.28930833333334,2.446666666666666,2.145,1.9233333333333336,190.16666666666666,188.4,186.9083333333333,97.66666666666667,94.2,92.76666666666667,1194.5533333333335,1235.8616666666667,1259.7291666666667,1.538461538461533,73.6842105263158,1.8368525305340055,76.32958827501098,-2.1276595744680993,-6.122448979591855,-0.4014738596471723,-0.6864591168616152,0.5940356120969881,6.275041852125129,-0.18622364673112068,1.9126429393963695,-0.3978259800435757,-1.049134348618963,-0.4115226337448652,35.95505617977528,0.47194546407971494,5.681191395477092,-2.233502538071064,5.016357688113415,3.5315829208959038,2.8928720300125166,7.118178265886966,0.0347065291630102,0.028518183607216585,1.0,6.123233995736766e-17,1,0,0,0,0.15926573570097524,0.2524522158776188,0.26232097944252075,0.31347962382444194,0.2720085403533856,0.2384183536620806,0.23130097348964354,-0.04672016261895173
2017-04-01,243.892,243.618,241.741,238.992,0.79,0.65,0.4,0.37,49.32782608695652,52.504,49.775238095238095,40.7552380952381,4.4,4.7,4.9,5.1,99.0137,98.7611,98.7611,98.6421,13463.6,13315.7,13122.8,12743.2,190114.0,190631.0,187741.0,185887.0,75.4439,75.2339,75.2918,75.3969,2.48,2.43,1.76,1.81,191.5,190.7,186.7,183.2,96.9,98.5,87.2,89.0,1231.42,1192.1,1266.55,1242.26,243.83866666666665,242.98666666666665,241.54274999999998,0.7000000000000003,0.5750000000000001,0.48,51.76674904652936,50.45115230104246,47.79083619663453,4.566666666666666,4.666666666666667,4.791666666666667,98.71313333333335,98.71183333333335,98.73414166666667,13391.366666666667,13290.083333333334,13091.225,190340.33333333334,189266.33333333334,188092.75,75.20413333333333,75.21606666666666,75.313075,2.443333333333333,2.2866666666666666,1.9725000000000001,191.26666666666665,189.16666666666666,187.69166666666663,97.23333333333335,95.14999999999999,93.25833333333333,1219.24,1219.9966666666667,1258.5858333333333,19.696969696969703,119.44444444444446,-7.7440008217173,31.37843804182023,-4.347826086956507,-11.99999999999999,0.6598918716692825,0.7162067590550603,0.513632155761945,6.332432987410952,-0.08513948159515339,2.437079384237384,0.6796593296020781,0.37946372143211615,2.4793388429751984,31.216931216931233,-0.052192066805845094,5.161998901702369,0.6230529595015577,6.483516483516483,-0.2252471236428466,-1.1018841254798684,7.115923254021356,-0.002255011865609724,-0.011079998354643905,0.8660254037844387,-0.49999999999999983,0,1,0,0,-0.04672016261895173,0.4043076694815628,0.23426874979268764,0.38306451612901693,0.1722844141878621,0.18691149665183518,0.20128432461936074,0.12341528217407749
2017-05-01,244.193,244.006,242.026,239.557,0.9,0.66,0.41,0.37,51.060526315789474,53.46842105263158,45.66095238095238,46.712380952380954,4.4,4.6,4.7,4.8,100.0224,98.3646,98.3491,98.4184,13521.7,13394.8,13208.7,12802.0,190536.0,190276.0,187539.0,185964.0,76.2392,74.9346,74.9498,75.2034,2.3,2.42,2.14,1.81,193.0,191.6,186.3,185.3,97.0,96.3,93.8,94.7,1266.88,1234.2,1238.35,1260.95,244.03033333333335,243.3953333333333,241.97616666666667,0.7833333333333337,0.6583333333333333,0.5241666666666667,51.285591151792524,50.66536700446769,48.649610215013816,4.466666666666667,4.583333333333333,4.733333333333333,99.13356666666668,98.92205,98.84916666666668,13460.033333333335,13356.566666666666,13156.099999999999,190308.66666666666,189732.16666666666,188480.16666666666,75.53923333333333,75.37396666666667,75.38326666666667,2.399999999999999,2.376666666666667,2.013333333333333,192.03333333333333,190.21666666666667,188.50833333333333,96.73333333333335,96.78333333333335,93.925,1244.1666666666667,1220.0516666666665,1260.6375,13.924050632911399,143.24324324324326,3.512622319456171,25.285800555181794,0.0,-13.725490196078416,1.01874791064267,1.3993011097695573,0.4315339136635066,6.1091405612405,0.22197207990994894,2.5009817792529976,1.0541607737669878,1.117154684078514,-7.258064516129037,27.071823204419875,0.7832898172323688,5.349344978165949,0.10319917440659854,8.98876404494382,2.8796024102256013,1.9818717498752303,7.144312463917766,0.028389209896409362,0.019624883558297945,0.49999999999999994,-0.8660254037844387,0,1,0,0,0.12341528217407749,0.15926573570097524,0.11789477167711837,0.23640958693178504,0.07865361841870033,0.16843591871540017,0.17964688845644913,-0.07739779600562935
2017-06-01,244.004,243.892,242.637,240.222,0.91,0.79,0.54,0.38,48.47636363636364,49.32782608695652,51.9704761904762,48.75727272727273,4.4,4.4,4.7,4.9,100.1408,99.0137,99.0214,98.8833,13568.9,13463.6,13234.9,12852.5,189650.0,190114.0,189297.0,187425.0,76.368,75.4439,75.4424,75.5298,2.3,2.48,2.49,1.64,192.8,191.5,188.2,187.6,97.1,96.9,98.2,93.5,1246.04,1231.42,1157.36,1276.4,244.02966666666669,243.72500000000002,242.34675000000001,0.866666666666667,0.7416666666666667,0.5691666666666667,49.62157201303654,51.1346022137029,48.79660877201238,4.4,4.533333333333334,4.7,99.72563333333335,99.22066666666667,98.9927,13518.066666666666,13416.6,13220.008333333333,190100.0,190084.0,188787.33333333334,76.01703333333333,75.61033333333333,75.48031666666667,2.3599999999999994,2.4033333333333333,2.0541666666666667,192.4333333333333,191.29999999999998,189.13333333333333,97.0,97.33333333333333,94.125,1248.1133333333335,1221.3333333333333,1259.395,1.1111111111111072,145.94594594594597,-5.060979323722203,3.7762636971575114,0.0,-8.333333333333325,0.11837348433949568,1.7500792534729248,0.34906853428191553,5.990470239025147,-0.46500398874753657,1.9821040631520015,0.16894196161554298,1.548600196267702,0.0,27.071823204419875,-0.10362694300517505,4.04749055585536,0.10309278350515427,2.5343189017951406,-1.6449861076029415,-1.182441809746626,7.127725801560849,-0.01658666235691708,-0.01189488254736748,1.2246467991473532e-16,-1.0,0,1,0,0,-0.07739779600562935,-0.04672016261895173,0.2524522158776188,0.2775957287827202,-0.00023422548350119735,0.1358871574349422,0.1534962732116646,0.0651628661825221
2017-07-01,244.163,244.193,243.618,240.101,1.04,0.9,0.65,0.39,45.177727272727275,51.060526315789474,52.504,44.6515,4.3,4.4,4.7,4.8,100.3471,100.0224,98.7611,98.9992,13580.5,13521.7,13315.7,12911.9,190500.0,190536.0,190631.0,187333.0,76.5758,76.2392,75.2339,75.5839,2.19,2.3,2.43,1.5,193.6,193.0,190.7,187.7,95.0,97.0,98.5,90.0,1260.26,1266.88,1192.1,1336.66,244.12,243.97933333333333,242.67516666666666,0.9500000000000003,0.8250000000000001,0.6241666666666666,48.23820574162679,50.00247739407808,48.498313317466916,4.366666666666667,4.466666666666667,4.65,100.17009999999999,99.44161666666666,99.11468333333333,13557.033333333333,13474.199999999999,13280.674999999997,190228.66666666666,190284.5,189043.58333333334,76.39433333333334,75.79923333333333,75.56748333333333,2.2633333333333323,2.353333333333333,2.1,193.13333333333333,192.20000000000002,189.63333333333333,96.36666666666667,96.8,94.25,1257.7266666666667,1238.4833333333333,1258.05,14.28571428571428,173.6842105263158,-6.804628309954241,-7.341562097962074,-2.272727272727282,-12.244897959183687,0.20600993800727885,1.4803308546539107,0.08548961227512475,5.664267652207733,0.44819404165568066,1.6406562625050025,0.2721034988476978,1.3848838471702596,-4.7826086956521685,33.53658536585367,0.4149377593360981,3.1982942430703654,-2.162718846549938,1.6042780748663166,1.1412153702930805,-1.2644938890630009,7.1390733278648035,0.011347526303954858,-0.01272556653928536,-0.4999999999999998,-0.8660254037844388,0,0,1,0,0.0651628661825221,0.12341528217407749,0.4043076694815628,-0.05037007434789409,0.037060117450323414,0.10467226581909277,0.1357935346616481,0.03276499715354486
2017-08-01,244.243,244.004,244.006,240.545,1.15,0.91,0.66,0.4,46.630526315789474,48.47636363636364,53.46842105263158,44.72434782608696,4.3,4.4,4.6,4.9,100.1068,100.1408,98.3646,98.85,13643.1,13568.9,13394.8,12989.7,190421.0,189650.0,190276.0,187053.0,76.4534,76.368,74.9346,75.432,2.32,2.3,2.42,1.56,193.5,192.8,191.6,186.6,93.4,97.1,96.3,89.8,1236.84,1246.04,1234.2,1340.17,244.13666666666666,244.0835,243.02033333333335,1.0333333333333337,0.9083333333333332,0.6875,46.761539074960126,49.02356511337632,48.66323217711604,4.333333333333333,4.4,4.608333333333333,100.19823333333333,99.66590000000001,99.20698333333333,13597.5,13528.766666666668,13341.608333333332,190190.33333333334,190249.5,189300.91666666666,76.46573333333333,76.00248333333333,75.63994166666667,2.2699999999999996,2.335,2.1683333333333334,193.29999999999998,192.66666666666666,190.11666666666667,95.16666666666667,95.95,94.53333333333332,1247.7133333333334,1245.94,1249.7316666666666,10.576923076923062,194.87179487179483,3.2157417620678252,4.432160881021852,0.0,-10.416666666666663,-0.23946880378206137,1.1187969195710634,0.46095504583778535,5.662993052920173,-0.04146981627296542,1.6484015096112303,-0.15984162098208188,1.1503772628826958,5.936073059360725,54.666666666666664,-0.05165289256198191,3.090037293553549,-1.684210526315788,3.777777777777791,-1.8583466903654866,-7.467867670162953,7.120315018836702,-0.018758309028101827,-0.07761422525219341,-0.8660254037844384,-0.5000000000000004,0,0,1,0,0.03276499715354486,-0.07739779600562935,0.15926573570097524,0.18492217858316895,0.006843355776812536,0.04274848709775644,0.142721457286768,0.38486261632881824
2017-09-01,245.183,244.163,243.892,241.176,1.16,1.04,0.79,0.4,48.03695652173913,45.177727272727275,49.32782608695652,45.18238095238095,4.4,4.3,4.4,5.0,99.6925,100.3471,99.0137,98.7457,13697.7,13580.5,13463.6,13054.9,190070.0,190500.0,190114.0,187853.0,76.2067,76.5758,75.4439,75.3145,2.21,2.19,2.48,1.63,193.8,193.6,191.5,186.9,96.8,95.0,96.9,91.2,1283.04,1260.26,1231.42,1326.61,244.52966666666666,244.27966666666666,243.40683333333334,1.116666666666667,0.9916666666666666,0.7508333333333334,46.615070036751966,48.11832102489425,48.93928290175372,4.333333333333333,4.366666666666667,4.566666666666667,100.04879999999999,99.88721666666667,99.27719166666667,13640.433333333334,13579.25,13400.608333333335,190330.33333333334,190215.16666666666,189552.33333333334,76.41196666666667,76.2145,75.7045,2.239999999999999,2.3000000000000003,2.2224999999999997,193.63333333333333,193.03333333333333,190.71666666666667,95.06666666666666,96.03333333333335,95.11666666666667,1260.0466666666669,1254.0800000000002,1244.9708333333335,0.8695652173912993,189.99999999999994,3.0161148009033356,7.406723309937191,2.3255813953488413,-10.204081632653061,-0.41385799965637515,0.8523014668689877,0.4002023000637678,5.450472297281683,-0.18432840915655335,1.6129118485135319,-0.32268022089273485,1.0270177113161472,-4.741379310344818,41.66666666666665,0.15503875968991832,3.8585209003215493,3.6402569593147582,7.795100222717144,3.735325506937026,-4.262892021161502,7.156987541058719,0.036672522222017,-0.04356420951111151,-1.0,-1.8369701987210297e-16,0,0,1,0,0.38486261632881824,0.0651628661825221,-0.04672016261895173,0.26232097944252075,0.16093015988829507,0.08034796720239694,0.15938316043223877,0.5106389920997767
2017-10-01,246.435,244.243,244.193,241.741,1.15,1.15,0.9,0.4,49.822,46.630526315789474,51.060526315789474,49.775238095238095,4.3,4.3,4.4,4.9,99.7954,100.1068,100.0224,98.7611,13745.1,13643.1,13521.7,13122.8,193042.0,190421.0,190536.0,187741.0,76.3591,76.4534,76.2392,75.2918,2.2,2.32,2.3,1.76,194.8,193.5,193.0,186.7,95.1,93.4,97.0,87.2,1314.07,1236.84,1266.88,1266.55,245.287,244.7035,243.84508333333335,1.1533333333333335,1.0516666666666667,0.8133333333333334,48.16316094584287,48.20068334373483,49.32591782238865,4.333333333333333,4.3500000000000005,4.508333333333334,99.86489999999999,100.0175,99.36466666666666,13695.300000000001,13626.166666666666,13458.125000000002,191177.66666666666,190703.16666666666,189984.75,76.33973333333333,76.36703333333332,75.79155,2.2433333333333327,2.2533333333333334,2.27,194.03333333333333,193.58333333333334,191.375,95.10000000000001,95.73333333333333,95.44166666666666,1277.9833333333333,1267.8549999999998,1243.9258333333335,-0.8620689655172376,187.49999999999994,3.7159795447345934,10.26864664903091,-2.272727272727282,-14.000000000000002,0.10321739348497783,1.0630336308315114,0.3460434963534098,5.2869037679338815,1.563634450465612,2.762266240091993,0.19998241624423763,1.3869839141201323,-0.4524886877827927,34.96932515337426,0.5159958720330149,4.226859283039053,-1.7561983471074405,4.2763157894736725,2.4184748721785665,-0.945266506358311,7.180884470076162,0.023896929017443114,-0.009497625054121883,-0.8660254037844386,0.5000000000000001,0,0,0,1,0.5106389920997767,0.03276499715354486,0.12341528217407749,0.23426874979268764,0.3094222018607133,0.17324115965551834,0.18007632815367677,0.07750522450138408
2017-11-01,246.626,245.183,244.004,242.026,1.15,1.16,0.91,0.41,51.57772727272727,48.03695652173913,48.47636363636364,45.66095238095238,4.2,4.4,4.4,4.7,101.0247,99.6925,100.1408,98.3491,13800.1,13697.7,13568.9,13208.7,193048.0,190070.0,189650.0,187539.0,77.3753,76.2067,76.368,74.9498,2.36,2.21,2.3,2.14,194.9,193.8,192.8,186.3,100.7,96.8,97.1,93.8,1279.51,1283.04,1246.04,1238.35,246.08133333333333,245.109,244.25216666666668,1.1533333333333335,1.0933333333333333,0.8758333333333335,49.8122279314888,48.286883503224466,49.47612525384608,4.3,4.316666666666666,4.45,100.17086666666667,100.18455,99.5533,13747.633333333333,13672.566666666666,13514.566666666666,192053.33333333334,191121.83333333334,190427.0,76.64703333333334,76.55638333333333,75.965175,2.256666666666666,2.263333333333333,2.32,194.5,193.9,192.0583333333333,97.53333333333335,96.35000000000001,96.56666666666666,1292.2066666666667,1269.96,1245.0058333333334,0.0,187.49999999999994,3.5239999854025816,3.6212567663470807,-2.3255813953488302,-14.28571428571429,1.231820304342679,2.2919955326540453,0.4001425962706806,5.161246075532677,0.0031081319091130766,2.8267666625830357,1.330817152114161,2.767233616409759,7.272727272727253,34.09090909090908,0.051334702258731824,4.3920728441349866,5.888538380651953,15.481651376146788,-2.6299968799226803,1.023252141644626,7.154232471122253,-0.02665199895390913,0.01018052358099375,-0.5000000000000004,0.8660254037844384,0,0,0,1,0.07750522450138408,0.38486261632881824,-0.07739779600562935,0.11789477167711837,0.3243356109766597,0.1655894833767361,0.16701270104606813,0.2668007428251684
2017-12-01,247.284,246.435,244.163,242.637,1.16,1.15,1.04,0.54,56.63857142857143,49.822,45.177727272727275,51.9704761904762,4.2,4.3,4.3,4.7,101.2664,99.7954,100.3471,99.0214,13843.5,13745.1,13580.5,13234.9,194493.0,193042.0,190500.0,189297.0,77.6337,76.3591,76.5758,75.4424,2.35,2.2,2.19,2.49,195.9,194.8,193.6,188.2,98.5,95.1,95.0,98.2,1281.9,1314.07,1260.26,1157.36,246.78166666666667,245.65566666666666,244.6903333333333,1.1533333333333335,1.135,0.9383333333333334,52.67943290043291,49.64725146859243,50.39092684114767,4.233333333333333,4.283333333333334,4.408333333333333,100.6955,100.37214999999999,99.79640833333332,13796.233333333332,13718.333333333334,13567.466666666665,193527.66666666666,191929.0,191006.5,77.1227,76.76733333333333,76.18883333333333,2.303333333333333,2.2716666666666665,2.3375,195.20000000000002,194.41666666666666,192.85833333333335,98.09999999999998,96.58333333333333,96.95833333333333,1291.8266666666666,1275.9366666666665,1248.635,0.8695652173912993,182.92682926829266,9.812072814073325,24.041590188553318,0.0,-10.63829787234043,0.23924842142566405,2.9662701539719283,0.3144904747067079,4.805923368688814,0.7485185031701924,3.70802873002416,0.33395670194493743,3.580930169259977,-0.4237288135593098,9.81308411214954,0.5130836326321164,5.152979066022545,-2.1847070506454846,5.010660980810244,0.18679025564474205,3.516776355634521,7.156098631318089,0.0018661601958367413,0.03456350397470853,-2.4492935982947064e-16,1.0,0,0,0,1,0.2668007428251684,0.5106389920997767,0.0651628661825221,0.2524522158776188,0.2849816531421097,0.2229559065152024,0.1794215319750723,0.21068892447551058
2018-01-01,247.805,246.626,244.243,243.618,1.3,1.15,1.15,0.65,57.8815,51.57772727272727,46.630526315789474,52.504,4.1,4.2,4.3,4.7,101.4644,101.0247,100.1068,98.7611,13881.7,13800.1,13643.1,13315.7,195148.0,193048.0,190421.0,190631.0,77.8538,77.3753,76.4534,75.2339,2.4,2.36,2.32,2.43,196.3,194.9,193.5,190.7,95.9,100.7,93.4,98.5,1264.45,1279.51,1236.84,1192.1,247.23833333333332,246.26266666666666,245.121,1.2033333333333334,1.1783333333333332,1.0016666666666667,55.3659329004329,51.764546923137885,50.88351215860798,4.166666666666667,4.25,4.358333333333333,101.25183333333332,100.55836666666666,99.99999166666667,13841.766666666668,13768.533333333333,13621.366666666667,194229.66666666666,192703.66666666666,191494.08333333334,77.62093333333333,76.98033333333333,76.38978333333333,2.369999999999999,2.3066666666666666,2.33,195.70000000000002,194.86666666666667,193.53333333333333,98.36666666666667,96.73333333333333,96.76666666666667,1275.2866666666669,1276.635,1257.5591666666667,12.068965517241391,140.74074074074073,2.1944913864857307,11.373811138192004,-2.3809523809523947,-12.765957446808518,0.19552388551384858,2.467143465957866,0.2759417777296269,4.887078859681604,0.336773045816563,3.0909100514007193,0.2835108979734269,3.196345821447877,2.127659574468077,-3.614457831325313,0.20418580908627693,4.303931987247611,-2.639593908629434,-2.3421588594704668,-1.3612606287542017,9.252955001036867,7.142392524007561,-0.01370610731052846,0.08849569568622595,0.49999999999999994,0.8660254037844387,1,0,0,0,0.21068892447551058,0.07750522450138408,0.03276499715354486,0.4043076694815628,0.18499829726735437,0.2472102495640338,0.1759412576915633,0.42533443635115464
2018-02-01,248.859,247.284,245.183,244.006,1.41,1.16,1.16,0.66,63.698571428571434,56.63857142857143,48.03695652173913,53.46842105263158,4.0,4.2,4.4,4.6,101.4625,101.2664,99.6925,98.3646,13900.3,13843.5,13697.7,13394.8,193448.0,194493.0,190070.0,190276.0,77.9138,77.6337,76.2067,74.9346,2.58,2.35,2.21,2.42,197.9,195.9,193.8,191.6,95.7,98.5,96.8,96.3,1331.3,1281.9,1283.04,1234.2,247.98266666666666,247.032,245.55774999999997,1.2900000000000003,1.2216666666666667,1.065,59.40621428571429,54.60922110860154,51.81639311098893,4.1000000000000005,4.2,4.3,101.39776666666667,100.78431666666665,100.22510833333335,13875.166666666666,13811.400000000001,13670.083333333334,194363.0,193208.16666666666,191728.83333333334,77.80043333333334,77.22373333333333,76.61310833333333,2.443333333333333,2.35,2.3425,196.70000000000002,195.6,194.13333333333335,96.7,97.11666666666667,96.53333333333332,1292.55,1292.3783333333333,1269.1591666666666,8.461538461538453,116.9230769230769,10.049966618991268,21.321368712043732,-2.4390243902438935,-14.893617021276595,-0.0018725779682204902,2.7352874765469437,0.13398935288904124,4.3903061799229315,-0.8711337036505618,1.477723979835388,0.0770675291379419,3.5620910254552607,7.500000000000018,6.172839506172845,0.8150789607743292,3.775563712637653,-0.2085505735140769,-2.8426395939086246,5.286883625291616,11.67687274557505,7.193911187437871,0.05151866343031042,0.11043945071391548,0.8660254037844386,0.5000000000000001,1,0,0,0,0.42533443635115464,0.2668007428251684,0.38486261632881824,0.15926573570097524,0.30094136788394454,0.3126384894303021,0.17769348826402928,0.26922876006090224
2018-03-01,249.529,247.805,246.435,243.892,1.42,1.3,1.15,0.79,62.22947368421052,57.8815,49.822,49.32782608695652,4.1,4.1,4.3,4.4,101.7085,101.4644,99.7954,99.0137,13949.3,13881.7,13745.1,13463.6,193978.0,195148.0,193042.0,190114.0,78.1508,77.8538,76.3591,75.4439,2.86,2.4,2.2,2.48,199.3,196.3,194.8,191.5,99.7,95.9,95.1,96.9,1330.73,1264.45,1314.07,1231.42,248.731,247.75633333333334,246.018,1.376666666666667,1.265,1.1283333333333332,61.26984837092732,56.97464063568011,52.54648083028718,4.066666666666666,4.1499999999999995,4.258333333333334,101.54513333333334,101.12031666666667,100.50376666666666,13910.433333333334,13853.333333333334,13716.291666666666,194191.33333333334,193859.5,192037.33333333334,77.9728,77.54775,76.881125,2.613333333333333,2.4583333333333335,2.3791666666666664,197.83333333333334,196.51666666666668,194.775,97.10000000000001,97.60000000000001,96.81666666666666,1308.8266666666666,1300.3266666666666,1277.2033333333334,0.7092198581560183,115.15151515151514,-2.306327616794812,16.385471010926267,2.499999999999991,-10.869565217391308,0.24245410866083894,3.3994953469032696,0.35251037747385805,4.139666139098752,0.2739754352590884,1.9455948201559936,0.30418231430120457,4.292009298775201,10.852713178294572,18.181818181818187,0.707427993936327,4.018789144050117,4.179728317659359,3.530633437175501,-0.042815293322306935,7.8212607356992425,7.193482942821011,-0.00042824461686041815,0.07530467693404486,1.0,6.123233995736766e-17,1,0,0,0,0.26922876006090224,0.21068892447551058,0.5106389920997767,-0.04672016261895173,0.3017507069625225,0.29336618005231613,0.1868570736273565,0.0192362410782021
2018-04-01,249.577,248.859,246.626,244.193,1.51,1.41,1.15,0.9,62.724761904761905,63.698571428571434,51.57772727272727,51.060526315789474,4.0,4.0,4.2,4.4,102.2067,101.4625,101.0247,100.0224,14012.7,13900.3,13800.1,13521.7,193972.0,193448.0,193048.0,190536.0,78.5697,77.9138,77.3753,76.2392,2.84,2.58,2.36,2.3,199.3,197.9,194.9,193.0,101.4,95.7,100.7,97.0,1324.66,1331.3,1279.51,1266.88,249.3216666666667,248.28,246.49175000000002,1.446666666666667,1.325,1.1883333333333332,62.884269005847955,59.125100953140425,53.662892148437635,4.033333333333332,4.1000000000000005,4.2250000000000005,101.79256666666667,101.5222,100.76985,13954.1,13897.933333333334,13762.050000000001,193799.33333333334,194014.5,192358.83333333334,78.21143333333333,77.91618333333334,77.14160833333334,2.7599999999999993,2.565,2.4091666666666667,198.83333333333334,197.26666666666665,195.42500000000004,98.93333333333334,98.64999999999999,97.19166666666668,1328.8966666666668,1302.0916666666667,1284.9733333333334,6.338028169014098,91.13924050632912,0.7959061699039482,27.158982830885115,-2.4390243902438935,-9.090909090909093,0.4898312333777355,3.224806264183644,0.45450309334520433,4.078403992988511,-0.003093134272957876,2.029308730551138,0.536014986410871,4.143211048209339,-0.6993006993006978,14.516129032258052,0.0,4.073107049608371,1.7051153460381219,4.643962848297223,-0.45614061454990473,7.571746439070348,7.1889111017183565,-0.004571841102654517,0.07298784769700006,0.8660254037844387,-0.49999999999999983,0,1,0,0,0.0192362410782021,0.42533443635115464,0.07750522450138408,0.12341528217407749,0.23793314583008632,0.21146572154872034,0.19235344060211934,0.2604406656061986
2018-05-01,250.227,249.529,247.284,244.004,1.69,1.42,1.16,0.91,66.25380952380952,62.22947368421052,56.63857142857143,48.47636363636364,4.0,4.1,4.2,4.4,103.3329,101.7085,101.2664,100.1408,14035.9,13949.3,13843.5,13568.9,193486.0,193978.0,194493.0,189650.0,79.4597,78.1508,77.6337,76.368,2.87,2.86,2.35,2.3,200.3,199.3,195.9,192.8,98.8,99.7,98.5,97.1,1334.76,1330.73,1281.9,1246.04,249.77766666666665,248.8801666666667,246.99458333333334,1.5400000000000003,1.415,1.2541666666666667,63.73601503759398,61.57111466165414,54.928999082439304,4.033333333333332,4.066666666666666,4.191666666666667,102.41603333333335,101.90690000000001,101.045725,13999.300000000001,13937.233333333332,13804.900000000001,193812.0,194087.5,192604.66666666666,78.72673333333334,78.26358333333333,77.40998333333333,2.856666666666666,2.65,2.4566666666666666,199.63333333333335,198.16666666666666,196.03333333333333,99.96666666666668,98.33333333333333,97.34166666666668,1330.05,1311.3,1290.6299999999999,11.920529801324498,87.77777777777777,5.626243148448995,29.75543791706241,0.0,-9.090909090909093,1.1018847101021745,3.309758614070435,0.1655640954277171,3.802776278130704,-0.2505516260078777,1.548263845152631,1.1327521932755324,4.224204870985004,1.0563380281690238,24.782608695652186,0.5017561465127995,3.782383419689128,-2.564102564102577,1.855670103092777,0.7624598010055328,5.358044960848685,7.196506779391938,0.007595677673581491,0.05219431547417219,0.49999999999999994,-0.8660254037844387,0,1,0,0,0.2604406656061986,0.26922876006090224,0.2668007428251684,-0.07739779600562935,0.18296855558176764,0.2419549617328561,0.2037722225547961,0.2257949781598212
2018-06-01,250.792,249.577,247.805,244.163,1.7,1.51,1.3,1.04,69.97818181818182,62.724761904761905,57.8815,45.177727272727275,3.8,4.0,4.1,4.3,102.4024,102.2067,101.4644,100.3471,14092.4,14012.7,13881.7,13580.5,196163.0,193972.0,195148.0,190500.0,78.7526,78.5697,77.8538,76.5758,2.98,2.84,2.4,2.19,203.2,199.3,196.3,193.6,98.0,101.4,95.9,95.0,1303.45,1324.66,1264.45,1260.26,250.19866666666667,249.46483333333333,247.56025,1.6333333333333335,1.505,1.32,66.31891774891774,63.79438305992253,56.720817264257484,3.933333333333333,4.0,4.141666666666667,102.64733333333334,102.09623333333333,101.23419166666667,14047.0,13978.716666666667,13848.525000000001,194540.33333333334,194365.83333333334,193147.41666666666,78.92733333333332,78.45006666666667,77.6087,2.896666666666666,2.7550000000000003,2.513333333333333,200.9333333333333,199.38333333333335,196.9,99.39999999999999,98.25,97.41666666666667,1320.9566666666667,1314.8916666666667,1295.4141666666667,0.591715976331364,86.81318681318679,5.6213707877943,44.355262170879904,-5.000000000000004,-13.636363636363647,-0.9004876472062606,2.2584201444366236,0.4025392030436281,3.858087243623287,1.3835626350226837,3.434220933298171,-0.8898850612322984,3.122512046930659,3.832752613240409,29.565217391304355,1.4478282576135593,5.394190871369275,-0.8097165991902799,0.9268795056642798,-2.3457400581377907,4.60739623126063,7.172769874371653,-0.023736905020284915,0.04504407281080436,1.2246467991473532e-16,-1.0,0,1,0,0,0.2257949781598212,0.0192362410782021,0.21068892447551058,0.0651628661825221,0.1684906282814073,0.2351206676219649,0.22903828706858365,0.09011451720948305
2018-07-01,251.018,250.227,248.859,244.243,1.82,1.69,1.41,1.15,67.87333333333333,66.25380952380952,63.698571428571434,46.630526315789474,4.0,4.0,4.0,4.3,103.198,103.3329,101.4625,100.1068,14137.2,14035.9,13900.3,13643.1,195296.0,193486.0,193448.0,190421.0,79.356,79.4597,77.9138,76.4534,2.91,2.87,2.58,2.32,204.2,200.3,197.9,193.5,98.2,98.8,95.7,93.4,1281.57,1334.76,1331.3,1236.84,250.679,250.00033333333332,248.1315,1.736666666666667,1.5916666666666668,1.385,68.03510822510822,65.45968861547809,58.61211776930799,3.933333333333333,3.983333333333333,4.116666666666666,102.97776666666665,102.38516666666668,101.47176666666667,14088.5,14021.300000000001,13894.916666666666,194981.66666666666,194390.5,193547.08333333334,79.18943333333333,78.70043333333332,77.84038333333334,2.9199999999999995,2.84,2.5733333333333333,202.5666666666667,200.70000000000002,197.78333333333333,98.33333333333333,98.63333333333334,97.68333333333334,1306.5933333333335,1317.745,1297.19,7.058823529411762,75.0,-3.007863922954346,50.23627223122147,5.263157894736836,-6.976744186046513,0.7769349155879013,2.8410387544831828,0.3179018478044915,4.099259968336955,-0.4419793742958644,2.5175853018372774,0.7661969255618128,3.6306509367189044,-2.348993288590595,32.87671232876714,0.49212598425196763,5.475206611570238,0.20408163265306367,3.368421052631576,-1.6786221182247152,1.6909209210797638,7.155841167800417,-0.01692870657123624,0.01676783993561326,-0.4999999999999998,-0.8660254037844388,0,0,1,0,0.09011451720948305,0.2604406656061986,0.42533443635115464,0.03276499715354486,0.1921167203251676,0.21502493307762696,0.2311175913208304,0.07808204989283585
2018-08-01,251.214,250.792,249.529,245.183,1.91,1.7,1.42,1.16,70.98142857142857,69.97818181818182,62.22947368421052,48.03695652173913,3.8,3.8,4.1,4.4,103.3646,102.4024,101.7085,99.6925,14174.6,14092.4,13949.3,13697.7,196304.0,196163.0,193978.0,190070.0,79.4588,78.7526,78.1508,76.2067,2.89,2.98,2.86,2.21,204.3,203.2,199.3,193.8,97.9,98.0,99.7,96.8,1237.71,1303.45,1330.73,1283.04,251.008,250.39283333333333,248.71241666666666,1.8100000000000003,1.675,1.4483333333333333,69.61098124098125,66.67349813928762,60.641359623944574,3.866666666666666,3.9499999999999997,4.075,102.98833333333333,102.70218333333334,101.74325,14134.733333333332,14067.016666666668,13939.208333333334,195921.0,194866.5,194037.33333333334,79.18913333333332,78.95793333333333,78.09083333333334,2.926666666666666,2.891666666666667,2.6208333333333336,203.9,201.76666666666665,198.68333333333337,98.03333333333335,99.0,98.05833333333334,1274.2433333333336,1302.1466666666668,1297.2625,4.9450549450549275,66.08695652173913,4.5792582822344,52.22094661924002,-5.000000000000004,-11.627906976744185,0.1614372371557593,3.2543243815604805,0.2645502645502562,3.8957421700346773,0.5161396034736976,3.089470173982911,0.1295428196985693,3.9310220343372393,-0.6872852233676952,24.56896551724139,0.04897159647405669,5.581395348837215,-0.3054989816700604,4.817987152034253,-3.42236475572929,0.07034054526051658,7.121018177015641,-0.03482299078477613,0.0007031581789389563,-0.8660254037844384,-0.5000000000000004,0,0,1,0,0.07808204989283585,0.2257949781598212,0.26922876006090224,0.38486261632881824,0.13133051508738003,0.15714953533457385,0.23489401238243798,0.17873207703393845
2018-09-01,251.663,251.018,249.577,246.435,1.91,1.82,1.51,1.15,68.05565217391305,67.87333333333333,62.724761904761905,49.822,3.8,4.0,4.0,4.3,104.0327,103.198,102.2067,99.7954,14223.2,14137.2,14012.7,13745.1,196074.0,195296.0,193972.0,193042.0,79.9322,79.356,78.5697,76.3591,2.89,2.91,2.84,2.2,203.4,204.2,199.3,194.8,96.2,98.2,101.4,95.1,1201.71,1281.57,1324.66,1314.07,251.29833333333332,250.7485,249.25241666666668,1.8800000000000001,1.7566666666666666,1.5108333333333333,68.97013802622499,67.64452788757137,62.30958426162574,3.866666666666666,3.9,4.0249999999999995,103.53176666666666,103.08954999999999,102.10493333333334,14178.333333333334,14112.666666666666,13983.0,195891.33333333334,195215.83333333334,194537.66666666666,79.58233333333334,79.25483333333334,78.40129166666667,2.896666666666666,2.896666666666667,2.6775,203.96666666666667,202.45000000000002,199.48333333333335,97.43333333333334,98.41666666666667,98.00833333333334,1240.3300000000002,1280.6433333333334,1290.4850000000001,0.0,64.65517241379311,-4.121889987845639,41.67353034348555,0.0,-13.636363636363647,0.6463528132455432,4.353587280888749,0.34286681811126485,3.836410492272435,-0.11716521313880346,3.1588362182353835,0.5957804547765511,4.88867776717794,0.0,30.76923076923077,-0.4405286343612369,4.9535603715170184,-1.7364657814096018,-0.619834710743794,-2.908597328938123,-6.338851477740359,7.0915008214271085,-0.02951735558853219,-0.06548671963161024,-1.0,-1.8369701987210297e-16,0,0,1,0,0.17873207703393845,0.09011451720948305,0.0192362410782021,0.5106389920997767,0.11564288137875245,0.14206675483007988,0.217716467441198,0.2062281702117419
2018-10-01,252.182,251.214,250.227,246.626,1.95,1.91,1.69,1.15,70.2321052631579,70.98142857142857,66.25380952380952,51.57772727272727,3.7,3.8,4.0,4.2,104.1004,103.3646,103.3329,101.0247,14245.5,14174.6,14035.9,13800.1,194902.0,196304.0,193486.0,193048.0,79.9314,79.4588,79.4597,77.3753,3.0,2.89,2.87,2.36,203.6,204.3,200.3,194.9,100.1,97.9,98.8,100.7,1198.39,1237.71,1334.76,1279.51,251.68633333333332,251.18266666666668,249.73133333333337,1.9233333333333336,1.83,1.5775,69.7563953361665,68.89575178063735,64.0104263668889,3.766666666666666,3.8499999999999996,3.975,103.83256666666666,103.40516666666667,102.46368333333334,14214.433333333334,14151.466666666667,14024.699999999999,195760.0,195370.83333333334,194692.66666666666,79.77413333333334,79.48178333333333,78.69898333333333,2.926666666666666,2.923333333333334,2.7441666666666666,203.76666666666665,203.16666666666666,200.2166666666667,98.06666666666666,98.2,98.425,1212.6033333333335,1259.5983333333334,1280.845,2.0942408376963373,69.56521739130437,3.198048978625656,40.9660496631165,-2.631578947368407,-13.953488372093014,0.06507569254665668,4.313826088176409,0.15678609595590753,3.6405700940698837,-0.5977335087772984,0.9635208918266525,-0.0010008482188683665,4.6782898174546395,3.806228373702414,36.36363636363635,0.0983284169124854,4.517453798767956,4.054054054054035,5.257623554153512,-0.27627297767347514,-8.803184000852305,7.088734268268861,-0.0027665531582474756,-0.09215020180730082,-0.8660254037844386,0.5000000000000001,0,0,0,1,0.2062281702117419,0.07808204989283585,0.2604406656061986,0.07750522450138408,0.1543474323795054,0.1732320763523365,0.19234889895052842,0.2339580144498754
2018-11-01,252.772,251.663,250.792,247.284,2.19,1.91,1.7,1.16,70.74869565217391,68.05565217391305,69.97818181818182,56.63857142857143,3.8,3.8,3.8,4.2,103.9856,104.0327,102.4024,101.2664,14256.6,14223.2,14092.4,13843.5,196389.0,196074.0,196163.0,194493.0,79.7802,79.9322,78.7526,77.6337,3.15,2.89,2.98,2.35,204.6,203.4,203.2,195.9,98.6,96.2,98.0,98.5,1215.39,1201.71,1303.45,1281.9,252.20566666666664,251.6068333333333,250.2435,2.016666666666667,1.9133333333333333,1.6641666666666666,69.67881769641495,69.64489946869809,65.60800706517612,3.766666666666666,3.8166666666666664,3.9416666666666664,104.03956666666666,103.51395000000001,102.710425,14241.766666666668,14188.25,14062.741666666669,195788.33333333334,195854.66666666666,194971.08333333334,79.88126666666666,79.53519999999999,78.89939166666666,3.0133333333333323,2.97,2.81,203.86666666666667,203.88333333333333,201.025,98.3,98.16666666666667,98.25,1205.1633333333334,1239.7033333333334,1275.5016666666668,12.307692307692308,90.43478260869566,0.7355473498627862,37.169083232528656,2.7027027027026973,-9.523809523809534,-0.11027815455079137,2.930867401734427,0.07791934295040548,3.307947043861992,0.7629475326061286,1.7306576602710289,-0.18916220659215277,3.1080978038211082,5.000000000000004,33.47457627118644,0.4911591355599265,4.976911236531545,-1.4985014985015033,-2.0854021847070636,1.4185699146354702,-5.011293385749227,7.102820291923455,0.01408602365459366,-0.051412179198798036,-0.5000000000000004,0.8660254037844384,0,0,0,1,0.2339580144498754,0.17873207703393845,0.2257949781598212,0.2668007428251684,0.20630608723185193,0.16881830115961596,0.20538663144623603,-0.07041919199911595
2018-12-01,252.594,252.182,251.018,247.805,2.2,1.95,1.82,1.3,56.9635,70.2321052631579,67.87333333333333,57.8815,3.8,3.7,4.0,4.1,104.0681,104.1004,103.198,101.4644,14282.8,14245.5,14137.2,13881.7,197492.0,194902.0,195296.0,195148.0,79.7722,79.9314,79.356,77.8538,3.12,3.0,2.91,2.4,202.3,203.6,204.2,196.3,97.5,100.1,98.2,95.9,1220.65,1198.39,1281.57,1264.45,252.516,251.90716666666665,250.686,2.1133333333333337,1.9966666666666668,1.7508333333333332,65.98143363844393,67.47578583233447,65.63508444612849,3.766666666666666,3.816666666666667,3.908333333333333,104.05136666666665,103.79156666666665,102.9439,14261.633333333331,14219.983333333332,14099.35,196261.0,196076.16666666666,195221.0,79.82793333333332,79.70513333333334,79.0776,3.0899999999999994,2.9933333333333336,2.874166666666667,203.5,203.73333333333335,201.55833333333337,98.73333333333333,98.08333333333333,98.16666666666667,1211.476666666667,1225.9033333333334,1270.3975,0.4566210045662267,89.65517241379312,-19.48473470090091,0.5736877947890129,0.0,-9.523809523809534,0.0793379083257717,2.7666629800210174,0.1837745324972273,3.173330443890632,0.5616404177423373,1.5419578082501717,-0.01002755069553496,2.7546027047532062,-0.952380952380949,32.7659574468085,-1.1241446725317572,3.2669729453802976,-1.1156186612576002,-1.0152284263959421,0.43278289273402937,-4.778063811529765,7.107138782732008,0.004318490808553399,-0.04895984858608138,-2.4492935982947064e-16,1.0,0,0,0,1,-0.07041919199911595,0.2062281702117419,0.09011451720948305,0.21068892447551058,0.12325566422083378,0.11944927279979312,0.177284970210879,0.06848935445813442
2019-01-01,252.767,252.772,251.214,248.859,2.27,2.19,1.91,1.41,49.522777777777776,70.74869565217391,70.98142857142857,63.698571428571434,3.9,3.8,3.8,4.0,104.0936,103.9856,103.3646,101.4625,14386.8,14256.6,14174.6,13900.3,193504.0,196389.0,196304.0,193448.0,79.7142,79.7802,79.4588,77.9138,2.83,3.15,2.89,2.58,201.0,204.6,204.3,197.9,98.3,98.6,97.9,95.7,1250.4,1215.39,1237.71,1331.3,252.71099999999998,252.19866666666667,251.0995,2.22,2.0716666666666668,1.8316666666666668,59.07832447665056,64.41735990640854,64.93852426094331,3.8333333333333326,3.7999999999999994,3.891666666666666,104.04910000000001,103.94083333333333,103.163,14308.733333333332,14261.583333333334,14141.441666666666,195795.0,195777.5,195084.0,79.75553333333333,79.76483333333333,79.23263333333334,3.0333333333333328,2.98,2.91,202.63333333333333,203.20000000000002,201.95000000000002,98.13333333333333,98.10000000000001,98.36666666666667,1228.8133333333335,1220.7083333333335,1269.2266666666667,3.1818181818181746,74.61538461538461,-13.06226306709073,-14.441094688669487,2.6315789473684292,-4.8780487804877986,0.02450318589461986,2.5912536810940523,0.7281485423026313,3.6386033410893415,-2.0193223016628514,-0.8424375345891355,-0.07270703327725281,2.389607186803988,-9.294871794871796,17.91666666666667,-0.6426099851705391,2.3942944472745697,0.8205128205128087,2.502606882168923,2.4372260680784796,-1.1111550476491705,7.131218779107267,0.02407999637525915,-0.01117374490029377,0.49999999999999994,0.8660254037844387,1,0,0,0,0.06848935445813442,0.2339580144498754,0.07808204989283585,0.42533443635115464,0.07734272563629796,0.11584507900790168,0.16543500604276432,-0.08149798035343991
2019-02-01,252.561,252.594,251.663,249.529,2.4,2.2,1.91,1.42,51.37571428571429,56.9635,68.05565217391305,62.22947368421052,4.0,3.8,3.8,4.1,103.4021,104.0681,104.0327,101.7085,14459.7,14282.8,14223.2,13949.3,194187.0,197492.0,196074.0,193978.0,79.1024,79.7722,79.9322,78.1508,2.71,3.12,2.89,2.86,199.1,202.3,203.4,199.3,91.2,97.5,96.2,99.7,1291.75,1220.65,1201.71,1330.73,252.64066666666668,252.42316666666667,251.40800000000002,2.2900000000000005,2.153333333333333,1.9141666666666668,52.620664021164025,61.14974085878949,63.91161949903855,3.9,3.8333333333333335,3.891666666666667,103.8546,103.94708333333334,103.32463333333332,14376.433333333334,14309.099999999999,14188.058333333334,195061.0,195424.66666666666,195145.58333333334,79.5296,79.70543333333333,79.33168333333333,2.8866666666666663,2.9499999999999997,2.920833333333333,200.79999999999998,202.33333333333334,202.04999999999998,95.66666666666667,96.98333333333333,97.99166666666667,1254.2666666666667,1229.7150000000001,1265.9308333333333,5.726872246696035,70.2127659574468,3.7415843599305942,-19.345578505909533,2.564102564102577,0.0,-0.6643059707801324,1.9116422323518512,0.5067144882809238,4.02437357467107,0.3529642798081767,0.38201480501220964,-0.767491864686598,1.5255320623561053,-4.240282685512375,5.038759689922467,-0.9452736318408039,0.6063668519454168,-7.222787385554419,-4.702194357366773,3.306941778630823,-2.970780440171261,7.163753167167294,0.03253438806002684,-0.030158020270577346,0.8660254037844386,0.5000000000000001,1,0,0,0,-0.08149798035343991,-0.07041919199911595,0.17873207703393845,0.26922876006090224,-0.027809272631473814,0.08924840730018906,0.12319897131738144,0.3001255142321968
2019-03-01,253.319,252.767,252.182,249.577,2.4,2.27,1.95,1.51,54.95473684210527,49.522777777777776,70.2321052631579,62.724761904761905,3.8,3.9,3.7,4.0,102.8371,104.0936,104.1004,102.2067,14506.3,14386.8,14245.5,14012.7,194123.0,193504.0,194902.0,193972.0,78.5877,79.7142,79.9314,78.5697,2.68,2.83,3.0,2.84,199.2,201.0,203.6,199.3,93.8,98.3,100.1,101.4,1320.07,1250.4,1198.39,1324.66,252.88233333333332,252.69916666666666,251.72383333333335,2.356666666666667,2.235,1.9958333333333333,51.951076301865776,58.966254970154864,63.30539142886311,3.9,3.8333333333333335,3.8666666666666667,103.44426666666668,103.74781666666667,103.41868333333333,14450.933333333334,14356.283333333333,14234.474999999999,193938.0,195099.5,195157.66666666666,79.13476666666666,79.48135,79.36809166666667,2.7399999999999998,2.9150000000000005,2.9058333333333333,199.76666666666665,201.63333333333333,202.04166666666666,94.43333333333334,96.58333333333333,97.5,1287.4066666666668,1249.4416666666666,1265.0425,0.0,69.01408450704226,6.96637040701189,-11.69017896410567,-5.000000000000004,-7.317073170731703,-0.5464105661296959,1.1096417703535089,0.3222750126212759,3.993031908411182,-0.0329579220030185,0.07475074492984124,-0.6506755800076869,0.5590473801931672,-1.1070110701106972,-6.293706293706281,0.050226017076848706,-0.05017561465129328,2.8508771929824483,-5.917753259779346,2.1923746855041504,-0.8010640776115463,7.18544004447739,0.021686877310095554,-0.008042898343621374,1.0,6.123233995736766e-17,1,0,0,0,0.3001255142321968,0.06848935445813442,0.2062281702117419,0.0192362410782021,0.09570562944563044,0.10948064683323211,0.12577370083165598,0.37817929172307974
2019-04-01,254.277,252.561,252.772,250.227,2.41,2.4,2.19,1.69,58.151428571428575,51.37571428571429,70.74869565217391,66.25380952380952,3.8,4.0,3.8,4.0,102.8757,103.4021,103.9856,103.3329,14557.5,14459.7,14256.6,14035.9,196358.0,194187.0,196389.0,193486.0,78.5337,79.1024,79.7802,79.4597,2.57,2.71,3.15,2.87,200.8,199.1,204.6,200.3,98.4,91.2,98.6,98.8,1300.9,1291.75,1215.39,1334.76,253.38566666666668,253.04833333333332,252.1155,2.4033333333333338,2.3116666666666665,2.0708333333333333,54.827293233082706,56.952808854866646,62.924280317752,3.866666666666666,3.85,3.8499999999999996,103.0383,103.5437,103.47443333333332,14507.833333333334,14408.283333333333,14279.875,194889.33333333334,195342.16666666666,195356.5,78.74126666666666,79.24839999999999,79.36509166666666,2.653333333333333,2.8433333333333337,2.8833333333333333,199.70000000000002,201.16666666666666,202.16666666666666,94.46666666666665,96.3,97.25,1304.24,1266.5266666666669,1263.0625,0.4166666666666874,59.602649006622535,5.8169539388532865,-7.291113101835678,0.0,-5.000000000000004,0.037535091907470175,0.6545559146318158,0.352950097543836,3.8879016891819607,1.1513318875146172,1.2300744437341526,-0.06871304288076363,-0.045819189840357044,-4.104477611940305,-9.507042253521124,0.8032128514056325,0.7526342197691882,4.904051172707891,-2.9585798816568087,-1.4521957168937893,-1.7936678090981872,7.170811611607514,-0.014628432869876029,-0.018099490110842886,0.8660254037844387,-0.49999999999999983,0,1,0,0,0.37817929172307974,-0.08149798035343991,0.2339580144498754,0.2604406656061986,0.19893560853394554,0.13813916708512175,0.15568562171872913,0.3759679404743643
2019-05-01,255.233,253.319,252.594,250.792,2.42,2.4,2.2,1.7,63.862380952380946,54.95473684210527,56.9635,69.97818181818182,3.7,3.8,3.8,3.8,102.274,102.8371,104.0681,102.4024,14594.7,14506.3,14282.8,14092.4,195642.0,194123.0,197492.0,196163.0,77.9898,78.5877,79.7722,78.7526,2.53,2.68,3.12,2.98,202.1,199.2,202.3,203.2,97.2,93.8,97.5,98.0,1285.91,1320.07,1220.65,1303.45,254.27633333333333,253.4585,252.53266666666664,2.41,2.35,2.131666666666667,58.98951545530493,55.80508973823448,62.724994603466286,3.7666666666666657,3.8333333333333335,3.8249999999999997,102.66226666666667,103.25843333333334,103.38619166666666,14552.833333333334,14464.633333333333,14326.441666666666,195374.33333333334,195217.66666666666,195536.16666666666,78.3704,78.95,79.2426,2.5933333333333324,2.74,2.855,200.70000000000002,200.75,202.3166666666667,96.46666666666668,96.06666666666666,97.11666666666666,1302.2933333333333,1278.28,1258.9916666666668,0.4149377593360981,43.19526627218935,9.820829034212796,-3.6094959499184287,-2.631578947368407,-7.499999999999996,-0.584880588904857,-1.0247462328067725,0.2555383822771873,3.981219586916418,-0.3646400961509033,1.1142925069514087,-0.692568922640846,-1.8498685497176481,-1.5564202334630406,-11.846689895470398,0.6474103585657254,0.8986520219670391,-1.2195121951219523,-1.6194331983805599,-1.1522791913290753,-3.6598339776439115,7.159221917900639,-0.011589693706874904,-0.03728486149129928,0.49999999999999994,-0.8660254037844387,0,1,0,0,0.3759679404743643,0.3001255142321968,-0.07041919199911595,0.2257949781598212,0.35142424880988027,0.16180748808920323,0.1653128946244096,0.02468332856644384
2019-06-01,255.296,254.277,252.767,251.018,2.39,2.41,2.27,1.82,60.82681818181818,58.151428571428575,49.522777777777776,67.87333333333333,3.6,3.8,3.9,4.0,102.392,102.8757,104.0936,103.198,14704.4,14557.5,14386.8,14137.2,197708.0,196358.0,193504.0,195296.0,77.9962,78.5337,79.7142,79.356,2.4,2.57,2.83,2.91,201.7,200.8,201.0,204.2,100.0,98.4,98.3,98.2,1283.7,1300.9,1250.4,1281.57,254.93533333333335,253.90883333333332,252.90800000000002,2.4066666666666667,2.3816666666666664,2.189166666666667,60.9468759018759,56.44897610187084,61.96238096710264,3.6999999999999997,3.7999999999999994,3.8083333333333336,102.51389999999999,102.97908333333334,103.38532500000001,14618.866666666667,14534.900000000001,14377.441666666666,196569.33333333334,195253.66666666666,195664.91666666666,78.17323333333333,78.654,79.17956666666666,2.4999999999999996,2.6199999999999997,2.8066666666666666,201.53333333333333,200.65,202.19166666666663,98.53333333333335,96.48333333333333,97.28333333333332,1290.17,1288.7883333333334,1257.3458333333333,-1.2396694214875992,40.58823529411766,-4.75328781247012,-13.077452712533777,-2.7027027027027084,-5.263157894736836,0.1153763419832865,-0.010156011968476264,0.7516427196173847,4.342766313757762,1.0560104680998883,0.7876103036760229,0.008206201323757156,-0.9604762255468358,-5.138339920948609,-19.463087248322154,-0.19792182088075316,-0.7381889763779514,2.8806584362139898,2.0408163265306145,-0.17186272756258836,-1.515209635966086,7.157501812090881,-0.0017201058097580102,-0.015268062280772376,1.2246467991473532e-16,-1.0,0,1,0,0,0.02468332856644384,0.37817929172307974,0.06848935445813442,0.09011451720948305,0.25961018692129595,0.1776579081834632,0.14855359049162817,-0.03251128102280676
2019-07-01,255.213,255.233,252.561,251.214,2.38,2.42,2.4,1.91,54.657500000000006,63.862380952380946,51.37571428571429,70.98142857142857,3.6,3.7,4.0,3.8,102.4375,102.274,103.4021,103.3646,14802.8,14594.7,14459.7,14174.6,197972.0,195642.0,194187.0,196304.0,77.9493,77.9898,79.1024,79.4588,2.07,2.53,2.71,2.89,200.3,202.1,199.1,204.3,98.2,97.2,91.2,97.9,1359.04,1285.91,1291.75,1237.71,255.24733333333333,254.3165,253.25758333333332,2.396666666666667,2.4,2.2358333333333333,59.78223304473304,57.30476313890788,60.8610615226582,3.633333333333333,3.75,3.775,102.36783333333334,102.70306666666666,103.32195000000002,14700.633333333333,14604.233333333332,14432.908333333335,197107.33333333334,195998.33333333334,195887.91666666666,77.97843333333333,78.35985,79.06234166666665,2.3333333333333326,2.4933333333333336,2.7366666666666664,201.36666666666667,200.53333333333333,201.86666666666667,98.46666666666665,96.46666666666665,97.28333333333332,1309.5500000000002,1306.895,1263.8016666666667,-0.4184100418410108,30.76923076923075,-10.14243119437448,-19.471319123858155,0.0,-9.999999999999998,0.04443706539574155,-0.7369328862962377,0.6691874540953657,4.708145884616455,0.1335302567422758,1.3702277568409027,-0.06013113459374386,-1.7726447905640375,-13.750000000000007,-28.865979381443307,-0.6941001487357323,-1.9098922624877446,-1.8000000000000016,0.0,5.868972501363245,6.044929266446619,7.2145338471249065,0.057032035034025874,0.05869267932448974,-0.4999999999999998,-0.8660254037844388,0,0,1,0,-0.03251128102280676,0.3759679404743643,-0.08149798035343991,0.07808204989283585,0.12271332933933381,0.16082446893663968,0.13833477397227067,0.23078761661827762
2019-08-01,255.802,255.296,253.319,251.663,2.4,2.39,2.4,1.91,57.35809523809524,60.82681818181818,54.95473684210527,68.05565217391305,3.7,3.6,3.8,3.8,101.9408,102.392,102.8371,104.0327,14886.8,14704.4,14506.3,14223.2,199018.0,197708.0,194123.0,196074.0,77.4935,77.9962,78.5877,79.9322,2.06,2.4,2.68,2.89,200.7,201.7,199.2,203.4,98.4,100.0,93.8,96.2,1412.89,1283.7,1320.07,1201.71,255.437,254.85666666666668,253.63991666666666,2.3900000000000006,2.4,2.276666666666667,57.614137806637814,58.30182663097137,59.72578374488043,3.633333333333333,3.6999999999999997,3.766666666666667,102.25676666666665,102.45951666666666,103.2033,14798.0,14675.416666666666,14492.258333333333,198232.66666666666,196803.5,196114.08333333334,77.81299999999999,78.0917,78.89856666666667,2.176666666666666,2.385,2.6675,200.89999999999998,200.79999999999998,201.56666666666663,98.86666666666667,97.66666666666667,97.325,1351.8766666666668,1327.085,1278.4,0.8403361344537785,25.654450261780106,4.940941751992378,-19.192813680305377,2.77777777777779,-2.631578947368407,-0.4848810250152602,-1.3774541767684445,0.567460210230486,5.024480408618226,0.528357545511482,1.3825495150378897,-0.5847390547445541,-2.4733572618765964,-0.48309178743960457,-28.719723183391,0.19970044932600128,-1.7621145374449476,0.20366598778003286,0.5107252298263587,3.962355780550997,14.153557780093884,7.253392531104986,0.03885868398007908,0.13237435408934495,-0.8660254037844384,-0.5000000000000004,0,0,1,0,0.23078761661827762,0.02468332856644384,0.3001255142321968,0.17873207703393845,0.07431988805397156,0.21287206843192594,0.1510602378660575,0.09147700174354512
2019-09-01,256.036,255.213,254.277,252.182,2.13,2.38,2.41,1.95,54.80590909090909,54.657500000000006,58.151428571428575,70.2321052631579,3.6,3.6,3.8,3.7,102.639,102.4375,102.8757,104.1004,14974.4,14802.8,14557.5,14245.5,200191.0,197972.0,196358.0,194902.0,77.9497,77.9493,78.5337,79.9314,1.63,2.07,2.57,3.0,199.2,200.3,200.8,203.6,89.8,98.2,98.4,100.1,1500.41,1359.04,1300.9,1198.39,255.68366666666665,255.30949999999999,254.00433333333334,2.3033333333333332,2.355,2.295,55.607168109668116,58.277022005772004,58.62163848796343,3.633333333333333,3.6666666666666665,3.75,102.33909999999999,102.42649999999999,103.08715833333333,14888.0,14753.433333333334,14554.858333333332,199060.33333333334,197814.83333333334,196457.16666666666,77.7975,77.98536666666666,78.73335833333333,1.9199999999999993,2.21,2.5625,200.0666666666667,200.79999999999998,201.21666666666667,95.46666666666668,97.0,96.79166666666667,1424.1133333333335,1357.1416666666667,1303.2916666666667,-11.250000000000004,11.518324607329845,-4.449565726671967,-19.468982604332197,-2.7027027027027084,-5.263157894736836,0.6849073187575438,-1.3396749291328724,0.5884407663164781,5.281511896057145,0.5893939241676582,2.099717453614458,0.5886945356707418,-2.4802269923760223,-20.873786407766993,-43.59861591695502,-0.7473841554558991,-2.064896755162249,-8.739837398373995,-6.652806652806653,6.194395883614434,24.856246515382253,7.313493683074885,0.06010115196989929,0.22199286164777643,-1.0,-1.8369701987210297e-16,0,0,1,0,0.09147700174354512,-0.03251128102280676,0.37817929172307974,0.2062281702117419,0.096584445779672,0.17809731635048398,0.14378898159185804,0.1538846099767177
2019-10-01,256.43,255.802,255.233,252.772,2.04,2.4,2.42,2.19,56.947,57.35809523809524,63.862380952380946,70.74869565217391,3.5,3.7,3.7,3.8,102.2917,101.9408,102.274,103.9856,15047.0,14886.8,14594.7,14256.6,198605.0,199018.0,195642.0,196389.0,77.6205,77.4935,77.9898,79.7802,1.7,2.06,2.53,3.15,198.4,200.7,202.1,204.6,93.2,98.4,97.2,98.6,1510.58,1412.89,1285.91,1215.39,256.08933333333334,255.66833333333332,254.35833333333332,2.19,2.2933333333333334,2.3025,56.37033477633478,58.0762839105339,57.514546382700274,3.5999999999999996,3.616666666666667,3.733333333333333,102.2905,102.32916666666667,102.93643333333334,14969.4,14835.016666666668,14621.65,199271.33333333334,198189.33333333334,196765.75,77.6879,77.83316666666667,78.54078333333334,1.796666666666666,2.065,2.4541666666666666,199.4333333333333,200.4,200.7833333333333,93.8,96.13333333333334,96.21666666666668,1474.6266666666668,1392.0883333333334,1329.3075000000001,-4.225352112676051,4.615384615384621,3.9066789413882086,-18.916000329733752,-2.777777777777779,-5.405405405405405,-0.3383704050117342,-1.7374573008364869,0.48482743882893864,5.626338141869369,-0.7922434075457896,1.8999291951852681,-0.42232362664641476,-2.891104121784416,4.294478527607359,-43.333333333333336,-0.40160642570280514,-2.5540275049115824,3.786191536748329,-6.893106893106882,0.6778147306402804,26.050784802943937,7.320248962019425,0.0067552789445404215,0.23151469375056433,-0.8660254037844386,0.5000000000000001,0,0,0,1,0.1538846099767177,0.23078761661827762,0.3759679404743643,0.2339580144498754,0.15871640944618015,0.14071486939275699,0.13942701823893935,0.2827282299262768
2019-11-01,257.155,256.036,255.296,252.594,1.83,2.13,2.39,2.2,53.96304347826087,54.80590909090909,60.82681818181818,56.9635,3.6,3.6,3.6,3.8,101.4281,102.639,102.392,104.0681,15184.1,14974.4,14704.4,14282.8,198576.0,200191.0,197708.0,197492.0,76.9099,77.9497,77.9962,79.7722,1.71,1.63,2.4,3.12,198.6,199.2,201.7,202.3,95.5,89.8,100.0,97.5,1494.81,1500.41,1283.7,1220.65,256.5403333333333,255.98866666666666,254.72358333333332,2.0,2.195,2.2725,55.23865085638999,56.4263943315139,56.11574203487419,3.5666666666666664,3.6,3.716666666666667,102.1196,102.18818333333333,102.72330833333332,15068.5,14933.25,14698.941666666666,199124.0,198678.33333333334,196948.0,77.49336666666666,77.65318333333333,78.30159166666667,1.6799999999999995,1.9283333333333335,2.3341666666666665,198.73333333333335,199.81666666666663,200.28333333333333,92.83333333333333,95.85000000000001,95.95833333333333,1501.9333333333334,1426.905,1352.5925,-10.29411764705882,-16.43835616438356,-5.239883614130914,-23.725740834060538,2.857142857142869,-5.263157894736836,-0.8442522707120981,-2.4594751580988228,0.9111450787532505,6.50575873630459,-0.01460184788902863,1.1136061592044388,-0.9154798023718103,-3.5977598451746196,0.588235294117645,-45.714285714285715,0.10080645161290036,-2.9325513196480912,2.467811158798283,-3.144016227180524,-1.043969865879335,22.99015130945621,7.309754387447127,-0.010494574572298632,0.20693409552367203,-0.5000000000000004,0.8660254037844384,0,0,0,1,0.2827282299262768,0.09147700174354512,0.02468332856644384,-0.07041919199911595,0.1760299472155132,0.1251749176347424,0.1434912028619728,0.281542260504386
2019-12-01,257.879,256.43,255.213,252.767,1.55,2.04,2.38,2.27,57.048947368421054,56.947,54.657500000000006,49.522777777777776,3.6,3.5,3.6,3.9,101.9372,102.2917,102.4375,104.0936,15296.0,15047.0,14802.8,14386.8,199402.0,198605.0,197972.0,193504.0,77.252,77.6205,77.9493,79.7142,1.81,1.7,2.07,2.83,199.0,198.4,200.3,201.0,96.8,93.2,98.2,98.3,1470.79,1510.58,1359.04,1250.4,257.1546666666666,256.4191666666667,255.164,1.8066666666666669,2.055,2.2183333333333333,55.98633028222731,55.79674919594771,56.12286264890927,3.5666666666666664,3.6,3.7000000000000006,101.88566666666668,102.11238333333334,102.54573333333333,15175.699999999999,15031.849999999999,14783.375,198861.0,198960.66666666666,197107.16666666666,77.2608,77.52915,78.09157499999999,1.7399999999999993,1.83,2.225,198.66666666666666,199.36666666666667,200.00833333333333,95.16666666666667,95.31666666666666,95.89999999999999,1492.0600000000002,1458.0866666666668,1373.4375,-15.300546448087438,-29.545454545454554,5.718550495402175,0.15000371890956377,0.0,-5.263157894736836,0.5019319103877651,-2.047601522464615,0.7369551043525879,7.0938471448175555,0.4159616469261218,0.9671277823911861,0.44480619530125054,-3.159245952850742,5.84795321637428,-41.98717948717948,0.20140986908359082,-1.6312407315867583,1.3612565445026092,-0.7179487179487243,-1.606893183749103,20.492360627534502,7.293554950383062,-0.016199437064064348,0.1864161676510543,-2.4492935982947064e-16,1.0,0,0,0,1,0.281542260504386,0.1538846099767177,-0.03251128102280676,0.06848935445813442,0.23938503346912685,0.16798473962439942,0.17282132390393132,0.29122185210892493
2020-01-01,258.63,257.155,255.802,252.561,1.55,1.83,2.4,2.4,59.81666666666667,53.96304347826087,57.35809523809524,51.37571428571429,3.6,3.6,3.7,4.0,101.7003,101.4281,101.9408,103.4021,15347.5,15184.1,14886.8,14459.7,199461.0,198576.0,199018.0,194187.0,77.0416,76.9099,77.4935,79.1024,1.86,1.71,2.06,2.71,199.0,198.6,200.7,199.1,99.3,95.5,98.4,91.2,1479.13,1494.81,1412.89,1291.75,257.888,256.9886666666667,255.65258333333335,1.6433333333333338,1.9166666666666667,2.1583333333333337,56.94288583778286,56.65661030705882,56.98068672298334,3.6,3.6,3.6750000000000003,101.68853333333334,101.98951666666666,102.34629166666667,15275.866666666667,15122.633333333333,14863.433333333334,199146.33333333334,199208.83333333334,197603.58333333334,77.06783333333333,77.37786666666666,77.86885833333334,1.7933333333333328,1.795,2.1441666666666666,198.86666666666667,199.14999999999998,199.84166666666667,97.2,95.5,95.98333333333333,1481.5766666666668,1478.1016666666667,1392.4983333333332,0.0,-31.718061674008812,4.851481799255186,20.786170224700196,0.0,-7.692307692307687,-0.23239798621111918,-2.2991807373363926,0.3366893305439378,6.677648955987436,0.029588469523877947,3.0784893335538355,-0.27235540827420524,-3.3527276194203814,2.7624309392265234,-34.275618374558306,0.0,-0.995024875621886,2.5826446280991844,1.0172939979654183,0.5670422018099197,18.29254638515676,7.299209356075922,0.0056544056928595765,0.16799057696865471,0.49999999999999994,0.8660254037844387,1,0,0,0,0.29122185210892493,0.2827282299262768,0.23078761661827762,-0.08149798035343991,0.2851641141798626,0.22194026181302137,0.19138236537483053,0.19216641534238743
2020-02-01,259.127,257.879,256.036,253.319,1.55,1.55,2.13,2.4,57.519047619047626,57.048947368421054,54.80590909090909,54.95473684210527,3.6,3.6,3.6,3.8,101.0338,101.9372,102.639,102.8371,15427.1,15296.0,14974.4,14506.3,198790.0,199402.0,200191.0,194123.0,76.519,77.252,77.9497,78.5877,1.76,1.81,1.63,2.68,199.3,199.0,199.2,199.2,99.8,96.8,89.8,93.8,1560.67,1470.79,1500.41,1320.07,258.5453333333333,257.54283333333336,256.19975,1.55,1.7750000000000001,2.0875,58.128220551378455,56.683435703884214,57.492631167427795,3.6,3.5833333333333335,3.641666666666666,101.55709999999999,101.83834999999999,102.14893333333333,15356.866666666669,15212.683333333334,14944.050000000001,199217.66666666666,199170.83333333334,197987.16666666666,76.93753333333333,77.21544999999999,77.653575,1.8099999999999994,1.745,2.065,199.1,198.91666666666666,199.85833333333332,98.63333333333333,95.73333333333333,96.69999999999999,1503.53,1502.7316666666666,1414.9083333333335,0.0,-35.416666666666664,-3.8411017792461033,11.957660187785613,0.0,-9.999999999999998,-0.6553569655153413,-2.290379015513233,0.5186512461312853,6.690318609653034,-0.33640661582966525,2.3703955465607995,-0.6783348217067053,-3.265893323085012,-5.376344086021511,-35.05535055350554,0.1507537688442362,0.10045203415369741,0.5035246727089548,9.42982456140351,5.512700033127582,20.818269789045885,7.35287049521985,0.05366113914392834,0.1891173280525562,0.8660254037844386,0.5000000000000001,1,0,0,0,0.19216641534238743,0.281542260504386,0.09147700174354512,0.3001255142321968,0.25497684265189946,0.21550339493370632,0.21418773168281613,0.04746707213065804
2020-03-01,259.25,258.63,256.43,254.277,1.58,1.55,2.04,2.41,50.54263157894737,59.81666666666667,56.947,58.151428571428575,3.5,3.6,3.5,3.8,101.3735,101.7003,102.2917,102.8757,15493.4,15347.5,15047.0,14557.5,198777.0,199461.0,198605.0,196358.0,76.7764,77.0416,77.6205,78.5337,1.5,1.86,1.7,2.57,196.7,199.0,198.4,200.8,101.0,99.3,93.2,98.4,1597.1,1479.13,1510.58,1300.9,259.00233333333335,258.0785,256.694,1.5600000000000005,1.6833333333333333,2.0191666666666666,55.95944862155389,55.9728894518906,57.1249557288313,3.5666666666666664,3.5666666666666664,3.6166666666666667,101.36919999999999,101.62743333333333,102.02696666666667,15422.666666666666,15299.183333333334,15026.308333333334,199009.33333333334,198935.16666666666,198375.0,76.77900000000001,77.01989999999999,77.50263333333334,1.706666666666666,1.7233333333333334,1.9666666666666668,198.33333333333334,198.5,199.65,100.03333333333332,97.60000000000001,97.3,1545.6333333333334,1518.8466666666666,1437.9941666666666,1.9354838709677358,-34.16666666666666,-12.128879612725008,-8.028616852146264,-2.777777777777779,-7.894736842105255,0.3362241150981271,-1.4232217750208775,0.42976320889862585,6.804629712607624,-0.006539564364405059,2.3974490400416215,0.33638704112701756,-2.3048136031465494,-14.77272727272727,-44.029850746268664,-1.304565980933281,-1.2550200803212896,1.2024048096192397,7.6759061833688635,2.3342538781420785,20.986008317740733,7.375944763662264,0.023074268442413448,0.1905047191848741,1.0,6.123233995736766e-17,1,0,0,0,0.04746707213065804,0.29122185210892493,0.1538846099767177,0.37817929172307974,0.1769517798606568,0.2081684066648918,0.1931328615076879,-0.4528447444551498
2020-04-01,258.076,259.127,257.155,255.233,0.65,1.55,1.83,2.42,29.207727272727276,57.519047619047626,53.96304347826087,63.862380952380946,4.4,3.6,3.6,3.7,97.4078,101.0338,101.4281,102.274,16033.0,15427.1,15184.1,14594.7,181467.0,198790.0,198576.0,195642.0,73.7887,76.519,76.9099,77.9898,0.87,1.76,1.71,2.53,193.1,199.3,198.6,202.1,89.1,99.8,95.5,97.2,1591.93,1560.67,1494.81,1285.91,258.81766666666664,258.35283333333336,257.01058333333333,1.2600000000000005,1.4516666666666669,1.8724999999999998,45.756468823574096,51.34967733067848,54.712980620606196,3.8333333333333335,3.716666666666667,3.6666666666666665,99.93836666666668,100.81344999999999,101.57130833333333,15651.166666666666,15463.516666666668,15149.266666666668,193011.33333333334,196078.83333333334,197134.08333333334,75.6947,76.38126666666666,77.10721666666667,1.376666666666666,1.5850000000000002,1.825,196.36666666666665,197.61666666666667,199.00833333333333,96.63333333333333,96.91666666666667,96.52499999999999,1583.2333333333336,1532.405,1462.2466666666667,-58.86075949367089,-73.02904564315354,-42.211700577749035,-49.772984103303955,25.714285714285733,15.789473684210531,-3.9119691043517424,-5.315054964389065,3.4827733099255243,10.135668899192861,-8.708250954587305,-7.583597306959733,-3.891430179065425,-6.041992163873589,-42.00000000000001,-66.14785992217898,-1.8301982714794107,-3.834661354581681,-11.782178217821793,-9.45121951219513,-0.323711727506093,22.371435160273645,7.37270239558838,-0.0032423680738835614,0.20189078398086657,0.8660254037844387,-0.49999999999999983,0,1,0,0,-0.4528447444551498,0.19216641534238743,0.2827282299262768,0.3759679404743643,-0.07107041899403477,0.1070468475929139,0.12388085849283544,-0.7920147553434065
2020-05-01,256.032,259.25,257.879,255.296,0.05,1.58,1.55,2.39,16.547619047619047,50.54263157894737,57.048947368421054,60.82681818181818,14.8,3.5,3.6,3.6,84.5619,101.3735,101.9372,102.392,17065.3,15493.4,15296.0,14704.4,156632.0,198777.0,199402.0,197708.0,64.0847,76.7764,77.252,77.9962,0.66,1.5,1.81,2.4,185.5,196.7,199.0,201.7,71.8,101.0,96.8,100.0,1683.17,1597.1,1470.79,1283.7,257.786,258.1656666666667,257.07716666666664,0.7600000000000003,1.155,1.6749999999999998,32.09932596643123,45.11377325890484,50.770083795209366,7.566666666666666,5.583333333333333,4.591666666666667,94.44773333333335,98.00241666666666,100.0953,16197.233333333332,15777.050000000001,15355.15,178958.66666666666,189088.16666666666,193883.25,71.54993333333333,74.24373333333334,75.94845833333333,1.0099999999999996,1.4100000000000001,1.6691666666666665,191.76666666666665,195.4333333333333,197.625,87.3,92.96666666666665,94.40833333333335,1624.0666666666668,1563.7983333333334,1495.3516666666667,-92.3076923076923,-97.93388429752066,-43.34506449918001,-74.0886280767424,236.36363636363632,300.0,-13.187752931490081,-17.318282261376304,6.438595396993696,16.928062926952926,-13.685683898449852,-19.939481297471918,-13.15106513598967,-17.829382816727325,-24.13793103448275,-73.91304347826086,-3.9357845675815573,-8.213755566551207,-19.41638608305275,-26.131687242798364,5.731407788030873,30.893297353625048,7.428434199190639,0.055731803602259156,0.26921228129000063,0.49999999999999994,-0.8660254037844387,0,1,0,0,-0.7920147553434065,0.04746707213065804,0.281542260504386,0.02468332856644384,-0.3991308092226327,-0.07207698328536664,0.02654896717468787,-0.08983252093487382
2020-06-01,255.802,258.076,258.63,255.213,0.05,0.65,1.55,2.38,28.5625,29.207727272727276,59.81666666666667,54.657500000000006,13.2,4.4,3.6,3.6,85.9604,97.4078,101.7003,102.4375,17932.9,16033.0,15347.5,14802.8,187039.0,181467.0,199461.0,197972.0,65.1874,73.7887,77.0416,77.9493,0.67,0.87,1.86,2.07,188.6,193.1,199.0,200.3,72.3,89.1,99.3,98.2,1715.91,1591.93,1479.13,1359.04,256.63666666666666,257.8195,257.1193333333333,0.2500000000000003,0.9049999999999999,1.4800000000000002,24.77261544011544,40.36603203083467,48.08139061339119,10.799999999999999,7.183333333333334,5.391666666666667,89.31003333333332,95.33961666666666,98.726,17010.399999999998,16216.533333333335,15624.191666666666,175046.0,187027.66666666666,192994.16666666666,67.68693333333333,72.23296666666666,74.88105833333334,0.7333333333333328,1.22,1.5250000000000001,189.06666666666663,193.70000000000002,196.53333333333333,77.73333333333333,88.88333333333333,92.10000000000001,1663.67,1604.6516666666666,1531.3691666666666,0.0,-97.90794979079497,72.60791366906476,-53.042916177822285,-10.810810810810823,266.66666666666663,1.6538180906531252,-16.047738104539413,5.084000867256955,21.956013166127164,19.41301905102406,-5.396342080239547,1.7206915223134445,-16.42233852418452,1.5151515151515138,-72.08333333333333,1.6711590296495826,-6.494794248884483,0.696378830083555,-27.700000000000003,1.9451392313313498,33.669081561112414,7.447698831120039,0.01926463192940009,0.29019701902915873,1.2246467991473532e-16,-1.0,0,1,0,0,-0.08983252093487382,-0.4528447444551498,0.29122185210892493,-0.03251128102280676,-0.4448973402444767,-0.13397278019190995,0.017005979716244735,0.4847499237691677
2020-07-01,257.042,256.032,259.127,255.802,0.08,0.05,1.55,2.4,38.307272727272725,16.547619047619047,57.519047619047626,57.35809523809524,11.0,14.8,3.6,3.7,91.5934,84.5619,101.0338,101.9408,18184.3,17065.3,15427.1,14886.8,201538.0,156632.0,198790.0,199018.0,69.5218,64.0847,76.519,77.4935,0.73,0.66,1.76,2.06,191.2,185.5,199.3,200.7,78.1,71.8,99.8,98.4,1732.22,1683.17,1560.67,1412.89,256.292,257.55483333333336,257.27175,0.060000000000000296,0.66,1.2883333333333333,27.805797258297257,36.78113304093568,46.71887167399725,13.0,8.416666666666666,6.008333333333334,87.3719,93.65513333333335,97.82232499999999,17727.5,16689.333333333332,15905.983333333332,181736.33333333334,187373.83333333334,193291.33333333334,66.26463333333334,70.97966666666666,74.17876666666668,0.6866666666666661,1.0316666666666667,1.4133333333333333,188.4333333333333,192.39999999999998,195.77499999999998,74.06666666666666,85.34999999999998,90.425,1710.4333333333334,1646.8333333333333,1562.4675,59.999999999999986,-96.63865546218487,34.11736622239903,-29.913968389932354,-16.666666666666664,205.55555555555554,6.553017435935615,-10.586064673581452,1.4018926107879803,22.843651201124104,7.75185923791295,1.80126482532883,6.649137716798026,-10.811514664018784,8.955223880596996,-64.73429951690821,1.3785790031813239,-4.543185222166757,8.022130013831251,-20.468431771894103,0.9505160527067291,27.459088768542507,7.457159101841143,0.009460270721104003,0.24262525471623686,-0.4999999999999998,-0.8660254037844388,0,0,1,0,0.4847499237691677,-0.7920147553434065,0.19216641534238743,0.23078761661827762,-0.1323657841697042,-0.10171810158186949,0.06011108011557594,0.5096443382793581
2020-08-01,258.352,255.802,259.25,256.036,0.09,0.05,1.58,2.13,40.710454545454546,28.5625,50.54263157894737,54.80590909090909,10.2,13.2,3.5,3.6,95.0256,85.9604,101.3735,102.639,18335.4,17932.9,15493.4,14974.4,203716.0,187039.0,198777.0,200191.0,72.2103,65.1874,76.7764,77.9497,0.62,0.67,1.5,1.63,193.0,188.6,196.7,199.2,72.5,72.3,101.0,89.8,1846.51,1715.91,1597.1,1500.41,257.06533333333334,257.4256666666667,257.48425,0.07333333333333364,0.41666666666666674,1.0958333333333334,35.86007575757576,33.97970086200349,45.331568282943856,11.466666666666663,9.516666666666666,6.55,90.8598,92.65376666666667,97.24605833333334,18150.86666666667,17174.05,16193.366666666667,197431.0,188194.83333333334,193682.83333333334,68.97316666666667,70.26155,73.7385,0.6733333333333328,0.8416666666666668,1.2933333333333334,190.9333333333333,191.35,195.13333333333333,74.3,80.8,88.26666666666665,1764.88,1694.4733333333334,1598.6025,12.5,-96.25,6.273434904361874,-29.0240473006222,-7.272727272727275,175.67567567567565,3.7472132271539227,-6.783544959427434,0.8309365771572264,23.165488889485996,1.0806894977622106,2.3605904993518223,3.8671323239616973,-6.8176040571144565,-15.068493150684926,-69.90291262135922,0.9414225941422716,-3.8365719980069657,-7.170294494238149,-26.321138211382124,6.597891722760396,30.690287283511086,7.521052649929185,0.06389354808804182,0.2676601188241996,-0.8660254037844384,-0.5000000000000004,0,0,1,0,0.5096443382793581,-0.08983252093487382,0.04746707213065804,0.09147700174354512,0.3015205803712173,-0.04880511442570771,0.08334914025399931,0.3731343283582156
2020-09-01,259.316,257.042,258.076,256.43,0.1,0.08,0.65,2.04,42.33904761904762,38.307272727272725,29.207727272727276,56.947,8.4,11.0,4.4,3.5,95.9549,91.5934,97.4078,102.2917,18411.2,18184.3,16033.0,15047.0,204667.0,201538.0,181467.0,198605.0,73.0192,69.5218,73.7887,77.6205,0.65,0.73,0.87,1.7,194.3,191.2,193.1,198.4,74.1,78.1,89.1,93.2,1968.63,1732.22,1591.93,1510.58,258.2366666666667,257.43666666666667,257.75758333333334,0.0900000000000003,0.17,0.9266666666666666,40.4522582972583,32.61243686868686,44.29266316028873,9.866666666666667,10.333333333333334,6.95,94.1913,91.75066666666667,96.68905,18310.300000000003,17660.350000000002,16479.766666666666,203307.0,189176.5,194055.83333333334,71.58376666666668,69.63535,73.327625,0.6666666666666661,0.7000000000000001,1.2116666666666667,192.83333333333334,190.95000000000002,194.725,74.89999999999999,76.31666666666666,86.95833333333333,1849.1200000000001,1756.3949999999998,1637.6208333333334,11.111111111111116,-95.30516431924883,4.000429599170152,-22.747294367806425,-17.647058823529406,133.33333333333334,0.9779469953359987,-6.512241935326724,0.4134079431045823,22.95116999679454,0.46682636611754535,2.235864749164551,1.120200303834773,-6.32523281038927,4.8387096774193505,-60.122699386503065,0.6735751295336767,-2.459839357429705,2.2068965517241246,-17.483296213808465,6.613557467871822,31.206136989222944,7.585093148335319,0.06404049840613357,0.2715994652604339,-1.0,-1.8369701987210297e-16,0,0,1,0,0.3731343283582156,0.4847499237691677,-0.4528447444551498,0.1538846099767177,0.4558428634689138,0.005472761612218546,0.10682058413855518,0.2626139536318739
2020-10-01,259.997,258.352,256.032,257.155,0.09,0.09,0.05,1.83,39.63428571428571,40.710454545454546,16.547619047619047,53.96304347826087,7.8,10.2,14.8,3.6,95.9669,95.0256,84.5619,101.4281,18602.5,18335.4,17065.3,15184.1,208195.0,203716.0,156632.0,198576.0,73.1451,72.2103,64.0847,76.9099,0.68,0.62,0.66,1.71,195.5,193.0,185.5,198.6,80.4,72.5,71.8,95.5,1921.92,1846.51,1683.17,1494.81,259.22166666666664,257.7568333333333,258.0548333333333,0.09333333333333362,0.07666666666666667,0.7641666666666667,40.89459595959596,34.350196608946604,42.849936969812546,8.799999999999999,10.9,7.308333333333334,95.64913333333334,91.51051666666666,96.16198333333334,18449.7,18088.600000000002,16776.058333333334,205526.0,193631.16666666666,194855.0,72.79153333333333,69.52808333333333,72.954675,0.6499999999999995,0.6683333333333333,1.1266666666666667,194.26666666666668,191.35000000000002,194.48333333333335,75.66666666666667,74.86666666666666,85.89166666666665,1912.3533333333335,1811.3933333333332,1671.8991666666664,-10.000000000000009,-95.58823529411765,-6.38833903185173,-30.401450973210686,-7.142857142857151,122.85714285714286,0.0125058751559326,-6.183101854793705,1.0390414530285774,23.629294876055027,1.7237756941763882,4.828680043302036,0.17242040449634288,-5.7657448740989885,4.615384615384621,-60.0,0.6176016469377155,-1.4616935483870996,8.502024291498,-13.733905579399142,-2.372716051264079,27.23060016682335,7.561079965354911,-0.024013182980407777,0.24083100333548568,-0.8660254037844386,0.5000000000000001,0,0,0,1,0.2626139536318739,0.5096443382793581,-0.7920147553434065,0.2827282299262768,0.38179754008981587,0.12471587796005583,0.11588136277648486,0.1238475828567287
2020-11-01,260.319,259.316,255.802,257.879,0.09,0.1,0.05,1.55,39.39590909090909,42.33904761904762,28.5625,57.048947368421054,6.9,8.4,13.2,3.6,96.7394,95.9549,85.9604,101.9372,18757.6,18411.2,17932.9,15296.0,207097.0,204667.0,187039.0,199402.0,73.8636,73.0192,65.1874,77.252,0.79,0.65,0.67,1.81,196.5,194.3,188.6,199.0,81.8,74.1,72.3,96.8,1900.27,1968.63,1715.91,1470.79,259.87733333333335,258.47133333333335,258.3185,0.09333333333333364,0.08333333333333333,0.6191666666666668,40.45641414141414,38.15824494949495,41.63600910419989,7.699999999999999,9.583333333333334,7.583333333333333,96.2204,93.5401,95.77125833333334,18590.433333333334,18370.649999999998,17073.850000000002,206653.0,202042.0,195565.08333333334,73.34263333333332,71.1579,72.70081666666667,0.7066666666666661,0.6900000000000001,1.05,195.43333333333337,193.18333333333337,194.3083333333333,78.76666666666667,76.53333333333333,84.74999999999999,1930.2733333333335,1847.5766666666666,1705.6875,0.0,-95.08196721311475,-0.6014404424871334,-26.994649390411386,-11.538461538461531,91.66666666666667,0.8049650452395696,-4.622683457542831,0.8337589033732051,23.53448673283236,-0.5273901870842201,4.291052292321318,0.9822940976224048,-3.960868496773484,16.176470588235283,-53.80116959064327,0.5115089514066584,-1.0574018126888185,1.741293532338295,-14.345549738219898,-1.1264776889776895,27.124517497207012,7.549751260321694,-0.011328705033217368,0.23999687287456695,-0.5000000000000004,0.8660254037844384,0,0,0,1,0.1238475828567287,0.3731343283582156,-0.08983252093487382,0.281542260504386,0.2531986216156061,0.27735960099341167,0.10264130885402252,0.2274132890799363
2020-12-01,260.911,259.997,257.042,258.63,0.09,0.09,0.08,1.55,40.93736842105263,39.63428571428571,38.307272727272725,59.81666666666667,6.7,7.8,11.0,3.6,97.0816,95.9669,91.5934,101.7003,18997.0,18602.5,18184.3,15347.5,204645.0,208195.0,201538.0,199461.0,74.2637,73.1451,69.5218,77.0416,0.87,0.68,0.73,1.86,198.3,195.5,191.2,199.0,76.9,80.4,78.1,99.3,1866.3,1921.92,1732.22,1479.13,260.409,259.32283333333334,258.57116666666667,0.09,0.08999999999999998,0.4975,39.98918774208248,40.22072301967039,40.293377525252524,7.133333333333333,8.5,7.841666666666668,96.59596666666665,95.39363333333331,95.366625,18785.7,18548.0,17382.266666666666,206645.66666666666,204976.33333333334,196002.0,73.75746666666667,72.67061666666666,72.45179166666667,0.7799999999999995,0.7233333333333333,0.9716666666666667,196.76666666666665,194.79999999999998,194.25,79.7,77.3,83.09166666666667,1896.1633333333332,1872.6416666666664,1738.6466666666668,0.0,-94.19354838709677,3.9127395856927816,-28.24167612299687,-2.898550724637683,86.11111111111111,0.3537338457753503,-4.763324870606622,1.2762826800870153,24.195868200836813,-1.1839862479900765,2.6293617917573453,0.5416741128241753,-3.8682493657122063,10.126582278481,-51.93370165745856,0.9160305343511421,-0.35175879396984744,-5.990220048899742,-20.55785123966941,-1.7876407036894748,26.890990556095694,7.531713140189083,-0.018038120132610302,0.238158189806021,-2.4492935982947064e-16,1.0,0,0,0,1,0.2274132890799363,0.2626139536318739,0.4847499237691677,0.29122185210892493,0.20462494185617963,0.3302339026625467,0.09813056123531838,0.4346309661148906
2021-01-01,262.045,260.319,258.352,259.127,0.09,0.09,0.09,1.55,47.025,39.39590909090909,40.710454545454546,57.519047619047626,6.7,6.9,10.2,3.6,98.363,96.7394,95.0256,101.0338,19115.7,18757.6,18335.4,15427.1,205517.0,207097.0,203716.0,198790.0,75.3903,73.8636,72.2103,76.519,0.93,0.79,0.62,1.76,200.5,196.5,193.0,199.3,80.7,81.8,72.5,99.8,1858.42,1900.27,1846.51,1560.67,261.0916666666667,260.1566666666667,258.85575,0.09,0.09166666666666667,0.3758333333333333,42.45275917065391,41.67367756512493,39.2274053030303,6.766666666666666,7.783333333333334,8.1,97.39466666666665,96.5219,95.08851666666668,18956.766666666666,18703.233333333334,17696.283333333333,205753.0,205639.5,196506.66666666666,74.50586666666668,73.6487,72.31418333333333,0.8633333333333327,0.7566666666666667,0.8941666666666667,198.4333333333333,196.35,194.375,79.8,77.73333333333333,81.54166666666667,1874.9966666666667,1893.675,1770.2541666666666,0.0,-94.19354838709677,14.870598218073816,-21.384786848704383,0.0,86.11111111111111,1.319920561671828,-3.28150457766595,0.624835500342158,24.552532985828314,0.42610374062401757,3.0361825118694785,1.5170264880419282,-2.143387468588409,6.896551724137945,-50.0,1.1094301563287834,0.7537688442211143,4.941482444733425,-18.731117824773413,-0.4222257943524599,25.642776496994845,7.52748194334405,-0.00423119684503348,0.22827258726812794,0.49999999999999994,0.8660254037844387,1,0,0,0,0.4346309661148906,0.1238475828567287,0.5096443382793581,0.19216641534238743,0.2619639460171852,0.3218807430535005,0.11008132073581552,0.24499608845809373
2021-02-01,262.687,260.911,259.316,259.25,0.09,0.09,0.1,1.58,52.008421052631576,40.93736842105263,42.33904761904762,50.54263157894737,6.4,6.7,8.4,3.5,98.8822,97.0816,95.9549,101.3735,19379.0,18997.0,18411.2,15493.4,212888.0,204645.0,204667.0,198777.0,75.9401,74.2637,73.0192,76.7764,1.08,0.87,0.65,1.5,204.8,198.3,194.3,196.7,79.0,76.9,74.1,101.0,1866.98,1866.3,1968.63,1597.1,261.88100000000003,260.87916666666666,259.1524166666666,0.09,0.09166666666666666,0.2541666666666667,46.65692982456141,43.55667198298777,38.76818642249563,6.6000000000000005,7.1499999999999995,8.333333333333334,98.10893333333333,97.16466666666666,94.90921666666668,19163.9,18877.166666666668,18025.608333333334,207683.33333333334,207168.16666666666,197681.5,75.19803333333333,74.27033333333334,72.26594166666668,0.9599999999999994,0.8333333333333334,0.8375,201.20000000000002,198.3166666666667,194.83333333333334,78.86666666666667,78.81666666666666,79.80833333333332,1863.9000000000003,1897.0866666666668,1795.78,0.0,-94.19354838709677,10.597386608466941,-9.580524703596083,-4.477611940298509,77.77777777777779,0.5278407531287055,-2.1295843569181794,1.377401821539359,25.61660973222446,3.586564615092658,7.091906031490525,0.7292715375850856,-0.7565441262954331,16.129032258064523,-38.63636363636363,2.14463840399004,2.759658805820364,-2.106567534076831,-20.841683366733466,0.4606063214989131,19.626826939711783,7.532077431111555,0.004595487767504736,0.17920693589170433,0.8660254037844386,0.5000000000000001,1,0,0,0,0.24499608845809373,0.2274132890799363,0.3731343283582156,0.04746707213065804,0.3023467812176402,0.27777270141662314,0.11448379349545772,0.33956762230333837
2021-03-01,263.579,262.045,259.997,258.076,0.08,0.09,0.09,0.65,59.04631578947369,47.025,39.63428571428571,29.207727272727276,6.2,6.7,7.8,4.4,95.6149,98.363,95.9669,97.4078,19641.8,19115.7,18602.5,16033.0,206728.0,205517.0,208195.0,181467.0,73.5725,75.3903,73.1451,73.7887,1.26,0.93,0.68,0.87,210.6,200.5,195.5,193.1,76.8,80.7,80.4,89.1,1808.17,1858.42,1921.92,1591.93,262.7703333333333,261.5896666666667,259.5131666666667,0.08666666666666696,0.08833333333333333,0.12916666666666668,52.693245614035085,46.34121667805878,39.47682677337283,6.433333333333333,6.783333333333334,8.558333333333334,97.62003333333332,97.108,94.42933333333333,19378.833333333332,19082.266666666666,18371.308333333334,208377.66666666666,207511.66666666666,198344.08333333334,74.96763333333334,74.36255,71.99895,1.0899999999999994,0.9349999999999999,0.8175,205.30000000000004,201.03333333333333,195.99166666666665,78.83333333333333,79.26666666666667,77.79166666666667,1844.5233333333333,1870.3433333333335,1813.3691666666666,-11.111111111111105,-94.9367088607595,13.53222150259068,16.8247753329654,-3.125,77.14285714285715,-3.3042347358776314,-5.680577271180343,1.3561071262707003,26.775272051325082,-2.893540265303818,3.999959753895066,-3.117720413852487,-4.173027128127904,16.66666666666665,-16.000000000000004,2.83203125,7.066598881545505,-2.784810126582282,-23.96039603960396,-3.1500069631169025,13.21582868949973,7.500070563080576,-0.03200686803097863,0.12412579941831225,1.0,6.123233995736766e-17,1,0,0,0,0.33956762230333837,0.4346309661148906,0.2626139536318739,-0.4528447444551498,0.3397315589587742,0.27217825040747695,0.13882550600984775,0.524320981565296
2021-04-01,264.961,262.687,260.319,256.032,0.07,0.09,0.09,0.05,62.33304347826088,52.008421052631576,39.39590909090909,16.547619047619047,6.1,6.4,6.9,14.8,98.3856,98.8822,96.7394,84.5619,19873.2,19379.0,18757.6,17065.3,227800.0,212888.0,207097.0,156632.0,75.8472,75.9401,73.8636,64.0847,1.61,1.08,0.79,0.66,215.0,204.8,196.5,185.5,84.9,79.0,81.8,71.8,1718.23,1866.98,1900.27,1683.17,263.74233333333336,262.41700000000003,260.08691666666664,0.0800000000000003,0.085,0.08083333333333333,57.795926773455385,50.12434297205465,42.237269790500626,6.233333333333333,6.5,8.7,97.62756666666667,97.51111666666667,94.51081666666666,19631.333333333336,19294.05,18691.325,215805.33333333334,210779.16666666666,202205.16666666666,75.11993333333334,74.8129,72.17049166666666,1.3166666666666662,1.09,0.8791666666666665,210.13333333333335,204.28333333333333,197.8166666666667,80.23333333333333,80.01666666666667,77.44166666666668,1797.7933333333333,1836.3950000000002,1823.8941666666667,-12.49999999999999,-89.23076923076923,5.5663552329087596,113.41285097681796,-1.6129032258064613,38.636363636363626,2.8977701174189185,1.0038210492383515,1.1780997668238147,23.95184931079648,10.19310398204405,25.532465957997875,3.09178021679295,2.789722545593021,27.77777777777779,85.05747126436782,2.089268755935425,11.341273951320563,10.546875000000021,-4.713804713804704,-4.974089825624805,7.933765931919123,7.449049970184227,-0.05102059289634919,0.07634757459584662,0.8660254037844387,-0.49999999999999983,0,1,0,0,0.524320981565296,0.24499608845809373,0.1238475828567287,-0.7920147553434065,0.36962823077557605,0.3157960883963806,0.22025598317821823,0.6238653990587206
2021-05-01,266.614,263.579,260.911,255.802,0.07,0.08,0.09,0.05,61.71666666666666,59.04631578947369,40.93736842105263,28.5625,6.1,6.2,6.7,13.2,98.5587,95.6149,97.0816,85.9604,20176.9,19641.8,18997.0,17932.9,228405.0,206728.0,204645.0,187039.0,76.1216,73.5725,74.2637,65.1874,1.64,1.26,0.87,0.67,217.9,210.6,198.3,188.6,88.3,76.8,76.9,72.3,1760.04,1808.17,1866.3,1715.91,265.05133333333333,263.46616666666665,260.96875,0.07333333333333364,0.08166666666666667,0.0825,61.03200864480041,53.84446923468091,46.00135709208792,6.133333333333333,6.366666666666667,7.9750000000000005,97.51973333333332,97.81433333333332,95.67721666666667,19897.3,19530.600000000002,18950.625,220977.66666666666,214330.5,208186.25,75.18043333333333,75.18923333333333,73.17356666666667,1.5033333333333327,1.2316666666666667,0.9608333333333334,214.5,207.85000000000002,200.51666666666665,83.33333333333333,81.10000000000001,78.81666666666666,1762.1466666666668,1813.0233333333333,1830.3,0.0,40.000000000000014,-0.9888444029035548,272.9640287769784,0.0,-58.7837837837838,0.17594038151924618,16.55213518144698,1.5281887164623642,18.233491353799835,0.2655838454785009,45.82269268093366,0.36177999978905806,18.782798390255408,1.8633540372670732,148.48484848484844,1.3488372093023226,17.466307277628033,4.004711425206109,22.980501392757667,2.433318007484453,4.566977785963378,7.473091815046664,0.024041844862437323,0.04465761585602479,0.49999999999999994,-0.8660254037844387,0,1,0,0,0.6238653990587206,0.33956762230333837,0.2274132890799363,-0.08983252093487382,0.49591800097578503,0.3991323910967126,0.3382459960450621,0.6635060424433847
2021-06-01,268.383,264.961,262.045,257.042,0.06,0.07,0.09,0.08,65.1695,62.33304347826088,47.025,38.307272727272725,5.8,6.1,6.7,11.0,99.4333,98.3856,98.363,91.5934,20460.4,19873.2,19115.7,18184.3,225529.0,227800.0,205517.0,201538.0,76.931,75.8472,75.3903,69.5218,1.62,1.61,0.93,0.73,224.9,215.0,200.5,191.2,82.9,84.9,80.7,78.1,1850.26,1718.23,1858.42,1732.22,266.6526666666667,264.71149999999994,262.0171666666667,0.06666666666666697,0.07666666666666666,0.08333333333333333,63.073070048309184,57.88315783117213,49.051940425421265,5.999999999999999,6.216666666666666,7.358333333333333,98.79253333333334,98.20628333333333,96.79995833333332,20170.166666666668,19774.500000000004,19161.25,227244.66666666666,217811.16666666666,211393.75,76.29993333333333,75.63378333333334,74.1522,1.6233333333333329,1.3566666666666667,1.04,219.26666666666665,212.28333333333333,203.54166666666666,85.36666666666667,82.10000000000001,79.7,1776.176666666667,1810.3500000000001,1841.4958333333334,-14.285714285714302,19.999999999999996,5.594652984066983,128.16455142231948,-4.91803278688524,-56.060606060606055,0.8873899513690775,15.673379835366053,1.405072136948693,14.094206737337522,-1.2591668308487125,20.57859590780533,1.0632987220447143,18.015137894746537,-1.2195121951219412,141.79104477611938,3.2124827902707764,19.24708377518558,-6.11551528878821,14.661134163208867,5.126019863184927,7.829664726005436,7.523081448738014,0.04998963369135012,0.07538261761797482,1.2246467991473532e-16,-1.0,0,1,0,0,0.6635060424433847,0.524320981565296,0.4346309661148906,0.4847499237691677,0.6038974743558004,0.47181451665728735,0.40102420965991703,0.8461787818155431
2021-07-01,270.654,266.614,262.687,258.352,0.08,0.07,0.09,0.09,71.37818181818182,61.71666666666666,52.008421052631576,40.710454545454546,5.9,6.1,6.4,10.2,99.7987,98.5587,98.8822,95.0256,20477.8,20176.9,19379.0,18335.4,226100.0,228405.0,212888.0,203716.0,77.3367,76.1216,75.9401,72.2103,1.52,1.64,1.08,0.62,228.9,217.9,204.8,193.0,85.5,88.3,79.0,72.5,1834.57,1760.04,1866.98,1846.51,268.5503333333333,266.14633333333336,263.1515,0.0700000000000003,0.075,0.08333333333333333,66.08811616161616,61.94202146753577,51.80784951633035,5.933333333333333,6.083333333333333,6.933333333333334,99.26356666666668,98.44556666666666,97.48373333333332,20371.7,20001.516666666666,19352.375,226678.0,221241.66666666666,213440.58333333334,76.79643333333333,75.95818333333334,74.80344166666667,1.5933333333333326,1.455,1.1058333333333334,223.9,217.01666666666668,206.68333333333337,85.56666666666666,82.89999999999999,80.31666666666666,1814.9566666666667,1806.375,1850.0249999999999,33.33333333333335,0.0,9.526974763013097,86.33062793677915,1.7241379310344973,-46.36363636363636,0.3674825234604384,8.958396565691418,0.08504232566322045,12.61252838987479,0.2531825175476232,12.18727981819805,0.5273556823647052,11.240934498243703,-6.172839506172845,108.21917808219177,1.7785682525566893,19.717573221757334,3.1363088057901,9.47503201024329,-0.8479889312853373,5.908602833358345,7.51456540060347,-0.00851604813454454,0.05740629876232628,-0.4999999999999998,-0.8660254037844388,0,0,1,0,0.8461787818155431,0.6238653990587206,0.24499608845809373,0.5096443382793581,0.7111834077725495,0.5404058192740627,0.43114328116378164,0.4614747980816958
2021-08-01,271.903,268.383,263.579,259.316,0.1,0.06,0.08,0.1,72.4852380952381,65.1695,59.04631578947369,42.33904761904762,5.4,5.8,6.2,8.4,100.2519,99.4333,95.6149,95.9549,20633.3,20460.4,19641.8,18411.2,221335.0,225529.0,206728.0,204667.0,77.7972,76.931,73.5725,73.0192,1.32,1.62,1.26,0.65,231.85,224.9,210.6,194.3,81.2,82.9,76.8,74.1,1807.84,1850.26,1808.17,1968.63,270.31333333333333,267.68233333333336,264.28075,0.0800000000000003,0.07666666666666667,0.08416666666666667,69.67763997113997,65.35482430797019,54.455748145478985,5.699999999999999,5.916666666666667,6.533333333333332,99.82796666666667,98.67385,97.91925833333333,20523.833333333336,20210.566666666666,19543.866666666665,224321.33333333334,222649.5,214908.83333333334,77.35496666666666,76.2677,75.26901666666667,1.4866666666666661,1.495,1.1641666666666668,228.55000000000004,221.52499999999998,209.92083333333335,83.2,83.26666666666667,81.04166666666667,1830.89,1796.5183333333332,1846.8025,25.0,11.111111111111116,1.5509729287812801,78.0506724981564,-8.47457627118644,-47.058823529411754,0.4541141317472075,5.4998863464161385,0.7593589155085123,12.532587235620696,-2.107474568774881,8.648805199395238,0.5954482154009844,7.736984889967213,-13.157894736842103,112.90322580645164,1.2887723896898073,20.129533678756474,-5.029239766081872,12.00000000000001,-1.4570171756869477,-2.094220989867379,7.499888041460936,-0.01467735914253332,-0.021164608468248858,-0.8660254037844384,-0.5000000000000004,0,0,1,0,0.4614747980816958,0.6635060424433847,0.33956762230333837,0.3731343283582156,0.6570532074468746,0.5764856042113298,0.42712915281397645,0.2842925602144719
2021-09-01,272.676,270.654,264.961,259.997,0.09,0.08,0.07,0.09,67.73045454545455,71.37818181818182,62.33304347826088,39.63428571428571,5.1,5.9,6.1,7.8,100.0437,99.7987,98.3856,95.9669,20840.9,20477.8,19873.2,18602.5,222071.0,226100.0,227800.0,208195.0,77.7308,77.3367,75.8472,73.1451,1.28,1.52,1.61,0.68,233.415,228.9,215.0,195.5,70.3,85.5,84.9,80.4,1785.28,1834.57,1718.23,1921.92,271.7443333333333,269.1985,265.3940833333333,0.0900000000000003,0.07833333333333332,0.08333333333333333,70.5312914862915,66.80218076730033,56.571698722679564,5.466666666666666,5.733333333333333,6.258333333333334,100.03143333333333,99.41198333333334,98.25999166666668,20650.666666666668,20410.416666666668,19746.341666666667,223168.66666666666,225206.66666666666,216359.16666666666,77.62156666666667,76.96075,75.66165,1.3733333333333329,1.4983333333333333,1.2166666666666666,231.38833333333332,225.3275,213.18041666666667,79.0,82.18333333333334,80.72500000000001,1809.2300000000002,1792.7033333333331,1831.5233333333333,-10.000000000000009,-10.000000000000009,-6.559657765814686,59.97160624601241,-5.55555555555557,-39.28571428571429,-0.2076768619846625,4.261168528131454,1.0061405591931694,13.196858433996695,0.33252761650890417,8.503569212427987,-0.08535011542831761,6.452549466441715,-3.0303030303030276,96.9230769230769,0.6750053914168719,20.131240349974266,-13.423645320197053,-5.128205128205121,-1.2478980440746912,-9.31358355810894,7.487330544657164,-0.012557496803772494,-0.09776260367815492,-1.0,-1.8369701987210297e-16,0,0,1,0,0.2842925602144719,0.8461787818155431,0.524320981565296,0.2626139536318739,0.5306487133705703,0.5672730938631854,0.41972567213533124,0.4525517463950024
2021-10-01,273.91,271.903,266.614,260.319,0.08,0.1,0.07,0.09,71.64619047619047,72.4852380952381,61.71666666666666,39.39590909090909,4.7,5.4,6.1,6.9,98.8579,100.2519,98.5587,96.7394,20981.0,20633.3,20176.9,18757.6,222581.0,221335.0,228405.0,207097.0,76.8871,77.7972,76.1216,73.8636,1.37,1.32,1.64,0.79,235.678,231.85,217.9,196.5,72.8,81.2,88.3,81.8,1775.14,1807.84,1760.04,1900.27,272.8296666666667,270.69,266.55350000000004,0.0900000000000003,0.08,0.0825,70.62062770562771,68.35437193362192,59.239357452838284,5.066666666666666,5.5,6.0,99.71783333333333,99.4907,98.50090833333333,20818.4,20595.05,19944.55,221995.66666666666,224336.83333333334,217558.0,77.47170000000001,77.13406666666667,75.97348333333333,1.3233333333333328,1.4583333333333333,1.2741666666666667,233.64766666666665,228.77383333333333,216.52858333333333,74.76666666666667,80.16666666666667,80.09166666666667,1789.42,1802.1883333333333,1819.2916666666667,-11.111111111111105,-11.111111111111105,5.781351914755017,80.76821414840447,-7.843137254901955,-39.74358974358974,-1.1852820317521218,3.0124970172007215,0.6722358439414711,12.785915871522647,0.2296562810992775,6.909868152453225,-1.0854127321473617,5.115858751987501,7.03125,101.47058823529412,0.9695178116230663,20.551406649616368,3.5561877667140918,-9.452736318407972,-0.5679781322817656,-7.63715451215451,7.481634572038622,-0.005695972618541489,-0.07944539331628864,-0.8660254037844386,0.5000000000000001,0,0,0,1,0.4525517463950024,0.4614747980816958,0.6238653990587206,0.1238475828567287,0.3994397015637234,0.5553115546681364,0.4355538215322586,0.9638202329232071
2021-11-01,276.55,272.676,268.383,260.911,0.08,0.09,0.06,0.09,81.47666666666666,67.73045454545455,65.1695,40.93736842105263,4.5,5.1,5.8,6.7,100.1861,100.0437,99.4333,97.0816,21160.6,20840.9,20460.4,18997.0,223675.0,222071.0,225529.0,204645.0,77.9838,77.7308,76.931,74.2637,1.58,1.28,1.62,0.87,240.465,233.415,224.9,198.3,71.7,70.3,82.9,76.9,1776.85,1785.28,1850.26,1866.3,274.3786666666667,272.346,267.90608333333336,0.08333333333333363,0.08166666666666668,0.08166666666666667,73.61777056277056,71.64770526695527,62.746087250818086,4.766666666666666,5.233333333333333,5.8,99.69590000000001,99.76193333333333,98.78813333333333,20994.166666666668,20759.0,20144.8,222775.66666666666,223548.5,218939.5,77.5339,77.44443333333334,76.31683333333334,1.4099999999999995,1.4483333333333333,1.34,236.51933333333332,232.53466666666665,220.19233333333332,71.60000000000001,77.4,79.25,1779.0900000000001,1804.99,1809.006666666667,0.0,-11.111111111111105,13.72086376838566,106.8150438631914,-4.255319148936176,-34.78260869565217,1.3435446231408799,3.5628709708763973,0.8560125828130039,12.810807352753017,0.4915064628157939,8.004944542895354,1.4263771165774264,5.578119669228143,15.328467153284663,100.0,2.0311611605665414,22.37404580152671,-1.5109890109890056,-12.347188264058673,0.09633043027590382,-6.494866518968356,7.482597412661544,0.0009628406229218456,-0.06715384766014942,-0.5000000000000004,0.8660254037844384,0,0,0,1,0.9638202329232071,0.2842925602144719,0.6635060424433847,0.2274132890799363,0.5668881798442271,0.6119706936455508,0.5055515423711316,0.8566262881938069
2021-12-01,278.919,273.91,270.654,262.045,0.08,0.08,0.08,0.09,79.14750000000001,71.64619047619047,71.37818181818182,47.025,4.1,4.7,5.9,6.7,100.8654,98.8579,99.7987,98.363,21335.5,20981.0,20477.8,19115.7,224034.0,222581.0,226100.0,205517.0,78.562,76.8871,77.3367,75.3903,1.56,1.37,1.52,0.93,243.287,235.678,228.9,200.5,67.4,72.8,85.5,80.7,1821.76,1775.14,1834.57,1858.42,276.4596666666667,274.10200000000003,269.40675000000005,0.08,0.085,0.08083333333333333,77.42345238095238,73.97737193362194,65.93026488239703,4.433333333333333,4.95,5.583333333333333,99.9698,100.00061666666666,99.10345,21159.033333333336,20904.85,20339.675,223430.0,223299.33333333334,220555.25,77.81096666666667,77.71626666666667,76.675025,1.5033333333333327,1.4383333333333335,1.3975,239.81000000000003,235.59916666666666,223.94125,70.63333333333333,74.81666666666666,78.45833333333333,1791.25,1800.24,1805.2949999999998,0.0,-11.111111111111105,-2.8586916499611204,93.33802599606588,-8.888888888888902,-38.805970149253746,0.678038170963835,3.897545981936834,0.8265361095621149,12.309838395536143,0.16050072650051206,9.474455764861101,0.7414360418445787,5.787888295358301,-1.2658227848101222,79.3103448275862,1.173559561682569,22.686333837619756,-5.997210599721059,-12.353706111833551,2.527506542476865,-2.386540213256172,7.507558345762717,0.024960933101172422,-0.0241547944263667,-2.4492935982947064e-16,1.0,0,0,0,1,0.8566262881938069,0.4525517463950024,0.8461787818155431,0.4346309661148906,0.7576660891706721,0.6441574012706212,0.5579859589639543,0.6905230550805275
2022-01-01,280.845,276.55,271.903,262.687,0.08,0.08,0.1,0.09,71.71181818181819,81.47666666666666,72.4852380952381,52.008421052631576,3.9,4.5,5.4,6.4,100.5726,100.1861,100.2519,98.8822,21498.5,21160.6,20633.3,19379.0,220740.0,223675.0,221335.0,212888.0,78.3687,77.9838,77.7972,75.9401,1.47,1.58,1.32,1.08,241.338,240.465,231.85,204.8,70.6,71.7,81.2,79.0,1790.43,1776.85,1807.84,1866.98,278.77133333333336,275.8005,270.97341666666665,0.08,0.085,0.08,77.44532828282829,74.03297799422799,67.98749973088188,4.166666666666666,4.616666666666666,5.3500000000000005,100.54136666666666,100.1296,99.28758333333333,21331.533333333336,21074.966666666664,20538.241666666665,222816.33333333334,222406.0,221823.83333333334,78.30483333333333,77.88826666666667,76.923225,1.5366666666666662,1.43,1.4425,241.6966666666667,237.67216666666664,227.34441666666666,69.89999999999999,72.33333333333333,77.61666666666667,1796.3466666666666,1792.8833333333332,1799.6291666666666,0.0,-11.111111111111105,-9.394714701262608,52.497221013967454,-4.8780487804877986,-41.7910447761194,-0.2902878489551397,2.2463731281071153,0.7639849077827998,12.465146450300013,-1.4703125418463303,7.407173129230182,-0.24604770754307337,3.950640864938859,-5.769230769230771,58.06451612903225,-0.8011114445079293,20.36807980049875,4.7477744807121525,-12.515489467162343,-1.7197655014930535,-3.6584840886344283,7.490211093449451,-0.017347252313265393,-0.03727084989459861,0.49999999999999994,0.8660254037844387,1,0,0,0,0.6905230550805275,0.9638202329232071,0.4614747980816958,0.24499608845809373,0.8369898587325139,0.6182147801481186,0.5793102997110906,0.6046039630400957
2022-02-01,282.543,278.919,272.676,263.579,0.08,0.08,0.09,0.08,83.22200000000001,79.14750000000001,67.73045454545455,59.04631578947369,4.0,4.1,5.1,6.2,100.1856,100.8654,100.0437,95.6149,21650.1,21335.5,20840.9,19641.8,223509.0,224034.0,222071.0,206728.0,78.088,78.562,77.7308,73.5725,1.76,1.56,1.28,1.26,246.453,243.287,233.415,210.6,67.2,67.4,70.3,76.8,1816.02,1821.76,1785.28,1808.17,280.769,277.57383333333337,272.62808333333334,0.08,0.08166666666666667,0.07916666666666668,78.02710606060607,75.82243831168832,70.58863130982924,3.9999999999999996,4.383333333333333,5.15,100.5412,100.11854999999998,99.39619999999998,21494.7,21244.433333333334,20727.5,222761.0,222768.33333333334,222708.91666666666,78.33956666666667,77.93673333333334,77.10221666666666,1.596666666666666,1.5033333333333332,1.4991666666666668,243.69266666666667,240.106,230.81550000000001,68.4,70.0,76.63333333333334,1809.4033333333334,1794.246666666667,1795.3825,0.0,-11.111111111111105,16.050606594576777,60.01639410621764,2.564102564102577,-37.5,-0.3847966543571557,1.3181341030033655,0.7051654766611515,11.719386965271683,1.2544169611307332,4.989008304836351,-0.3581787116540225,2.8284134469140687,19.727891156462583,62.962962962962955,2.1194341545881734,20.338378906249986,-4.815864022662875,-14.936708860759495,1.4292655954156297,-2.7295418269076333,7.504402572316453,0.01419147886700145,-0.027674858795101898,0.8660254037844386,0.5000000000000001,1,0,0,0,0.6046039630400957,0.8566262881938069,0.2842925602144719,0.33956762230333837,0.71725110210481,0.6420696409745186,0.6092776225929243,0.6926379347568234
2022-03-01,284.5,280.845,273.91,264.961,0.08,0.08,0.08,0.07,91.64105263157894,71.71181818181819,71.64619047619047,62.33304347826088,3.9,3.9,4.7,6.1,100.8064,100.5726,98.8579,98.3856,21725.2,21498.5,20981.0,19873.2,224289.0,220740.0,222581.0,227800.0,78.5777,78.3687,76.8871,75.8472,1.93,1.47,1.37,1.61,252.66,241.338,235.678,215.0,62.8,70.6,72.8,84.9,1856.3,1790.43,1775.14,1718.23,282.6293333333333,279.5445,274.3715,0.08,0.08,0.07916666666666666,82.1916236044657,79.80753799270904,73.30485938000469,3.9333333333333322,4.183333333333334,4.958333333333333,100.52153333333332,100.24566666666665,99.828825,21624.600000000002,21391.816666666666,20901.11666666667,222846.0,223138.0,224172.33333333334,78.3448,78.07788333333333,77.51931666666667,1.7199999999999995,1.6116666666666666,1.555,246.817,243.3135,234.32049999999995,66.86666666666667,68.75,75.46666666666665,1820.9166666666667,1806.0833333333333,1799.3933333333332,0.0,0.0,10.116378639757428,55.20198238670802,-2.500000000000002,-37.096774193548384,0.6196499297304259,5.429593086433182,0.34688061487015975,10.606970847885645,0.3489792357354693,8.494737045779965,0.6271130007171388,6.803085391960284,9.659090909090896,53.17460317460316,2.5185329454297634,19.97150997150998,-6.547619047619058,-18.229166666666664,2.218037246285842,2.66180724157572,7.526340538215178,0.021937965898724876,0.02626997513460161,1.0,6.123233995736766e-17,1,0,0,0,0.6926379347568234,0.6905230550805275,0.4525517463950024,0.524320981565296,0.6625883176258155,0.7101272033982439,0.6387001486307146,1.115641476274165
2022-04-01,287.674,282.543,276.55,266.614,0.2,0.08,0.08,0.07,108.50260869565216,83.22200000000001,81.47666666666666,61.71666666666666,3.7,4.0,4.5,6.1,101.3907,100.1856,100.1861,98.5587,21787.2,21650.1,21160.6,20176.9,226307.0,223509.0,223675.0,228405.0,79.0253,78.088,77.9838,76.1216,2.13,1.76,1.58,1.64,260.014,246.453,240.465,217.9,59.4,67.2,71.7,88.3,1947.83,1816.02,1776.85,1760.04,284.9056666666666,281.8385,276.26425,0.12000000000000029,0.10000000000000002,0.09000000000000001,94.45522044241038,85.95027436261933,77.15232314812063,3.866666666666666,4.016666666666667,4.758333333333333,100.79423333333334,100.6678,100.07925,21720.833333333336,21526.18333333333,21060.616666666665,224701.66666666666,223759.0,224047.91666666666,78.56366666666666,78.43425,77.78415833333334,1.9399999999999995,1.7383333333333333,1.5983333333333334,253.04233333333332,247.36950000000002,238.07166666666663,63.133333333333326,66.51666666666667,73.34166666666667,1873.3833333333332,1834.865,1818.5266666666666,150.0,185.71428571428572,18.399566111337773,74.06916563201868,-5.128205128205121,-39.344262295081954,0.5796258967684542,3.0544104015221674,0.28538287334523016,9.631060926272571,0.8997320421420651,-0.6553994732221291,0.5696272606604769,4.1901349028045765,10.362694300518127,32.29813664596273,2.9106308873585007,20.936744186046518,-5.414012738853502,-30.03533568904594,4.930776275386517,13.362588244879902,7.57447121140048,0.04813067318530262,0.12542124121625342,0.8660254037844387,-0.49999999999999983,0,1,0,0,1.115641476274165,0.6046039630400957,0.9638202329232071,0.6238653990587206,0.8042944580236947,0.8206421583781043,0.6879768565231204,0.30833512934780316
2022-05-01,288.561,284.5,278.919,268.383,0.33,0.08,0.08,0.06,101.7775,91.64105263157894,79.14750000000001,65.1695,3.7,3.9,4.1,5.8,101.44,100.8064,100.8654,99.4333,21769.4,21725.2,21335.5,20460.4,228788.0,224289.0,224034.0,225529.0,79.0418,78.5777,78.562,76.931,2.75,1.93,1.56,1.62,265.31,252.66,243.287,224.9,65.2,62.8,67.4,82.9,1936.86,1856.3,1821.76,1850.26,286.9116666666667,283.8403333333333,278.0931666666667,0.20333333333333367,0.1416666666666667,0.11166666666666668,100.64038710907704,89.33374658484155,80.49072592589842,3.7666666666666657,3.8833333333333333,4.558333333333334,101.21236666666665,100.87678333333332,100.31935833333334,21760.600000000002,21627.65,21193.325,226461.33333333334,224611.16666666666,224079.83333333334,78.88159999999999,78.61058333333334,78.02750833333333,2.2699999999999996,1.9333333333333333,1.6908333333333332,259.32800000000003,251.51033333333336,242.0225,62.46666666666667,65.43333333333334,71.41666666666667,1913.6633333333332,1861.5333333333335,1833.2616666666665,64.99999999999999,371.42857142857144,-6.1981078395229705,64.9108830677829,0.0,-39.344262295081954,0.0486237889668395,2.923435475508507,-0.08169934640522847,7.892689164341404,1.0962983911235513,0.167684595345996,0.020879389258876557,3.8362304523289037,29.107981220657276,67.68292682926831,2.036813402355264,21.757687012391003,9.764309764309775,-26.160815402038494,-0.5631908328755597,10.046362582668579,7.568823384078336,-0.005647827322143861,0.09573156903167224,0.49999999999999994,-0.8660254037844387,0,1,0,0,0.30833512934780316,0.6926379347568234,0.8566262881938069,0.6635060424433847,0.7055381801262639,0.711394641115537,0.6616826673805439,0.9484996239963239
2022-06-01,291.298,287.674,280.845,270.654,0.77,0.2,0.08,0.08,109.55238095238094,108.50260869565216,71.71181818181819,71.37818181818182,3.6,3.7,3.9,5.9,101.3335,101.3907,100.5726,99.7987,21719.9,21787.2,21498.5,20477.8,226520.0,226307.0,220740.0,226100.0,78.9224,79.0253,78.3687,77.3367,2.9,2.13,1.47,1.52,273.251,260.014,241.338,228.9,58.4,59.4,70.6,85.5,1848.5,1947.83,1790.43,1834.57,289.17766666666665,285.9035,280.00275,0.4333333333333336,0.25666666666666665,0.1708333333333333,106.6108298826777,94.40122674357171,84.18929933859681,3.666666666666666,3.8000000000000003,4.375,101.38806666666666,100.95479999999999,100.47770833333334,21758.833333333336,21691.716666666667,21298.283333333333,227205.0,225025.5,224162.41666666666,78.9965,78.67065000000001,78.19345833333334,2.5933333333333324,2.1566666666666667,1.7975,266.19166666666666,256.50433333333336,246.05175,61.0,63.93333333333334,69.37499999999999,1911.0633333333333,1865.99,1833.115,133.33333333333334,1183.3333333333335,7.639096020614522,68.10376165596014,-2.7027027027027084,-37.93103448275862,-0.10498817034699792,1.9110298059100916,-0.22738339136586516,6.155793630623063,-0.9913107330804083,0.43941133956164613,-0.15105931292049846,2.5885533790019677,5.454545454545445,79.01234567901231,2.9931024085032565,21.49888839484213,-10.429447852760742,-29.553679131483722,-4.56202306826512,-0.095121766670625,7.522129778376686,-0.04669360570165004,-0.0009516703613279276,1.2246467991473532e-16,-1.0,0,1,0,0,0.9484996239963239,1.115641476274165,0.6905230550805275,0.8461787818155431,0.7908254098727641,0.7267068637492898,0.6854321325099555,1.2561019986405686
2022-07-01,294.957,288.561,282.543,271.903,1.21,0.33,0.08,0.1,114.83714285714284,101.7775,83.22200000000001,72.4852380952381,3.6,3.7,4.0,5.4,101.018,101.44,100.1856,100.2519,21651.5,21769.4,21650.1,20633.3,225834.0,228788.0,223509.0,221335.0,78.6259,79.0418,78.088,77.7972,3.14,2.75,1.76,1.32,280.251,265.31,246.453,231.85,50.0,65.2,67.2,81.2,1836.57,1936.86,1816.02,1807.84,291.6053333333333,288.2555,282.02799999999996,0.7700000000000004,0.445,0.265,108.72234126984127,101.58878085612582,87.8108794251769,3.633333333333333,3.7500000000000004,4.183333333333334,101.26383333333335,101.02903333333335,100.57931666666667,21713.600000000002,21717.216666666667,21396.091666666667,227047.33333333334,225874.5,224140.25,78.86336666666666,78.71351666666668,78.30089166666666,2.9299999999999997,2.435,1.9324999999999999,272.9373333333333,262.98983333333337,250.331,57.86666666666667,60.5,66.41666666666667,1873.9766666666667,1873.68,1833.2816666666668,57.14285714285714,1412.5,4.823958967225939,60.88549740544236,0.0,-38.98305084745763,-0.31134817212471466,1.2217594016755706,-0.3149185769731999,5.731572727539103,-0.3028430160692208,-0.11764705882353343,-0.3756854834622292,1.6669963936915,8.275862068965534,106.57894736842107,2.561747258015523,22.433813892529475,-14.383561643835618,-41.52046783625731,-0.6453881525561256,0.10901737191821859,7.515654980514813,-0.006474797861873327,0.0010895799113432858,-0.4999999999999998,-0.8660254037844388,0,0,1,0,1.2561019986405686,0.30833512934780316,0.6046039630400957,0.4614747980816958,0.8376455839948985,0.8209700210092966,0.7195924005787077,-0.014917428642136077
2022-08-01,294.913,291.298,284.5,272.676,1.68,0.77,0.08,0.09,101.619,109.55238095238094,91.64105263157894,67.73045454545455,3.5,3.6,3.9,5.1,101.223,101.3335,100.8064,100.0437,21652.9,21719.9,21725.2,20840.9,223642.0,226520.0,224289.0,222071.0,78.7204,78.9224,78.5777,77.7308,2.9,2.9,1.93,1.28,272.274,273.251,252.66,233.415,51.5,58.4,62.8,70.3,1732.74,1848.5,1856.3,1785.28,293.72266666666667,290.31716666666665,283.9455,1.2200000000000004,0.7116666666666666,0.39666666666666667,108.66950793650791,104.65494752279248,90.23869291724039,3.5666666666666664,3.6666666666666665,4.025,101.1915,101.20193333333333,100.66024166666666,21674.76666666667,21717.683333333334,21481.058333333334,225332.0,225896.66666666666,224332.5,78.75623333333333,78.81891666666667,78.377825,2.979999999999999,2.625,2.0641666666666665,275.25866666666667,267.29333333333335,253.69966666666667,53.300000000000004,57.88333333333333,63.94166666666666,1805.9366666666667,1859.8,1827.0233333333333,38.84297520661158,1579.9999999999998,-11.510337620978762,40.192682910806134,-2.777777777777779,-35.18518518518518,0.2029341305509913,0.968659945597028,0.006466064706844854,4.941526561432252,-0.9706244409610654,1.0423114283778068,0.12018940323734739,1.1866750988467345,-7.643312101910837,119.69696969696967,-2.846376997762712,17.43541082596507,3.0000000000000027,-36.57635467980296,-5.653473594798997,-4.154128683954328,7.4574592496084495,-0.05819573090636343,-0.042428791852486825,-0.8660254037844384,-0.5000000000000004,0,0,1,0,-0.014917428642136077,0.9484996239963239,0.6926379347568234,0.2842925602144719,0.7298947313315854,0.7177164557289247,0.6798930483517216,0.062391281496565476
2022-09-01,295.097,294.957,287.674,273.91,2.33,1.21,0.2,0.08,93.66521739130437,114.83714285714284,108.50260869565216,71.64619047619047,3.6,3.6,3.7,4.7,101.0963,101.018,101.3907,98.8579,21638.4,21651.5,21787.2,20981.0,224864.0,225834.0,226307.0,222581.0,78.5438,78.6259,79.0253,76.8871,2.9,3.14,2.13,1.37,269.546,280.251,260.014,235.678,58.2,50.0,59.4,72.8,1764.56,1836.57,1947.83,1775.14,294.989,292.0833333333333,285.81391666666667,1.7400000000000002,1.0866666666666667,0.5833333333333334,103.3737867494824,104.99230831608004,92.39992315439456,3.5666666666666664,3.6166666666666667,3.9000000000000004,101.11243333333334,101.25025,100.74795833333332,21647.600000000002,21703.216666666667,21547.516666666666,224780.0,225992.5,224565.25,78.63003333333334,78.81326666666666,78.445575,2.979999999999999,2.7866666666666666,2.1991666666666667,274.02366666666666,270.10766666666666,256.7105833333333,53.23333333333334,57.11666666666667,62.93333333333334,1777.9566666666667,1844.51,1825.2966666666669,38.69047619047621,2488.888888888889,-7.8270624673492435,38.291139517519035,2.857142857142869,-29.411764705882348,-0.12516918091738383,1.0521402147261716,-0.06696562585150057,3.826610175184375,0.5464089929440696,1.2577058688437504,-0.22433829096396574,1.0459174484245715,0.0,126.5625,-1.001931877446982,15.47929653192812,13.00970873786409,-17.211948790896148,1.8363978438773243,-1.1606022584692566,7.475656646504333,0.018197396895883067,-0.011673898152831264,-1.0,-1.8369701987210297e-16,0,0,1,0,0.062391281496565476,1.2561019986405686,1.115641476274165,0.4525517463950024,0.434525283831666,0.612675346852215,0.6614012751252294,0.42426727482827165
2022-10-01,296.349,294.913,288.561,276.55,2.56,1.68,0.33,0.08,84.25809523809524,101.619,101.7775,81.47666666666666,3.5,3.5,3.7,4.5,101.2918,101.223,101.44,100.1861,21536.7,21652.9,21769.4,21160.6,223336.0,223642.0,228788.0,223675.0,78.6087,78.7204,79.0418,77.9838,3.52,2.9,2.75,1.58,267.898,272.274,265.31,240.465,58.6,51.5,65.2,71.7,1680.78,1732.74,1936.86,1776.85,295.453,293.52916666666664,287.6838333333333,2.1900000000000004,1.4799999999999998,0.79,93.18077087646653,100.9515560731539,93.45091521788662,3.5333333333333328,3.5833333333333335,3.8000000000000003,101.20369999999998,101.23376666666667,100.95078333333333,21609.333333333332,21661.46666666667,21593.825,223947.33333333334,225497.33333333334,224628.16666666666,78.6243,78.74383333333333,78.58904166666667,3.106666666666666,3.018333333333333,2.3783333333333334,269.906,271.4216666666667,259.3955833333334,56.1,56.98333333333334,61.75,1726.0266666666666,1800.0016666666668,1817.4333333333334,9.871244635193133,3100.0,-10.043346308490463,17.60303608339926,-2.777777777777779,-25.531914893617024,0.19337997533044327,2.462018715752601,-0.4699977817213874,2.648586816643639,-0.6795218443147899,0.3392023577933445,0.08262905538056753,2.239127239810057,21.379310344827584,156.93430656934305,-0.6113984255006422,13.67119544463209,0.6872852233676952,-19.505494505494504,-4.74792582853516,-5.315637076512281,7.427013250364327,-0.04864339614000546,-0.05462132167429523,-0.8660254037844386,0.5000000000000001,0,0,0,1,0.42426727482827165,-0.014917428642136077,0.30833512934780316,0.9638202329232071,0.15724704256090036,0.49744631327789945,0.6590442358280019,0.5594754832984217
2022-11-01,298.007,295.097,291.298,278.919,3.08,2.33,0.77,0.08,87.5547619047619,93.66521739130437,109.55238095238094,79.14750000000001,3.6,3.6,3.6,4.1,101.2529,101.0963,101.3335,100.8654,21461.7,21638.4,21719.9,21335.5,224381.0,224864.0,226520.0,224034.0,78.4843,78.5438,78.9224,78.562,3.98,2.9,2.9,1.56,265.061,269.546,273.251,243.287,59.9,58.2,58.4,67.4,1664.45,1764.56,1848.5,1821.76,296.4843333333333,295.1035,289.4719166666667,2.656666666666667,1.9383333333333332,1.04,88.49269151138718,98.58109972394755,93.95742315439456,3.5666666666666664,3.566666666666667,3.7249999999999996,101.21366666666665,101.20258333333334,101.03968333333334,21545.600000000002,21610.183333333334,21618.916666666668,224193.66666666666,224762.83333333334,224687.0,78.54560000000001,78.65091666666667,78.63074999999999,3.4666666666666663,3.223333333333333,2.578333333333333,267.50166666666667,271.38016666666664,261.44525,58.900000000000006,56.1,60.76666666666666,1703.2633333333333,1754.5999999999997,1808.0666666666666,20.3125,3750.0,3.9125815238891803,7.4599213330138525,2.857142857142869,-19.999999999999996,-0.03840389843995373,1.0648183730078253,-0.3482427669977306,1.422927516233008,0.46790486083747584,0.3156365262098948,-0.15825220363648862,0.6417999635821792,13.068181818181813,151.89873417721515,-1.0589851361339164,10.228515584388575,2.2184300341296925,-16.457461645746175,-0.9715727221885073,-6.325801277541709,7.417250017513132,-0.009763232851194736,-0.06534739514841181,-0.5000000000000004,0.8660254037844384,0,0,0,1,0.5594754832984217,0.062391281496565476,0.9484996239963239,0.8566262881938069,0.34871134654108626,0.5393030389363359,0.6253488400259364,0.2614032556282231
2022-12-01,298.786,296.349,294.957,280.845,3.78,2.56,1.21,0.08,84.37047619047618,84.25809523809524,114.83714285714284,71.71181818181819,3.6,3.5,3.6,3.9,100.9552,101.2918,101.018,100.5726,21406.7,21536.7,21651.5,21498.5,220712.0,223336.0,225834.0,220740.0,78.1544,78.6087,78.6259,78.3687,3.89,3.52,3.14,1.47,263.157,267.898,280.251,241.338,56.7,58.6,50.0,70.6,1725.07,1680.78,1836.57,1790.43,297.714,296.3515,291.1275,3.1400000000000006,2.44,1.3483333333333334,85.39444444444443,94.38411559696341,94.39267117026755,3.5666666666666664,3.5666666666666664,3.683333333333333,101.16663333333334,101.13953333333332,101.04716666666666,21468.36666666667,21557.983333333334,21624.850000000002,222809.66666666666,223794.83333333334,224410.16666666666,78.4158,78.52291666666667,78.59678333333333,3.7966666666666664,3.3883333333333336,2.7725000000000004,265.372,269.69783333333334,263.1010833333333,58.400000000000006,55.81666666666666,59.875,1690.1000000000001,1734.028333333333,1800.0091666666667,22.727272727272705,4625.0,-3.636907513664922,6.599041271646189,0.0,-12.195121951219502,-0.29401627015126497,0.08902953837490735,-0.2562704725161513,0.3337161069578931,-1.635165187783283,-1.4828106448128375,-0.42033884483904105,-0.5188258954710978,-2.2613065326633097,149.35897435897436,-0.7183252157050624,8.16730856971395,-5.342237061769605,-15.875370919881304,3.642043918411475,-5.307504830493592,7.4530229083522705,0.03577289083913815,-0.054535437410446086,-2.4492935982947064e-16,1.0,0,0,0,1,0.2614032556282231,0.42426727482827165,1.2561019986405686,0.6905230550805275,0.4150486712516388,0.4247869775416524,0.5757469206454712,0.01539563433359259
2023-01-01,298.832,298.007,294.913,282.543,4.1,3.08,1.68,0.08,76.43714285714286,87.5547619047619,101.619,83.22200000000001,3.5,3.6,3.5,4.0,99.7664,101.2529,101.223,100.1856,21290.9,21461.7,21652.9,21650.1,218103.0,224381.0,223642.0,223509.0,77.1334,78.4843,78.7204,78.088,3.62,3.98,2.9,1.76,257.897,265.061,272.274,246.453,59.8,59.9,51.5,67.2,1797.55,1664.45,1732.74,1816.02,298.5416666666667,296.99733333333336,292.62641666666667,3.6533333333333338,2.9216666666666664,1.6833333333333336,82.78746031746032,87.98411559696342,94.78644822654462,3.5666666666666664,3.5499999999999994,3.65,100.65816666666667,100.93093333333333,100.97998333333332,21386.433333333334,21497.883333333335,21607.550000000003,221065.33333333334,222506.33333333334,224190.41666666666,77.92403333333334,78.27416666666667,78.49384166666665,3.8299999999999996,3.4683333333333337,2.9516666666666667,262.0383333333333,265.9721666666666,264.481,58.800000000000004,57.449999999999996,58.975,1729.0233333333335,1727.5249999999999,1800.6025,8.465608465608465,5024.999999999999,-9.40297328110712,6.589324877168901,-2.777777777777779,-10.256410256410254,-1.1775520230755787,-0.8016099812473643,-0.5409521318091914,-0.9656487661929836,-1.1820834390517954,-1.194618102745315,-1.3063883799248721,-1.576267055597469,-6.940874035989719,146.25850340136054,-1.9988067959430977,6.861331410718585,5.467372134038784,-15.29745042492917,4.201568631997543,0.3976698335036666,7.494179905620015,0.0411569972677448,0.003968812170564107,0.49999999999999994,0.8660254037844387,1,0,0,0,0.01539563433359259,0.5594754832984217,-0.014917428642136077,0.6046039630400957,0.27875812442007913,0.21800258349048973,0.5194863022498931,0.5314022594635093
2023-02-01,300.42,298.786,295.097,284.5,4.33,3.78,2.33,0.08,78.123,84.37047619047618,93.66521739130437,91.64105263157894,3.5,3.6,3.6,3.9,100.505,100.9552,101.0963,100.8064,21279.9,21406.7,21638.4,21725.2,226434.0,220712.0,224864.0,224289.0,77.601,78.1544,78.5438,78.5777,3.53,3.89,2.9,1.93,260.227,263.157,269.546,252.66,64.9,56.7,58.2,62.8,1897.71,1725.07,1764.56,1856.3,299.346,297.91516666666666,294.11616666666663,4.07,3.3633333333333333,2.0375,79.64353968253968,84.06811559696342,94.36153155987795,3.5333333333333328,3.5499999999999994,3.608333333333333,100.40886666666665,100.81126666666667,101.0066,21325.83333333334,21435.716666666667,21576.7,221749.66666666666,222971.66666666666,224434.16666666666,77.6296,78.0876,78.45325833333332,3.6799999999999997,3.573333333333333,3.0991666666666666,260.42699999999996,263.96433333333334,265.6288333333333,60.46666666666667,59.68333333333334,58.78333333333333,1806.7766666666666,1755.0199999999998,1807.4099999999999,5.609756097560981,5312.5,2.205547041453304,-6.126985652832184,0.0,-12.5,0.7403294095005952,0.3188082918103907,-0.05166526544204686,-1.7099228179084491,3.819754886452742,1.3086721340080265,0.6062224665320137,-0.6236553631799979,-2.4861878453038777,100.56818181818178,0.9034614594198409,5.588895245746639,8.528428093645491,-3.4226190476190466,5.572028594475809,4.498298476889029,7.548403175082857,0.05422326946284173,0.044000602766404384,0.8660254037844386,0.5000000000000001,1,0,0,0,0.5314022594635093,0.2614032556282231,0.062391281496565476,0.6926379347568234,0.269400383141775,0.3090558648414306,0.5133861602851776,0.3428533386591992
2023-03-01,301.45,298.832,296.349,287.674,4.57,4.1,2.56,0.2,76.83263157894737,76.43714285714286,84.25809523809524,108.50260869565216,3.6,3.5,3.5,3.7,100.6416,99.7664,101.2918,101.3907,21243.7,21290.9,21536.7,21787.2,222973.0,218103.0,223336.0,226307.0,77.6078,77.1334,78.6087,79.0253,3.75,3.62,3.52,2.13,258.669,257.897,267.898,260.014,66.9,59.8,58.6,59.4,1854.54,1797.55,1680.78,1947.83,300.234,298.974,295.52866666666665,4.333333333333334,3.736666666666667,2.4116666666666666,77.13092481203007,81.26268462823727,93.12749647215865,3.5333333333333328,3.5500000000000003,3.5833333333333335,100.30433333333333,100.73548333333332,100.99286666666666,21271.500000000004,21369.933333333334,21536.575,222503.33333333334,222656.5,224324.5,77.4474,77.9316,78.37243333333333,3.633333333333333,3.715,3.250833333333333,258.931,262.1515,266.1295833333333,63.866666666666674,61.13333333333333,59.125,1849.9333333333334,1770.0166666666667,1807.2633333333333,5.542725173210172,5612.5,-1.6517138628222572,-16.159156434142353,2.857142857142869,-7.692307692307687,0.13591363613749685,-0.1634816837026265,-0.1701135813608201,-2.216320217995693,-1.528480705194446,-0.586742996758649,0.008762773675585755,-1.2343196606670825,6.232294617563738,94.30051813471503,-0.5987080510477361,2.378294941819048,3.081664098613257,6.52866242038217,-2.2748470525001174,-0.09481226094919526,7.525391965853141,-0.023011209229715668,-0.0009485723620361597,1.0,6.123233995736766e-17,1,0,0,0,0.3428533386591992,0.01539563433359259,0.42426727482827165,1.115641476274165,0.29655041081876704,0.3557995410352029,0.48423744394370893,0.12307181953890023
2023-04-01,301.821,300.42,298.007,288.561,4.65,4.33,3.08,0.33,73.27782608695652,78.123,87.5547619047619,101.7775,3.5,3.5,3.6,3.7,101.0205,100.505,101.2529,101.44,20947.4,21279.9,21461.7,21769.4,220353.0,226434.0,224381.0,228788.0,77.8036,77.601,78.4843,79.0418,3.66,3.53,3.98,2.75,257.062,260.227,265.061,265.31,62.0,64.9,59.9,65.2,1912.73,1897.71,1664.45,1936.86,301.23033333333336,299.886,296.70758333333333,4.5166666666666675,4.085,2.7825,76.07781922196796,79.43263976971414,90.19209792143403,3.5333333333333328,3.5500000000000003,3.5666666666666664,100.72236666666667,100.69026666666667,100.96201666666667,21157.000000000004,21271.716666666667,21466.59166666667,223253.33333333334,222159.33333333334,223828.33333333334,77.6708,77.79741666666666,78.27062500000001,3.646666666666666,3.7383333333333333,3.3783333333333334,258.6526666666667,260.3455,265.8835833333333,64.60000000000001,61.699999999999996,59.34166666666666,1888.3266666666668,1808.675,1804.3383333333331,1.7505470459518557,2225.0,-4.626687149636677,-32.46445687541072,-2.777777777777779,-5.405405405405405,0.3764844756045216,-0.36512224493961964,-1.394766448405882,-3.854556803995002,-1.1750301606024083,-2.630939387645981,0.25229422815749025,-1.5459605974289192,-2.399999999999991,71.83098591549297,-0.6212572824729534,-1.1353234825817071,-7.324364723467869,4.3771043771043905,3.1377053069763905,-1.802005308471477,7.556286819907773,0.030894854054631438,-0.01818439149270734,0.8660254037844387,-0.49999999999999983,0,1,0,0,0.12307181953890023,0.5314022594635093,0.5594754832984217,0.30833512934780316,0.33244247255386955,0.30560029848697434,0.40152330588243695,0.3392739405144063
2023-05-01,302.845,301.45,298.786,291.298,4.83,4.57,3.78,0.77,79.44631578947369,76.83263157894737,84.37047619047618,109.55238095238094,3.4,3.6,3.6,3.6,101.253,100.6416,100.9552,101.3335,20761.4,21243.7,21406.7,21719.9,221398.0,222973.0,220712.0,226520.0,77.888,77.6078,78.1544,78.9224,3.46,3.75,3.89,2.9,256.908,258.669,263.157,273.251,63.7,66.9,56.7,58.4,1999.77,1854.54,1725.07,1848.5,302.03866666666664,300.69233333333335,297.8979166666667,4.6833333333333345,4.376666666666667,3.1575,76.51892448512586,78.08123208383277,88.33116590389017,3.4999999999999996,3.516666666666667,3.5416666666666665,100.9717,100.69028333333334,100.94643333333333,20984.166666666668,21155.0,21382.591666666667,221574.66666666666,221662.16666666666,223212.5,77.76646666666667,77.69803333333333,78.17447499999999,3.6233333333333326,3.651666666666667,3.4375,257.54633333333334,258.9866666666666,265.1834166666667,64.2,62.333333333333336,59.21666666666667,1922.3466666666666,1864.5616666666667,1809.5808333333332,3.8709677419354716,1363.6363636363637,8.4179485554023,-21.941179740636507,-2.857142857142858,-8.108108108108114,0.23015130592305422,-0.1843454258675048,-0.8879383598919155,-4.630352696904827,0.4742390618689196,-3.23006451387311,0.10847827092834716,-1.459733963548393,-5.464480874316946,25.818181818181806,-0.059907726540675554,-3.166861407410193,2.741935483870983,-2.300613496932513,4.55056385375876,3.2480406431027564,7.600787452929075,0.04450063302130225,0.03196406885073877,0.49999999999999994,-0.8660254037844387,0,1,0,0,0.3392739405144063,0.3428533386591992,0.2614032556282231,0.9484996239963239,0.26839969957083526,0.26890004135630513,0.40410154014632055,0.1614687381333635
2023-06-01,303.334,301.821,298.832,294.957,5.06,4.65,4.1,1.21,71.57818181818182,73.27782608695652,76.43714285714286,114.83714285714284,3.6,3.5,3.5,3.6,100.9286,101.0205,99.7664,101.018,20829.6,20947.4,21290.9,21651.5,222165.0,220353.0,218103.0,225834.0,77.5496,77.8036,77.1334,78.6259,3.57,3.66,3.62,3.14,253.67,257.062,257.897,280.251,59.0,62.0,59.8,50.0,1992.13,1912.73,1797.55,1836.57,302.6666666666667,301.4503333333334,298.90091666666666,4.846666666666668,4.59,3.515,74.76744123153735,75.94918302178371,85.16664930937357,3.4999999999999996,3.516666666666666,3.5416666666666665,101.06736666666667,100.68585,100.91269166666666,20846.133333333335,21058.81666666667,21308.4,221305.33333333334,221904.33333333334,222849.58333333334,77.74706666666667,77.59723333333334,78.060075,3.5633333333333326,3.598333333333333,3.4933333333333336,255.88,257.4055,263.5516666666667,61.56666666666666,62.71666666666667,59.26666666666667,1968.21,1909.0716666666665,1821.55,4.761904761904745,557.1428571428571,-9.903711573160656,-34.663052326270616,5.882352941176472,0.0,-0.32038556882264535,-0.39957171123073953,0.3284942248595879,-4.099005980690529,0.34643492714478974,-1.9225675437047451,-0.43447000821693615,-1.7394301237671383,3.1791907514450823,23.10344827586206,-1.2603733632273184,-7.165939008457423,-7.378335949764525,1.0273972602739656,-0.3820439350525229,7.770083851771714,7.596959697059311,-0.00382775586976436,0.07482991868262445,1.2246467991473532e-16,-1.0,0,1,0,0,0.1614687381333635,0.12307181953890023,0.01539563433359259,1.2561019986405686,0.20793816606222335,0.2522442884404952,0.33851563299107373,0.224175331482801
2023-07-01,304.014,302.845,300.42,294.913,5.08,4.83,4.33,1.68,70.24809523809525,79.44631578947369,78.123,101.619,3.6,3.4,3.5,3.5,100.1196,101.253,100.505,101.223,20799.4,20761.4,21279.9,21652.9,222726.0,221398.0,226434.0,223642.0,76.8467,77.888,77.601,78.7204,3.75,3.46,3.53,2.9,253.86,256.908,260.227,272.274,64.2,63.7,64.9,51.5,1942.9,1999.77,1897.71,1732.74,303.3976666666667,302.314,299.6556666666667,4.990000000000001,4.753333333333334,3.8375,73.75753094858358,74.91767508527577,81.45089534111959,3.5333333333333328,3.5333333333333337,3.5416666666666665,100.76706666666666,100.74471666666666,100.837825,20796.8,20976.899999999998,21237.391666666666,222096.33333333334,222674.83333333334,222590.58333333334,77.4281,77.54945,77.91180833333334,3.5933333333333324,3.6199999999999997,3.544166666666667,254.81266666666667,256.73266666666666,261.35241666666667,62.300000000000004,63.45000000000001,60.45000000000001,1978.2666666666667,1933.2966666666669,1830.4108333333334,0.39525691699606735,319.8347107438017,-1.8582290668756718,-38.828071223015606,0.0,0.0,-0.8015567440745164,-0.8893464531073647,-0.14498598148786623,-3.935524097637566,0.25251502261831593,-1.3762320996838384,-0.9063876538370264,-2.262867579258243,5.042016806722693,19.426751592356673,0.07490046122917704,-9.416915550702754,8.813559322033893,28.400000000000002,-2.471224267492589,5.789596911634187,7.571936981249067,-0.025022715810243845,0.056282000734253934,-0.4999999999999998,-0.8660254037844388,0,0,1,0,0.224175331482801,0.3392739405144063,0.5314022594635093,-0.014917428642136077,0.24163933671019025,0.2870409046320299,0.2525217440612598,0.1957146710348745
2023-08-01,304.609,303.334,301.45,295.097,5.12,5.06,4.57,2.33,76.0695,71.57818181818182,76.83263157894737,93.66521739130437,3.5,3.6,3.6,3.6,100.9067,100.9286,100.6416,101.0963,20791.4,20829.6,21243.7,21638.4,222720.0,222165.0,222973.0,224864.0,77.3773,77.5496,77.6078,78.5438,3.9,3.57,3.75,2.9,253.835,253.67,258.669,269.546,71.5,59.0,66.9,58.2,1951.02,1992.13,1854.54,1764.56,303.98566666666665,303.01216666666664,300.4636666666667,5.086666666666667,4.885,4.1241666666666665,72.63192568542568,74.57542508527577,79.3217703411196,3.566666666666666,3.5333333333333337,3.5416666666666665,100.65163333333334,100.81166666666667,100.81146666666666,20806.8,20895.483333333334,21165.600000000002,222537.0,222055.83333333334,222513.75,77.25786666666666,77.51216666666666,77.79988333333334,3.7399999999999998,3.6816666666666666,3.6275,253.78833333333333,255.66733333333332,259.81583333333333,64.89999999999999,64.55000000000001,62.116666666666674,1962.0166666666667,1942.1816666666666,1848.6008333333332,0.7874015748031482,204.7619047619048,8.286921861972196,-25.142443834322314,-2.777777777777779,0.0,0.786159752935478,-0.31247838929887584,-0.03846264796100174,-3.9786818393841017,-0.0026938929446940207,-0.4122660323195082,0.6904655632577583,-1.7061651109496312,4.0000000000000036,34.48275862068966,-0.009847947687702252,-6.772222099796521,11.370716510903423,38.834951456310684,0.4179319573832885,12.597389106270995,7.576107591723823,0.004170610474756309,0.11864834211537367,-0.8660254037844384,-0.5000000000000004,0,0,1,0,0.1957146710348745,0.1614687381333635,0.3428533386591992,0.062391281496565476,0.19378624688367965,0.23109297322725744,0.27007441903434404,0.4835707415079771
2023-09-01,306.082,304.014,301.821,296.349,5.33,5.08,4.65,2.56,81.38608695652174,70.24809523809525,73.27782608695652,84.25809523809524,3.7,3.6,3.5,3.5,100.8393,100.1196,101.0205,101.2918,20777.5,20799.4,20947.4,21536.7,223716.0,222726.0,220353.0,223336.0,77.2588,76.8467,77.8036,78.6087,4.17,3.75,3.66,3.52,257.68,253.86,257.062,267.898,69.4,64.2,62.0,58.6,1918.7,1942.9,1912.73,1680.78,304.90166666666664,303.7841666666667,301.3790833333333,5.176666666666668,5.011666666666667,4.3741666666666665,75.90122739820566,75.3343343148715,78.29850947155438,3.5999999999999996,3.5500000000000003,3.5499999999999994,100.62186666666666,100.84461666666665,100.79005000000001,20789.433333333334,20817.783333333336,21093.858333333334,223054.0,222179.66666666666,222418.08333333334,77.16093333333333,77.454,77.69279999999999,3.939999999999999,3.751666666666667,3.733333333333333,255.125,255.50250000000003,258.827,68.36666666666667,64.96666666666667,63.050000000000004,1937.5400000000002,1952.875,1861.4458333333332,4.1015625,128.75536480686694,6.989117789024157,-13.109594763960475,5.714285714285716,2.77777777777779,-0.06679437539827138,-0.25421306219911566,-0.06685456486816843,-3.978575125702466,0.4471982758620596,-0.510530809733889,-0.15314569001504408,-1.6360298330358458,6.923076923076921,43.79310344827587,1.5147635274883386,-4.402217061280811,-2.9370629370629286,19.243986254295532,-1.6565693842195306,8.73532211996193,7.5594031523640535,-0.01670443935976973,0.08374650585972088,-1.0,-1.8369701987210297e-16,0,0,1,0,0.4835707415079771,0.224175331482801,0.12307181953890023,0.42426727482827165,0.3011535813418842,0.2545458737020538,0.30517270736862834,0.3900915440960384
2023-10-01,307.276,304.609,302.845,298.007,5.33,5.12,4.83,3.08,89.425,76.0695,79.44631578947369,87.5547619047619,3.7,3.5,3.4,3.6,101.0211,100.9067,101.253,101.2529,20747.8,20791.4,20761.4,21461.7,224360.0,222720.0,221398.0,224381.0,77.3375,77.3773,77.888,78.4843,4.38,3.9,3.46,3.98,258.934,253.835,256.908,265.061,67.8,71.5,63.7,59.9,1915.95,1951.02,1999.77,1664.45,305.989,304.6933333333333,302.2896666666667,5.260000000000001,5.125,4.605,82.29352898550725,78.02552996704541,78.72908486837979,3.633333333333333,3.5833333333333335,3.5666666666666664,100.92236666666668,100.84471666666667,100.76749166666666,20772.233333333337,20784.516666666666,21028.11666666667,223598.66666666666,222847.5,222503.41666666666,77.32453333333333,77.37631666666665,77.58686666666667,4.1499999999999995,3.8716666666666666,3.805,256.8163333333334,255.81449999999998,258.08,69.56666666666668,65.93333333333334,63.81666666666666,1928.5566666666666,1953.4116666666669,1881.0433333333333,0.0,108.203125,9.87750283137807,6.132235421776633,0.0,5.714285714285716,0.18028685244741993,-0.2672476942852109,-0.14294308747443418,-3.6630495851267875,0.28786497166048974,0.4585019880359642,0.1018654185672263,-1.617123804362608,5.035971223021574,24.431818181818187,0.4866501086619124,-3.346049615898583,-2.3054755043227737,15.699658703071663,-0.14332621045499705,13.991718130867813,7.557968862156896,-0.0014342902071575736,0.13095561179256876,-0.8660254037844386,0.5000000000000001,0,0,0,1,0.3900915440960384,0.1957146710348745,0.3392739405144063,0.5594754832984217,0.3564589855462967,0.2990491611282435,0.3023247298076089,0.13668493471667986
2023-11-01,307.696,306.082,303.334,298.786,5.33,5.33,5.06,3.78,85.63952380952381,81.38608695652174,71.57818181818182,84.37047619047618,3.9,3.7,3.6,3.6,100.4689,100.8393,100.9286,100.9552,20732.9,20777.5,20829.6,21406.7,222995.0,223716.0,222165.0,220712.0,76.859,77.2588,77.5496,78.1544,4.8,4.17,3.57,3.89,255.192,257.68,253.67,263.157,63.8,69.4,59.0,56.7,1916.25,1918.7,1992.13,1725.07,307.018,305.5018333333333,303.09708333333333,5.33,5.208333333333333,4.7924999999999995,85.48353692201518,79.05773130372043,78.56948169377661,3.766666666666666,3.6666666666666674,3.591666666666667,100.77643333333333,100.71403333333332,100.70215833333333,20752.733333333334,20779.766666666666,20967.383333333335,223690.33333333334,223113.66666666666,222387.91666666666,77.15176666666666,77.20481666666667,77.451425,4.449999999999999,4.095,3.873333333333333,257.26866666666666,255.5285,257.25758333333334,67.0,65.95,64.14166666666667,1916.966666666667,1939.4916666666668,1902.0266666666666,0.0,73.05194805194806,-4.2331296510776495,-2.1874745057515077,5.405405405405395,8.333333333333325,-0.5466184787138562,-0.7742988102069082,-0.07181484301949093,-3.3958167339959044,-0.6083972187555742,-0.6176993595714442,-0.6187166639728625,-2.070860031878996,9.589041095890405,20.603015075376874,-1.4451559084554422,-3.723293883294776,-5.899705014749268,6.510851419031716,0.01565802865419741,15.128120400132183,7.558125430186024,0.00015656802912822343,0.14087541267289172,-0.5000000000000004,0.8660254037844384,0,0,0,1,0.13668493471667986,0.4835707415079771,0.1614687381333635,0.2614032556282231,0.33678240677356513,0.2652843268286224,0.26709218409246377,0.14689823722116024
2023-12-01,308.148,307.276,304.014,298.832,5.33,5.33,5.08,4.1,77.685,89.425,70.24809523809525,76.43714285714286,3.7,3.7,3.6,3.5,100.8639,101.0211,100.1196,99.7664,20746.4,20747.8,20799.4,21290.9,222402.0,224360.0,222726.0,218103.0,77.1081,77.3375,76.8467,77.1334,4.5,4.38,3.75,3.62,252.856,258.934,253.86,257.897,61.3,67.8,64.2,59.8,1984.11,1915.95,1942.9,1797.55,307.70666666666665,306.30416666666673,303.87725,5.33,5.253333333333333,4.921666666666667,84.24984126984127,80.07553433402346,78.01235867790358,3.7666666666666657,3.6833333333333336,3.6,100.78463333333333,100.70325000000001,100.69455,20742.36666666667,20765.899999999998,20912.358333333334,223252.33333333334,223153.16666666666,222528.75,77.10153333333334,77.13123333333333,77.36423333333333,4.56,4.25,3.9241666666666664,255.66066666666666,255.39283333333333,256.39916666666664,64.3,66.33333333333333,64.52499999999999,1938.7700000000002,1938.155,1923.6133333333335,0.0,41.00529100529102,-9.288379308619177,-7.923952183679683,-5.128205128205121,2.77777777777779,0.39315648922202406,-0.09043615385835313,0.06511390109440462,-3.0845482956270653,-0.26592524496065195,0.76570372249809,0.3240999752794016,-1.3387601977623786,-6.25,15.681233933161941,-0.9153891971535155,-3.9143933089372474,-3.9184952978056464,8.112874779541436,3.541291585127193,15.016202241068477,7.592925729856268,0.034800299670243895,0.13990282150399747,-2.4492935982947064e-16,1.0,0,0,0,1,0.14689823722116024,0.3900915440960384,0.224175331482801,0.01539563433359259,0.22455823867795952,0.26285591000992187,0.2575500992252085,0.1924399963653789
2024-01-01,308.741,307.696,304.609,300.42,5.33,5.33,5.12,4.33,71.9,85.63952380952381,76.0695,78.123,3.8,3.9,3.5,3.5,100.6031,100.4689,100.9067,100.505,20777.8,20732.9,20791.4,21279.9,222282.0,222995.0,222720.0,226434.0,76.858,76.859,77.3773,77.601,4.02,4.8,3.9,3.53,249.866,255.192,253.835,260.227,69.7,63.8,71.5,64.9,2026.18,1916.25,1951.02,1897.71,308.195,307.09200000000004,304.70300000000003,5.33,5.295,5.024166666666667,78.4081746031746,80.35085179434093,77.63426343980835,3.7999999999999994,3.716666666666667,3.625,100.6453,100.78383333333333,100.764275,20752.36666666667,20762.3,20869.600000000002,222559.66666666666,223079.16666666666,222877.0,76.9417,77.13311666666667,77.34128333333334,4.439999999999999,4.295,3.9574999999999996,252.638,254.72716666666668,255.72991666666667,64.93333333333334,67.25,65.35000000000001,1975.5133333333333,1952.0349999999999,1942.6658333333335,0.0,30.000000000000004,-7.446740039904743,-5.935782902852016,2.7027027027026973,8.571428571428562,-0.25856624619908786,0.8386591076755323,0.15135155978867054,-2.4099497907556833,-0.05395634931341098,1.9160671792685102,-0.32434984132664324,-0.35704377092153905,-10.66666666666668,11.049723756906072,-1.1824912202992977,-3.114033897253543,13.7030995106036,16.555183946488295,2.120346150163055,12.718978609774423,7.613907525876952,0.02098179602068395,0.11972762025693662,0.49999999999999994,0.8660254037844387,1,0,0,0,0.1924399963653789,0.13668493471667986,0.1957146710348745,0.5314022594635093,0.15867438943440634,0.2575666874903515,0.2723037960611907,0.30996854969052023
2024-02-01,309.698,308.148,306.082,301.45,5.33,5.33,5.33,4.57,74.15238095238095,77.685,81.38608695652174,76.83263157894737,3.7,3.7,3.7,3.6,99.2223,100.8639,100.8393,100.6416,20843.7,20746.4,20777.5,21243.7,219716.0,222402.0,223716.0,222973.0,75.7542,77.1081,77.2588,77.6078,4.06,4.5,4.17,3.75,251.306,252.856,257.68,258.669,79.0,61.3,69.4,66.9,2034.04,1984.11,1918.7,1854.54,308.8623333333333,307.9401666666667,305.47616666666664,5.33,5.33,5.107500000000001,74.579126984127,80.03133195307109,77.30337851917342,3.733333333333333,3.75,3.641666666666667,100.22976666666666,100.5031,100.65738333333333,20789.300000000003,20771.016666666666,20833.25,221466.66666666666,222578.5,222317.16666666666,76.57343333333333,76.8626,77.18738333333333,4.1933333333333325,4.321666666666666,4.001666666666666,251.34266666666667,254.30566666666667,254.9865,70.0,68.5,66.525,2014.7766666666666,1965.871666666667,1954.0266666666669,0.0,23.094688221709013,3.1326577919067455,-5.082522493528218,-2.631578947368407,5.714285714285716,-1.3725223179007373,-1.2762549126908995,0.3171654361867171,-2.0498216626957833,-1.154389469232775,-2.9668689331107556,-1.4361549871191093,-2.379866238837136,0.995024875621886,15.014164305948995,0.5763089015712319,-3.428160798072444,13.34289813486369,21.725731895223397,0.38792209971472147,7.183921674017624,7.61777924209852,0.0038717162215684553,0.06937606701566335,0.8660254037844386,0.5000000000000001,1,0,0,0,0.30996854969052023,0.14689823722116024,0.4835707415079771,0.3428533386591992,0.21643559442568647,0.2766090005996258,0.2538509869134416,0.40975401843086345
2024-03-01,310.967,308.741,307.276,301.821,5.33,5.33,5.33,4.65,77.249,71.9,89.425,73.27782608695652,3.9,3.8,3.7,3.5,100.285,100.6031,101.0211,101.0205,20926.9,20777.8,20747.8,20947.4,220371.0,222282.0,224360.0,220353.0,76.5157,76.858,77.3375,77.8036,4.21,4.02,4.38,3.66,254.926,249.866,258.934,257.062,76.9,69.7,67.8,62.0,2023.24,2026.18,1915.95,1912.73,309.80199999999996,308.7543333333333,306.26925,5.33,5.33,5.170833333333333,74.43379365079365,79.34181746031746,77.33807588759448,3.7999999999999994,3.783333333333333,3.6666666666666665,100.03679999999999,100.41071666666666,100.62766666666668,20849.46666666667,20795.916666666668,20806.850000000002,220789.66666666666,222021.0,222100.33333333334,76.37596666666667,76.73875,77.09637500000001,4.096666666666667,4.328333333333333,4.04,252.03266666666664,253.84666666666666,254.67458333333332,75.2,69.75,67.35833333333333,2027.8200000000004,1983.295,1968.085,0.0,16.630196936542664,4.176021063447211,0.5419161266457362,5.405405405405395,8.333333333333325,1.0710293956096573,-0.3543266402759926,0.3991613772986513,-1.4912656458149876,0.2981121083580618,-1.1669574343081912,1.0052247928167724,-1.4072039150703985,3.6945812807881895,12.26666666666667,1.440474958815141,-1.447023029431438,-2.658227848101258,14.947683109118092,-0.5309630095770013,9.096595382143292,7.612455465820658,-0.00532377627786218,0.08706349996751683,1.0,6.123233995736766e-17,1,0,0,0,0.40975401843086345,0.1924399963653789,0.3900915440960384,0.12307181953890023,0.3040541881622542,0.26430621342010685,0.2594260435610803,0.4431338373525273
2024-04-01,312.345,309.698,307.696,302.845,5.33,5.33,5.33,4.83,81.27799999999999,74.15238095238095,85.63952380952381,79.44631578947369,3.9,3.7,3.9,3.4,100.4575,99.2223,100.4689,101.253,20973.2,20843.7,20732.9,20761.4,220154.0,219716.0,222995.0,221398.0,76.5964,75.7542,76.859,77.888,4.21,4.06,4.8,3.46,255.095,251.306,255.192,256.908,79.4,79.0,63.8,63.7,2158.01,2034.04,1916.25,1999.77,311.00333333333333,309.5991666666667,307.14625,5.33,5.33,5.2275,77.55979365079365,77.98398412698413,78.00475704701478,3.8333333333333326,3.816666666666667,3.6999999999999997,99.98826666666666,100.31678333333333,100.58075000000001,20914.600000000002,20833.483333333334,20809.0,220080.33333333334,221320.0,222083.75,76.28876666666666,76.61523333333334,76.995775,4.159999999999999,4.3,4.085833333333333,253.77566666666667,253.20683333333332,254.51066666666668,78.43333333333334,71.68333333333334,68.80833333333332,2071.763333333334,2023.6383333333333,1988.5250000000003,0.0,14.623655913978496,5.215601496459499,10.917591774010749,0.0,11.428571428571432,0.17200977214937296,-0.557312624665296,0.22124633844478048,0.12316564346888104,-0.09847030689156266,-0.09030963953292614,0.10546855089872409,-1.5515991547948915,0.0,15.02732240437159,0.06629374798960974,-0.7651850526332216,3.2509752925877766,28.06451612903227,6.661098040766311,12.823555859948875,7.67694177972764,0.06448631390698178,0.12065495981986718,0.8660254037844387,-0.49999999999999983,0,1,0,0,0.4431338373525273,0.30996854969052023,0.13668493471667986,0.3392739405144063,0.387618801824637,0.27314659562952165,0.28609787837888256,0.21706766556210955
2024-05-01,313.023,310.967,308.148,303.334,5.33,5.33,5.33,5.06,85.34727272727274,77.249,77.685,71.57818181818182,3.9,3.9,3.7,3.6,100.2434,100.285,100.8639,100.9286,20958.8,20926.9,20746.4,20829.6,219665.0,220371.0,222402.0,222165.0,76.3803,76.5157,77.1081,77.5496,4.54,4.21,4.5,3.57,256.978,254.926,252.856,253.67,77.2,76.9,61.3,59.0,2331.45,2023.24,1984.11,1992.13,312.1116666666667,310.487,307.99441666666667,5.33,5.33,5.269166666666667,81.29142424242424,77.93527561327562,78.49650345849803,3.9,3.8166666666666664,3.7416666666666667,100.32863333333331,100.2792,100.49661666666667,20952.96666666667,20871.133333333335,20825.45,220063.33333333334,220765.0,221939.33333333334,76.49746666666667,76.53545,76.87013333333334,4.319999999999999,4.256666666666667,4.175833333333333,255.66633333333334,253.5045,254.51650000000004,77.83333333333334,73.91666666666667,69.93333333333334,2170.9,2092.838333333333,2016.165,0.0,10.351966873706008,5.006610309398307,7.427603003562955,0.0,14.705882352941169,-0.2131249533384838,-0.9971062585799939,-0.06865905059790789,0.9508029323648692,-0.22211724520108111,-0.7827532317365105,-0.2821281417925592,-1.9357282251437957,7.838479809976251,31.213872832369937,0.7381563731158947,0.027247107914107893,-2.7707808564231717,21.193092621664043,8.037034119397024,16.58590737934862,7.754245670597016,0.07730389086937617,0.1534582176679411,0.49999999999999994,-0.8660254037844387,0,1,0,0,0.21706766556210955,0.40975401843086345,0.14689823722116024,0.1614687381333635,0.3566518404485001,0.2865437174370933,0.2759140221328578,0.04855873210594108
2024-06-01,313.175,312.345,308.741,304.014,5.33,5.33,5.33,5.08,80.02454545454545,81.27799999999999,71.9,70.24809523809525,3.9,3.9,3.8,3.6,100.863,100.4575,100.6031,100.1196,21019.9,20973.2,20777.8,20799.4,221210.0,220154.0,222282.0,222726.0,76.7961,76.5964,76.858,76.8467,4.48,4.21,4.02,3.75,255.313,255.095,249.866,253.86,69.1,79.4,69.7,64.2,2351.13,2158.01,2026.18,1942.9,312.8476666666667,311.3248333333333,308.8145,5.33,5.33,5.291666666666667,82.21660606060605,78.32519985569986,79.20036709486166,3.9,3.8499999999999996,3.766666666666667,100.5213,100.27905,100.49115,20983.96666666667,20916.716666666664,20841.308333333334,220343.0,220566.33333333334,221859.75,76.59093333333333,76.48345,76.80734166666666,4.409999999999999,4.253333333333333,4.251666666666666,255.79533333333336,253.914,254.65341666666666,75.23333333333333,75.21666666666667,70.775,2280.1966666666667,2154.0083333333337,2046.0816666666667,0.0,5.335968379446654,-6.236552267740381,11.800193050193041,0.0,8.333333333333325,0.6180955554181189,-0.06499644303002983,0.2915243239116849,0.9136037177862377,0.7033437279493793,-0.4298606891274481,0.5443812082434718,-0.9716362173370352,-1.3215859030836885,25.490196078431392,-0.647915385752873,0.6476918831552769,-10.492227979274627,17.118644067796595,0.8441098886958986,18.020912289860604,7.762651342630209,0.008405672033192424,0.16569164557089788,1.2246467991473532e-16,-1.0,0,1,0,0,0.04855873210594108,0.4431338373525273,0.1924399963653789,0.224175331482801,0.23625341167352598,0.27015379991789007,0.26650485496390597,-0.041829647960411886
2024-07-01,313.044,313.023,309.698,304.609,5.33,5.33,5.33,5.12,79.76736842105262,85.34727272727274,74.15238095238095,76.0695,4.1,3.9,3.7,3.5,100.894,100.2434,99.2223,100.9067,21067.7,20958.8,20843.7,20791.4,221199.0,219665.0,219716.0,222720.0,76.7586,76.3803,75.7542,77.3773,4.31,4.54,4.06,3.9,255.914,256.978,251.306,253.835,68.2,77.2,79.0,71.5,2326.44,2331.45,2034.04,1951.02,313.0806666666667,312.04200000000003,309.567,5.33,5.33,5.3125,81.71306220095694,79.63642792587528,79.9936398601081,3.9666666666666663,3.9,3.808333333333333,100.66680000000001,100.32753333333334,100.55568333333333,21015.46666666667,20965.033333333336,20863.666666666668,220691.33333333334,220385.83333333334,221732.5,76.645,76.46688333333333,76.8,4.4433333333333325,4.301666666666667,4.298333333333333,256.0683333333333,254.92200000000003,254.82458333333332,71.5,74.96666666666668,71.10833333333333,2336.34,2204.0516666666667,2078.043333333333,0.0,4.921259842519676,-0.32137268888193793,13.55093422916771,5.128205128205132,13.888888888888884,0.030734759029571457,0.7734749239909133,0.22740355567818504,1.2899410559920055,-0.004972650422674363,-0.6855957544247171,-0.0488306046791398,-0.11464382985866273,-3.7946428571428714,14.933333333333332,0.23539733581916522,0.8091073820215788,-1.3024602026049048,6.230529595015577,-1.0501333401385704,19.74059395748622,7.752094481139117,-0.010556861491092029,0.1801574998900497,-0.4999999999999998,-0.8660254037844388,0,0,1,0,-0.041829647960411886,0.21706766556210955,0.30996854969052023,0.1957146710348745,0.07459891656921291,0.23110885919692495,0.24433777334363824,0.16770805381991494
2024-08-01,313.569,313.175,310.967,306.082,5.33,5.33,5.33,5.33,81.80045454545454,80.02454545454545,77.249,81.38608695652174,4.2,3.9,3.9,3.7,99.9757,100.863,100.285,100.8393,21094.4,21019.9,20926.9,20777.5,222865.0,221210.0,220371.0,223716.0,75.9946,76.7961,76.5157,77.2588,4.25,4.48,4.21,4.17,257.321,255.313,254.926,257.68,66.4,69.1,76.9,69.4,2398.2,2351.13,2023.24,1918.7,313.2626666666667,312.68716666666666,310.3136666666667,5.33,5.33,5.33,80.53078947368421,80.91110685805423,80.47121940556265,4.0666666666666655,3.983333333333333,3.8666666666666667,100.57756666666667,100.45309999999999,100.4781,21060.666666666668,21006.816666666666,20888.916666666668,221758.0,220910.66666666666,221744.58333333334,76.51643333333334,76.50695,76.68477499999999,4.346666666666667,4.333333333333333,4.3275,256.18266666666665,255.9245,255.11508333333333,67.89999999999999,72.86666666666667,70.68333333333334,2358.59,2264.745,2115.3083333333334,0.0,4.1015625,2.548769208067969,7.533840166498451,2.4390243902439046,19.999999999999996,-0.9101631415148637,-0.9226344732312097,0.12673428993199565,1.4573333205075256,0.7531679618804743,0.06510416666667407,-0.9953282107802885,-1.7869581905804455,-1.3921113689094988,8.974358974358987,0.549794071445886,1.3733330706955371,-2.639296187683282,-7.132867132867126,3.084541187393608,22.920318602577105,7.782473734945333,0.030379253806215978,0.20636614322150937,-0.8660254037844384,-0.5000000000000004,0,0,1,0,0.16770805381991494,0.04855873210594108,0.40975401843086345,0.4835707415079771,0.05814571265514804,0.20739877655182407,0.24200388857572494,0.1572221743858515
2024-09-01,314.062,313.044,312.345,307.276,5.33,5.33,5.33,5.33,76.68318181818182,79.76736842105262,81.27799999999999,89.425,4.2,4.1,3.9,3.7,100.4309,100.894,100.4575,101.0211,21185.8,21067.7,20973.2,20747.8,221943.0,221199.0,220154.0,224360.0,76.2697,76.7586,76.5964,77.3375,3.87,4.31,4.21,4.38,255.463,255.914,255.095,258.934,67.9,68.2,79.4,67.8,2470.15,2326.44,2158.01,1915.95,313.55833333333334,313.203,310.9786666666667,5.33,5.33,5.33,79.41700159489632,80.8168038277512,80.07931064403432,4.166666666666665,4.033333333333334,3.9083333333333337,100.43353333333333,100.47741666666667,100.44406666666667,21115.96666666667,21049.966666666667,20922.94166666667,222002.33333333334,221172.66666666666,221596.83333333334,76.34096666666666,76.46595,76.60235,4.1433333333333335,4.276666666666666,4.302499999999999,256.23266666666666,256.014,254.93033333333335,67.5,71.36666666666667,70.55833333333334,2398.263333333334,2339.23,2161.2625000000003,0.0,0.0,-6.255799867749112,-5.778512414354453,0.0,13.513513513513509,0.45531064048562886,-0.4050008280501727,0.4332903519417286,1.9651064853808187,-0.41370336302245514,-0.7925226626615878,0.3619994052208808,-1.280242509591134,-8.94117647058823,-7.194244604316546,-0.7220553316674594,-0.8603694504812243,2.259036144578319,-2.1613832853025983,3.0001667917604946,28.74081409287539,7.812034156523047,0.029560421577714102,0.2526310041589932,-1.0,-1.8369701987210297e-16,0,0,1,0,0.1572221743858515,-0.041829647960411886,0.4431338373525273,0.3900915440960384,0.09436686008178485,0.16531013587765542,0.21480817464888113,0.2133336729690294
2024-10-01,314.732,313.569,313.023,307.696,5.13,5.33,5.33,5.33,70.236,81.80045454545454,85.34727272727274,85.63952380952381,4.1,4.2,3.9,3.9,99.8084,99.9757,100.2434,100.4689,21268.6,21094.4,20958.8,20732.9,223382.0,222865.0,219665.0,222995.0,75.7216,75.9946,76.3803,76.859,3.72,4.25,4.54,4.8,252.682,257.321,256.978,255.192,70.1,66.4,77.2,63.8,2570.55,2398.2,2331.45,1916.25,314.12100000000004,313.60083333333336,311.6,5.2633333333333345,5.296666666666667,5.3133333333333335,76.2398787878788,78.97647049441785,78.48022731070098,4.166666666666667,4.066666666666666,3.9416666666666664,100.07166666666666,100.36923333333334,100.34300833333333,21182.933333333334,21099.2,20966.341666666664,222730.0,221710.66666666666,221515.33333333334,75.9953,76.32015,76.46769166666667,3.946666666666666,4.195,4.2475,255.15533333333335,255.61183333333335,254.4093333333333,68.13333333333334,69.81666666666668,70.75,2479.633333333333,2407.9866666666667,2215.8125,-3.752345215759856,-3.752345215759856,-8.407556474988587,-21.45820519988817,-2.3809523809523947,10.81081081081079,-0.619829156166074,-1.2004422838397089,0.39082781863322147,2.5101456539970535,0.6483646702081236,-0.4359065787127858,-0.7186340053782936,-2.0894132859221037,-3.875968992248058,-15.068493150684926,-1.088611658048333,-2.414514895687714,3.2400589101619914,3.3923303834808127,4.064530494099561,34.16581852344791,7.851875162774968,0.03984100625192166,0.29390630061807244,-0.8660254037844386,0.5000000000000001,0,0,0,1,0.2133336729690294,0.16770805381991494,0.21706766556210955,0.13668493471667986,0.17942130039159862,0.12701010848040575,0.20007835205496372,0.2856398459641696
2024-11-01,315.631,314.062,313.175,308.148,4.83,5.33,5.33,5.33,71.985,76.68318181818182,80.02454545454545,77.685,4.1,4.2,3.9,3.7,99.4695,100.4309,100.863,100.8639,21331.0,21185.8,21019.9,20746.4,224404.0,221943.0,221210.0,222402.0,75.3852,76.2697,76.7961,77.1081,4.1,3.87,4.48,4.5,253.081,255.463,255.313,252.856,70.5,67.9,69.1,61.3,2690.08,2470.15,2351.13,1984.11,314.80833333333334,314.0355,312.26124999999996,5.096666666666668,5.213333333333334,5.2716666666666665,72.9680606060606,76.7494250398724,77.342350326574,4.133333333333333,4.1000000000000005,3.9583333333333335,99.90293333333334,100.24025,100.259725,21261.8,21161.233333333334,21016.183333333334,223243.0,222500.5,221632.75,75.79216666666667,76.15429999999999,76.344875,3.896666666666666,4.121666666666666,4.189166666666666,253.742,254.9623333333333,254.23341666666667,69.5,68.7,71.30833333333334,2576.9266666666667,2467.7583333333337,2280.2983333333336,-5.847953216374268,-9.380863039399623,2.4901759781308597,-15.94418464994467,0.0,5.128205128205132,-0.33955057890919793,-0.9947356843759692,0.29339025605823466,2.884786981078369,0.457512243600644,0.6318527321240497,-0.44425896969952916,-1.9175373085780434,10.215053763440851,-14.583333333333337,0.1579059845972397,-0.8272202890372782,0.5706134094151327,10.501567398119139,4.649977631246216,40.38251793868233,7.8973262119306185,0.045451049155650125,0.33920078174459434,-0.5000000000000004,0.8660254037844384,0,0,0,1,0.2856398459641696,0.1572221743858515,0.04855873210594108,0.14689823722116024,0.21873189777301683,0.13843880521408244,0.21249126132558785,0.28419261732848256
2024-12-01,316.528,314.732,313.044,308.741,4.64,5.13,5.33,5.33,69.95,70.236,79.76736842105262,71.9,4.2,4.1,4.1,3.8,99.2925,99.8084,100.894,100.6031,21451.6,21268.6,21067.7,20777.8,224894.0,223382.0,221199.0,222282.0,75.1681,75.7216,76.7586,76.858,4.36,3.72,4.31,4.02,253.211,252.682,255.914,249.866,71.8,70.1,68.2,69.7,2651.13,2570.55,2326.44,2026.18,315.63033333333334,314.59433333333334,312.95958333333334,4.866666666666667,5.098333333333334,5.214166666666666,70.72366666666666,75.07033413078149,76.69776699324068,4.133333333333333,4.15,4.0,99.52346666666666,99.9785,100.128775,21350.399999999998,21233.183333333334,21074.95,224226.66666666666,223114.5,221840.41666666666,75.42496666666666,75.88296666666666,76.18320833333334,4.06,4.101666666666667,4.1775,252.99133333333336,254.61199999999997,254.263,70.8,69.15,72.18333333333334,2637.2533333333336,2517.758333333333,2335.883333333333,-3.9337474120082927,-12.945590994371493,-2.826977842606093,-9.956877132007468,2.4390243902439046,13.513513513513509,-0.17794399288223461,-1.5579409481489392,0.565374337818203,3.399143947865646,0.21835617903425142,1.1204935207417277,-0.2879875625454331,-2.5159483893391177,6.341463414634174,-3.111111111111109,0.05136695366305677,0.14039611478471326,1.8439716312056653,17.128874388254477,-1.4479123297448382,33.6180957708998,7.882741243185528,-0.01458496874509052,0.2898155133292599,-2.4492935982947064e-16,1.0,0,0,0,1,0.28419261732848256,0.2133336729690294,-0.041829647960411886,0.1924399963653789,0.26105537875389384,0.17771111941783935,0.2239324596678647,0.3399383308901438
2025-01-01,317.604,315.631,313.569,309.698,4.48,4.83,5.33,5.33,70.11809523809524,71.985,81.80045454545454,74.15238095238095,4.1,4.1,4.2,3.7,100.3273,99.4695,99.9757,99.2223,21485.3,21331.0,21094.4,20843.7,225836.0,224404.0,222865.0,219716.0,75.8651,75.3852,75.9946,75.7542,4.39,4.1,4.25,4.06,253.423,253.081,257.321,251.306,74.0,70.5,66.4,79.0,2648.01,2690.08,2398.2,2034.04,316.5876666666667,315.35433333333333,313.6981666666667,4.650000000000001,4.956666666666666,5.1433333333333335,70.68436507936508,73.46212193362193,76.5492749297486,4.133333333333332,4.1499999999999995,4.0249999999999995,99.69643333333333,99.88405,100.10579166666666,21422.633333333335,21302.783333333333,21133.908333333336,225044.66666666666,223887.33333333334,222136.58333333334,75.47279999999999,75.73405,76.10046666666666,4.283333333333332,4.114999999999999,4.208333333333333,253.23833333333334,254.1968333333333,254.5594166666667,72.10000000000001,70.11666666666667,72.54166666666667,2663.0733333333337,2571.3533333333335,2387.7025,-3.44827586206895,-15.947467166979356,0.2403077027808953,-2.478309821842517,-2.3809523809523947,7.8947368421052655,1.0421733766397212,-0.2741466217243804,0.15709783885584638,3.4050765721106213,0.4188639981502318,1.5988699039958254,0.9272550456909334,-1.2918629160269646,0.6880733944953921,9.203980099502495,0.08372464071466634,1.4235630297839696,3.064066852367686,6.1692969870875025,-0.11768566611217723,30.689770898932967,7.8815636934848134,-0.0011775497007144864,0.2676561676078615,0.49999999999999994,0.8660254037844387,1,0,0,0,0.3399383308901438,0.2856398459641696,0.16770805381991494,0.30996854969052023,0.3032569313942653,0.24133911589293197,0.23622398754492846,0.42726162139017365
2025-02-01,318.961,316.528,314.062,310.967,4.33,4.64,5.33,5.33,75.74249999999999,69.95,76.68318181818182,77.249,4.0,4.2,4.2,3.9,100.0647,99.2925,100.4309,100.285,21547.6,21451.6,21185.8,20926.9,222993.0,224894.0,221943.0,220371.0,75.5781,75.1681,76.2697,76.5157,4.63,4.36,3.87,4.21,257.36,253.211,255.463,254.926,71.7,71.8,67.9,76.9,2709.69,2651.13,2470.15,2023.24,317.6976666666667,316.253,314.4700833333334,4.483333333333333,4.79,5.06,71.93686507936508,72.45246284271285,76.68178485038354,4.099999999999999,4.116666666666666,4.05,99.89483333333334,99.89888333333333,100.17599166666666,21494.833333333332,21378.316666666666,21192.566666666666,224574.33333333334,223908.66666666666,222409.66666666666,75.5371,75.66463333333333,76.08579166666667,4.459999999999999,4.178333333333334,4.255833333333333,254.66466666666668,254.20333333333335,255.06391666666664,72.5,71.0,71.93333333333334,2669.61,2623.2683333333334,2444.0066666666667,-3.3482142857142905,-18.761726078799246,8.021331359339335,2.14439378371436,-2.4390243902438935,8.108108108108091,-0.261743314132834,0.849002693950851,0.2899656974768794,3.377039585102448,-1.2588781239483482,1.4914708077700345,-0.3783030668910947,-0.23246235852268926,5.46697038724373,14.039408866995085,1.5535290798388557,2.4090153040516427,-3.1081081081081097,-9.240506329113918,2.32929633951533,33.21714420562034,7.904589516186669,0.023025822701855603,0.28681027408814863,0.8660254037844386,0.5000000000000001,1,0,0,0,0.42726162139017365,0.28419261732848256,0.1572221743858515,0.40975401843086345,0.3504641898696,0.28459804382130843,0.24599841018656624,0.22510589068882592
2025-03-01,319.679,317.604,314.732,312.345,4.33,4.48,5.13,5.33,71.53315789473685,70.11809523809524,70.236,81.27799999999999,4.2,4.1,4.1,3.9,101.0993,100.3273,99.8084,100.4575,21613.2,21485.3,21268.6,20973.2,222699.0,225836.0,223382.0,220154.0,76.2685,75.8651,75.7216,76.5964,4.45,4.39,3.72,4.21,259.498,253.423,252.682,255.095,64.7,74.0,70.1,79.4,2894.73,2648.01,2570.55,2158.01,318.748,317.1891666666667,315.1960833333333,4.380000000000001,4.623333333333333,4.976666666666667,72.4645843776107,71.59412552213868,76.20546467494493,4.099999999999999,4.116666666666667,4.075,100.49709999999999,100.01028333333333,100.24385,21548.7,21449.55,21249.758333333335,223842.66666666666,224034.66666666666,222603.66666666666,75.90390000000001,75.66443333333332,76.06519166666666,4.489999999999998,4.2749999999999995,4.275833333333334,256.76033333333334,254.87583333333336,255.44491666666667,70.13333333333334,70.46666666666667,70.91666666666667,2750.81,2694.0316666666668,2516.630833333333,0.0,-18.761726078799246,-5.5574375090116535,-7.399244139423356,5.000000000000004,7.692307692307709,1.033931046612846,0.8119858403550007,0.30444225807051417,3.2795110599276533,-0.13184270358261863,1.0564003430578506,0.913492135949423,-0.3230709514517871,-3.887688984881199,5.700712589073631,0.8307429281939616,1.7934616320030239,-9.762900976290101,-15.864759427828357,6.828825437596175,43.07398034835215,7.97064712140901,0.06605760522234139,0.3581916555883522,1.0,6.123233995736766e-17,1,0,0,0,0.22510589068882592,0.3399383308901438,0.2133336729690294,0.4431338373525273,0.33076861432304777,0.29591199653847083,0.23061106620806313,0.03315826188146076
2025-04-01,319.785,318.961,315.631,313.023,4.33,4.33,4.83,5.33,68.23904761904762,75.74249999999999,71.985,85.34727272727274,4.2,4.0,4.1,3.9,101.0404,100.0647,99.4695,100.2434,21693.5,21547.6,21331.0,20958.8,225956.0,222993.0,224404.0,219665.0,76.1318,75.5781,75.3852,76.3803,4.28,4.63,4.1,4.54,258.525,257.36,253.081,256.978,57.0,71.7,70.5,77.2,2983.25,2709.69,2690.08,2331.45,319.47499999999997,318.0313333333333,315.8160833333333,4.33,4.49,4.8933333333333335,71.83823517126149,71.26130012531328,75.11888530986558,4.133333333333333,4.133333333333334,4.1000000000000005,100.7348,100.21561666666666,100.292425,21618.100000000002,21520.366666666665,21309.783333333333,223882.66666666666,224463.66666666666,223087.16666666666,75.9928,75.7328,76.02647499999999,4.453333333333332,4.368333333333333,4.281666666666667,258.461,255.84966666666665,255.73074999999997,64.46666666666667,68.28333333333333,69.05,2862.556666666667,2762.815,2585.400833333333,0.0,-18.761726078799246,-4.605011679390136,-16.04241292963947,0.0,7.692307692307709,-0.05825955273676131,0.5802453773984029,0.3715322117964881,3.434382926782753,1.4625121801175478,2.6354279277233106,-0.17923520195101128,-0.6065559216882344,-3.8202247191011174,1.6627078384798155,-0.37495472026759513,1.3445971108802413,-11.90108191653787,-28.21158690176323,3.057970864294779,38.24078665066426,8.000768589249764,0.03012146784075398,0.3238268095221244,0.8660254037844387,-0.49999999999999983,0,1,0,0,0.03315826188146076,0.42726162139017365,0.2856398459641696,0.21706766556210955,0.22850859132015344,0.2658827613572094,0.19644643491880756,0.16167112278562268
2025-05-01,320.302,319.679,316.528,313.175,4.33,4.33,4.64,5.33,63.53666666666667,71.53315789473685,69.95,80.02454545454545,4.2,4.2,4.2,3.9,101.1279,101.0993,99.2925,100.863,21775.5,21613.2,21451.6,21019.9,225346.0,222699.0,224894.0,221210.0,76.1048,76.2685,75.1681,76.7961,4.28,4.45,4.36,4.48,258.392,259.498,253.211,255.313,52.2,64.7,71.8,69.1,3217.64,2894.73,2651.13,2351.13,319.922,318.80983333333336,316.42266666666666,4.33,4.406666666666666,4.8100000000000005,67.76962406015038,69.85324456975773,73.30133480481506,4.2,4.15,4.125,101.0892,100.49201666666666,100.36613333333334,21694.06666666667,21594.449999999997,21377.841666666667,224667.0,224620.66666666666,223560.58333333334,76.16836666666667,75.85273333333333,76.00351666666667,4.336666666666666,4.398333333333333,4.260000000000001,258.805,256.73483333333337,255.84858333333332,57.96666666666667,65.23333333333333,66.96666666666667,3031.873333333333,2850.741666666667,2659.25,0.0,-18.761726078799246,-6.8910412973999025,-25.555129488790897,0.0,7.692307692307709,0.08659902375682815,0.8823523543694645,0.37799340816373483,3.8966925587342827,-0.26996406380003224,2.5862108210229273,-0.03546481233860366,-0.36069510070005917,0.0,-5.726872246696035,-0.05144570157624706,0.5502416549276523,-8.42105263157894,-32.38341968911917,7.856867510265642,38.01025113127024,8.076403450567172,0.0756348613174076,0.3221577799701558,0.49999999999999994,-0.8660254037844387,0,1,0,0,0.16167112278562268,0.22510589068882592,0.28419261732848256,0.04855873210594108,0.13997842511863645,0.24522130749411822,0.19183005635410033,0.09928130327003792
2025-06-01,320.62,319.785,317.604,313.044,4.33,4.33,4.48,5.33,62.16761904761905,68.23904761904762,70.11809523809524,79.76736842105262,4.3,4.2,4.1,4.1,100.9655,101.0404,100.3273,100.894,21833.8,21693.5,21485.3,21067.7,223349.0,225956.0,225836.0,221199.0,75.8894,76.1318,75.8651,76.7586,4.42,4.28,4.39,4.31,258.678,258.525,253.423,255.914,52.2,57.0,74.0,68.2,3309.49,2983.25,2648.01,2326.44,320.2356666666667,319.4918333333333,317.04308333333336,4.33,4.355,4.726666666666667,64.64777777777778,68.55618107769423,71.81325760423786,4.233333333333333,4.166666666666667,4.158333333333333,101.0446,100.77085,100.37467500000001,21767.600000000002,21658.149999999998,21445.666666666668,224883.66666666666,224363.16666666666,223738.83333333334,76.04199999999999,75.97295000000001,75.92795833333334,4.326666666666665,4.408333333333333,4.255,258.53166666666664,257.646,256.129,53.800000000000004,61.96666666666667,65.55833333333332,3170.126666666667,2960.4683333333337,2739.1133333333332,0.0,-18.761726078799246,-2.1547362977508366,-22.31431157215291,2.3809523809523725,10.256410256410264,-0.16058871982903566,0.10162299356553106,0.26773208422308237,3.8720450620602254,-0.8861927879793785,0.9669544776456762,-0.2830307680987354,-1.1806589136687973,3.2710280373831724,-1.3392857142857206,0.11068454131706318,1.317990074927633,0.0,-24.45730824891461,2.8545766462376054,40.76167630033216,8.10454937794994,0.02814592738276822,0.3418980353197316,1.2246467991473532e-16,-1.0,0,1,0,0,0.09928130327003792,0.03315826188146076,0.3399383308901438,-0.041829647960411886,0.09803689597904046,0.21440275515104412,0.19605693728444173,0.2541949971929469
2025-07-01,321.435,320.302,318.961,313.569,4.33,4.33,4.33,5.33,68.16900000000001,63.53666666666667,75.74249999999999,81.80045454545454,4.1,4.2,4.0,4.2,101.4785,101.1279,100.0647,99.9757,21938.7,21775.5,21547.6,21094.4,224939.0,225346.0,222993.0,222865.0,76.181,76.1048,75.5781,75.9946,4.38,4.28,4.63,4.25,260.491,258.392,257.36,257.321,60.7,52.2,71.7,66.4,3352.66,3217.64,2709.69,2398.2,320.78566666666666,320.13033333333334,317.74233333333336,4.33,4.33,4.6433333333333335,64.62442857142857,68.23133187134503,70.8467269024835,4.199999999999999,4.166666666666667,4.158333333333334,101.19063333333332,100.96271666666667,100.42338333333333,21849.333333333332,21733.716666666664,21518.25,224544.66666666666,224213.66666666666,224050.5,76.05839999999999,76.0256,75.879825,4.3599999999999985,4.406666666666667,4.260833333333333,259.18699999999995,258.824,256.5104166666667,55.03333333333334,59.75,64.93333333333334,3293.263333333334,3077.91,2824.6316666666667,0.0,-18.761726078799246,9.653548011520341,-14.540242019556848,-4.651162790697683,0.0,0.5080943490598289,0.5793208714095943,0.4804477461550549,4.134290881301705,0.7118903599299786,1.690785220548019,0.3842433857693006,-0.7524889719197625,-0.9049773755656076,1.6241299303944468,0.7008713535747058,1.7884914463452528,16.283524904214563,-10.997067448680353,1.3044305920247634,44.111174154502145,8.117509339594932,0.01295996164499158,0.36541485845581523,-0.4999999999999998,-0.8660254037844388,0,0,1,0,0.2541949971929469,0.16167112278562268,0.42726162139017365,0.16770805381991494,0.17171580774953585,0.20011219953484463,0.2207256577138883,0.22835098853577485
2025-08-01,322.169,320.62,319.679,314.062,4.33,4.33,4.33,5.33,68.39090909090909,62.16761904761905,71.53315789473685,76.68318181818182,4.3,4.3,4.2,4.2,101.894,100.9655,101.0993,100.4309,22019.9,21833.8,21613.2,21185.8,225884.0,223349.0,222699.0,221943.0,76.3997,75.8894,76.2685,76.2697,4.39,4.42,4.45,3.87,262.358,258.678,259.498,255.463,61.7,52.2,64.7,67.9,3340.15,3309.49,2894.73,2470.15,321.408,320.665,318.459,4.33,4.33,4.56,66.24250937950939,67.00606671982989,69.72926478127137,4.233333333333333,4.216666666666667,4.166666666666667,101.44600000000001,101.2676,100.58324166666667,21930.800000000003,21812.433333333334,21595.375,224724.0,224695.5,224302.08333333334,76.1567,76.16253333333333,75.91358333333334,4.396666666666666,4.366666666666666,4.2725,260.509,259.657,256.93016666666665,58.20000000000001,58.083333333333336,64.54166666666667,3334.1000000000004,3182.986666666666,2903.1275,0.0,-18.761726078799246,0.3255278659054506,-16.39299626030084,4.878048780487809,2.3809523809523725,0.4094463359233913,1.9187662602012212,0.37012220414154307,4.387420358009719,0.42011389754554873,1.35463172772754,0.28707945550727754,0.5330641914030654,0.22831050228309113,3.294117647058825,0.7167234184674465,1.9574772366032889,1.6474464579901094,-7.078313253012047,-0.373136554258402,39.27737469768995,8.113770995141955,-0.0037383444529766052,0.33129726019662264,-0.8660254037844384,-0.5000000000000004,0,0,1,0,0.22835098853577485,0.09928130327003792,0.22510589068882592,0.1572221743858515,0.19394242966625322,0.16696042739244485,0.22577923560687663,0.3482644202266627
2025-09-01,323.291,321.435,319.785,314.732,4.33,4.33,4.33,5.13,64.86428571428571,68.16900000000001,68.23904761904762,70.236,4.3,4.1,4.2,4.1,101.6247,101.4785,101.0404,99.8084,22086.8,21938.7,21693.5,21268.6,226329.0,224939.0,225956.0,223382.0,76.1055,76.181,76.1318,75.7216,4.26,4.38,4.28,3.72,262.11,260.491,258.525,252.682,58.2,60.7,57.0,70.1,3368.03,3352.66,2983.25,2570.55,322.29833333333335,321.267,319.22808333333336,4.33,4.33,4.4766666666666675,67.14139826839828,65.89458802308802,68.74435677261336,4.2333333333333325,4.233333333333333,4.175,101.66573333333334,101.35516666666668,100.682725,22015.13333333333,21891.366666666665,21670.458333333332,225717.33333333334,225300.5,224667.58333333334,76.22873333333332,76.13536666666666,75.8999,4.343333333333333,4.335,4.305000000000001,261.653,260.09233333333333,257.48408333333333,60.20000000000001,57.0,63.73333333333333,3353.6133333333332,3261.8700000000003,2977.950833333334,0.0,-18.761726078799246,-5.156567478779362,-15.41263132758246,0.0,2.3809523809523725,-0.26429426659076993,1.1886779865559305,0.3038160936243983,4.252848606141857,0.19700377184750373,1.9761830740325115,-0.3850800461258186,-0.21528864018082183,-2.9612756264236872,10.077519379844958,-0.09452732525785379,2.60194235564446,-5.672609400324147,-14.28571428571429,0.8346930527072249,36.349209562172334,8.122083282685967,0.00831228754401181,0.31004912616292035,-1.0,-1.8369701987210297e-16,0,0,1,0,0.3482644202266627,0.2541949971929469,0.03315826188146076,0.2133336729690294,0.27693680198512816,0.18748684898208431,0.24169942276027756,0.2950901819104068
2025-10-01,324.245,322.169,320.302,315.631,4.22,4.33,4.33,4.83,63.959047619047624,68.39090909090909,63.53666666666667,71.985,4.4,4.3,4.2,4.1,101.668,101.894,101.1279,99.4695,22169.8,22019.9,21775.5,21331.0,225814.0,225884.0,225346.0,224404.0,76.0461,76.3997,76.1048,75.3852,4.12,4.39,4.28,4.1,262.054,262.358,258.392,253.081,55.1,61.7,52.2,70.5,3667.68,3340.15,3217.64,2690.08,323.23499999999996,322.01033333333334,320.0208333333333,4.293333333333334,4.3116666666666665,4.400833333333334,65.7380808080808,65.1812546897547,68.22127740753399,4.333333333333333,4.266666666666667,4.2,101.7289,101.45976666666667,100.83769166666667,22092.166666666668,21970.75,21745.558333333334,226009.0,225276.83333333334,224870.25,76.18376666666667,76.12108333333333,75.92694166666666,4.256666666666666,4.308333333333333,4.338333333333333,262.174,260.6805,258.26508333333334,58.333333333333336,56.68333333333334,62.48333333333334,3458.6200000000003,3375.941666666667,3069.3783333333326,-2.5404157043879994,-17.738791423001953,-1.3955878574312575,-8.93694455970212,2.3255813953488413,7.317073170731736,0.04260775185560561,1.8631698334008018,0.37579006465400244,4.237232351917863,-0.22754485726530493,1.0887179808579006,-0.0780495496383482,0.42854350674048636,-3.2863849765258135,10.752688172043001,-0.021365075731583083,3.709009743472036,-5.32646048109966,-21.398002853067045,8.896892248584475,42.680749255995785,8.207314588567366,0.08523130588139871,0.3554394257923974,-0.8660254037844386,0.5000000000000001,0,0,0,1,0.2950901819104068,0.22835098853577485,0.16167112278562268,0.2856398459641696,0.2905685302242815,0.23114216898690865,0.24851246517205902,0.0
2025-11-01,324.245,323.291,320.62,316.528,4.09,4.33,4.33,4.64,60.89454545454546,64.86428571428571,62.16761904761905,69.95,4.4,4.3,4.3,4.2,101.2195,101.6247,100.9655,99.2925,22250.4,22086.8,21833.8,21451.6,225814.0,226329.0,223349.0,224894.0,75.6194,76.1055,75.8894,75.1681,4.06,4.26,4.42,4.36,260.591,262.11,258.678,253.211,53.6,58.2,52.2,71.8,4058.33,3368.03,3309.49,2651.13,323.92699999999996,322.66749999999996,320.7386666666667,4.213333333333334,4.271666666666667,4.339166666666666,63.23929292929293,64.74090115440116,67.29707286207945,4.366666666666666,4.3,4.2250000000000005,101.50406666666667,101.47503333333334,100.983525,22169.0,22049.899999999998,21822.175,225985.66666666666,225354.83333333334,224987.75,75.92366666666668,76.04018333333333,75.94645833333333,4.146666666666666,4.271666666666667,4.335,261.58500000000004,261.04699999999997,258.89091666666667,55.63333333333333,56.916666666666664,61.074999999999996,3698.013333333334,3516.056666666667,3183.3991666666666,-3.08056872037914,-15.320910973084889,-4.791350525972382,-15.406618803159745,0.0,7.317073170731736,-0.44114175551797086,1.7593332629600056,0.3635576324549694,4.31015892363229,0.0,0.6283310457924074,-0.561107012719908,0.31067106010198575,-1.456310679611661,-0.9756097560975618,-0.5582818808337109,2.967429400073507,-2.722323049001818,-23.97163120567376,10.651147319286313,50.86279961934217,8.308526837927108,0.10121224935974205,0.4112006259964893,-0.5000000000000004,0.8660254037844384,0,0,0,1,0.0,0.3482644202266627,0.09928130327003792,0.28419261732848256,0.21445153404568984,0.20419698185597154,0.22470914467504488,0.2522783697512576
2025-12-01,325.063,324.245,321.435,317.604,3.88,4.22,4.33,4.48,60.06222222222222,63.959047619047624,68.16900000000001,70.11809523809524,4.5,4.4,4.1,4.1,101.081,101.668,101.4785,100.3273,22296.5,22169.8,21938.7,21485.3,226023.0,225814.0,224939.0,225836.0,75.4249,76.0461,76.181,75.8651,4.09,4.12,4.38,4.39,261.914,262.054,260.491,253.423,51.0,55.1,60.7,74.0,4087.19,3667.68,3352.66,2648.01,324.5176666666667,323.408,321.44991666666664,4.0633333333333335,4.196666666666666,4.275833333333334,61.6386050986051,64.3900016835017,66.47309138059796,4.433333333333333,4.333333333333333,4.25,101.32283333333334,101.49428333333333,101.13256666666666,22238.899999999998,22127.016666666666,21892.583333333332,225883.66666666666,225800.5,225081.83333333334,75.6968,75.96276666666667,75.96785833333333,4.089999999999999,4.216666666666666,4.3125,261.51966666666664,261.5863333333333,259.6161666666667,53.23333333333333,56.71666666666667,59.34166666666667,3937.7333333333336,3645.6733333333336,3303.070833333333,-5.134474327628357,-16.37931034482758,-1.366827235691459,-14.135493606544369,2.2727272727272707,7.14285714285714,-0.1368313417869027,1.801243799884178,0.20718728652069363,3.938633948050496,0.09255404890751162,0.5020142822840912,-0.2572091288743472,0.3416342836921382,0.7389162561576512,-6.192660550458728,0.5076921305801063,3.437054472357026,-4.850746268656714,-28.96935933147632,0.7111299475399901,54.16784540931603,8.315612971350843,0.007086133423735319,0.43287172816531516,-2.4492935982947064e-16,1.0,0,0,0,1,0.2522783697512576,0.2950901819104068,0.2541949971929469,0.3399383308901438,0.18245618388722148,0.2296964929361748,0.22204962404360948,0.297788428704604
