date,y_true,y_pred,model,horizon
2011-01-01,0.3243042200370194,0.3619507012913863,ElasticNet,1
2011-02-01,0.321447463006419,0.2617571270977935,ElasticNet,1
2011-03-01,0.51735482068338,0.16086891468971706,ElasticNet,1
2011-04-01,0.4694098975099203,0.2779968146518652,ElasticNet,1
2011-05-01,0.3181714734507679,0.18204794303152372,ElasticNet,1
2011-06-01,0.0,-0.04458459932460343,ElasticNet,1
2011-07-01,0.2620036831757044,-0.03657602267312163,ElasticNet,1
2011-08-01,0.3154462166418792,0.06232795747764791,ElasticNet,1
2011-09-01,0.2171547858084377,-0.18348742668181056,ElasticNet,1
2011-10-01,0.0675207527019328,-0.07329353670000988,ElasticNet,1
2011-11-01,0.1847850055126887,-0.04502285339681378,ElasticNet,1
2011-12-01,0.0237708490154808,0.09589619031851562,ElasticNet,1
2012-01-01,0.2724196054096683,0.17518759109826268,ElasticNet,1
2012-02-01,0.2137446124946151,0.2584498272571562,ElasticNet,1
2012-03-01,0.2093470387029228,0.22644345470598803,ElasticNet,1
2012-04-01,0.1660788350006825,0.22240757994074958,ElasticNet,1
2012-05-01,-0.2068180132381081,0.12666558108496262,ElasticNet,1
2012-06-01,-0.0826363171310684,0.11724312637252761,ElasticNet,1
2012-07-01,0.0288809928060018,0.0022002402283044786,ElasticNet,1
2012-08-01,0.580952797585188,0.300399153867821,ElasticNet,1
2012-09-01,0.4771266277542318,0.4251917003387359,ElasticNet,1
2012-10-01,0.2696794580438588,0.19872870116411787,ElasticNet,1
2012-11-01,-0.1679344494426637,0.03179419588761795,ElasticNet,1
2012-12-01,-0.0121081604677164,-0.006341816967662894,ElasticNet,1
2013-01-01,0.1980788942180789,0.17140268206286025,ElasticNet,1
2013-02-01,0.5429926752100966,0.308590861465372,ElasticNet,1
2013-03-01,-0.2811919102589932,0.2740890665615459,ElasticNet,1
2013-04-01,-0.2087979266581219,0.0837035784150238,ElasticNet,1
2013-05-01,0.0414155489501633,0.2033299462767542,ElasticNet,1
2013-06-01,0.2380408205508555,0.26854929699911334,ElasticNet,1
2013-07-01,0.1957452300544337,0.18031603672555815,ElasticNet,1
2013-08-01,0.2387290682696274,0.09917908547071415,ElasticNet,1
2013-09-01,0.03769446919335,0.057569321617028796,ElasticNet,1
2013-10-01,0.0535231048539142,-0.11499192335645922,ElasticNet,1
2013-11-01,0.184448942735238,-0.08931330631406412,ElasticNet,1
2013-12-01,0.2644169158479315,-0.1441062048811597,ElasticNet,1
2014-01-01,0.2424175290453689,0.213316878111758,ElasticNet,1
2014-02-01,0.1100778620244158,0.02569791574589933,ElasticNet,1
2014-03-01,0.204205530106516,0.33587093190826683,ElasticNet,1
2014-04-01,0.1864185605097601,0.22379749799243304,ElasticNet,1
2014-05-01,0.1903005903547194,0.1701082185015272,ElasticNet,1
2014-06-01,0.1321132206079767,0.11021834609267481,ElasticNet,1
2014-07-01,0.1125485286492811,0.24029515509539506,ElasticNet,1
2014-08-01,-0.0160001347379701,0.19067185108317436,ElasticNet,1
2014-09-01,0.0071591004800808,0.1842949533081397,ElasticNet,1
2014-10-01,-0.0197913903241198,0.07624626194473288,ElasticNet,1
2014-11-01,-0.1882660152465964,-0.037505263356127194,ElasticNet,1
2014-12-01,-0.3084609444559238,-0.0586509034567578,ElasticNet,1
2015-01-01,-0.6370316441765556,-0.13305928236396486,ElasticNet,1
2015-02-01,0.2534643680217385,-0.09500623729818486,ElasticNet,1
2015-03-01,0.2693951780812442,0.3456338462572548,ElasticNet,1
2015-04-01,0.1042478896158938,0.18198917304285098,ElasticNet,1
2015-05-01,0.3297745341246827,0.31112838679752847,ElasticNet,1
2015-06-01,0.2767920810460733,0.356335879542644,ElasticNet,1
2015-07-01,0.1586319780187306,0.21738783175976079,ElasticNet,1
2015-08-01,-0.0004201080517907,0.008383198247886137,ElasticNet,1
2015-09-01,-0.2247587519377591,-0.03447245762819329,ElasticNet,1
2015-10-01,0.098948201669069,0.10428087284271809,ElasticNet,1
2015-11-01,0.1194617491050875,0.17290705820438296,ElasticNet,1
2015-12-01,-0.1075553426856057,0.07989843101035494,ElasticNet,1
2016-01-01,-0.0458443563073895,0.06193520159819438,ElasticNet,1
2016-02-01,-0.1329675323582302,-0.04581383132351316,ElasticNet,1
2016-03-01,0.3134796238244419,0.1709229665882479,ElasticNet,1
2016-04-01,0.3830645161290169,0.5563597911842263,ElasticNet,1
2016-05-01,0.236409586931785,0.30704541297610677,ElasticNet,1
2016-06-01,0.2775957287827202,0.3762050226692525,ElasticNet,1
2016-07-01,-0.050370074347894,0.31949042067259303,ElasticNet,1
2016-08-01,0.1849221785831689,0.1371636921878046,ElasticNet,1
2016-09-01,0.2623209794425207,0.29168085819881123,ElasticNet,1
2016-10-01,0.2342687497926876,0.1539971351613542,ElasticNet,1
2016-11-01,0.1178947716771183,0.23491847085553422,ElasticNet,1
2016-12-01,0.2524522158776188,0.05256597420959147,ElasticNet,1
2017-01-01,0.4043076694815628,0.3991423279421086,ElasticNet,1
2017-02-01,0.1592657357009752,0.31713979726304364,ElasticNet,1
2017-03-01,-0.0467201626189517,0.16973031939686842,ElasticNet,1
2017-04-01,0.1234152821740774,-0.07755162893978104,ElasticNet,1
2017-05-01,-0.0773977960056293,0.15974102032010118,ElasticNet,1
2017-06-01,0.0651628661825221,0.019148183826022208,ElasticNet,1
2017-07-01,0.0327649971535448,0.14479353113789512,ElasticNet,1
2017-08-01,0.3848626163288182,0.21842456256163195,ElasticNet,1
2017-09-01,0.5106389920997767,0.26238969115652977,ElasticNet,1
2017-10-01,0.077505224501384,0.20116161857180745,ElasticNet,1
2017-11-01,0.2668007428251684,0.0919563400369261,ElasticNet,1
2017-12-01,0.2106889244755105,0.2226967854945917,ElasticNet,1
2018-01-01,0.4253344363511546,0.17607954282652305,ElasticNet,1
2018-02-01,0.2692287600609022,0.33313526276486977,ElasticNet,1
2018-03-01,0.0192362410782021,0.2207814672417561,ElasticNet,1
2018-04-01,0.2604406656061986,0.1346714707612613,ElasticNet,1
2018-05-01,0.2257949781598212,0.25531538686030986,ElasticNet,1
2018-06-01,0.090114517209483,0.31889945989974516,ElasticNet,1
2018-07-01,0.0780820498928358,0.15993368080208972,ElasticNet,1
2018-08-01,0.1787320770339384,0.21861064415076786,ElasticNet,1
2018-09-01,0.2062281702117419,0.10665799092666746,ElasticNet,1
2018-10-01,0.2339580144498754,0.1512836138500193,ElasticNet,1
2018-11-01,-0.0704191919991159,0.12822862752285566,ElasticNet,1
2018-12-01,0.0684893544581344,-0.17482505574988047,ElasticNet,1
2019-01-01,-0.0814979803534399,-0.055165845935647356,ElasticNet,1
2019-02-01,0.3001255142321968,0.1815347311246802,ElasticNet,1
2019-03-01,0.3781792917230797,0.32646798903144203,ElasticNet,1
2019-04-01,0.3759679404743643,0.2712662646634652,ElasticNet,1
2019-05-01,0.0246833285664438,0.26305055810888434,ElasticNet,1
2019-06-01,-0.0325112810228067,0.06587219858860774,ElasticNet,1
2019-07-01,0.2307876166182776,0.03456124967241511,ElasticNet,1
2019-08-01,0.0914770017435451,0.2624872342586843,ElasticNet,1
2019-09-01,0.1538846099767177,0.13708497217649734,ElasticNet,1
2019-10-01,0.2827282299262768,0.10757957918093734,ElasticNet,1
2019-11-01,0.281542260504386,0.10407203189804241,ElasticNet,1
2019-12-01,0.2912218521089249,0.1942158569395478,ElasticNet,1
2020-01-01,0.1921664153423874,0.31297373753429814,ElasticNet,1
2020-02-01,0.047467072130658,0.10675694487746407,ElasticNet,1
2020-03-01,-0.4528447444551498,-0.07144028540871475,ElasticNet,1
2020-04-01,-0.7920147553434065,-0.6057351597148075,ElasticNet,1
2020-05-01,-0.0898325209348738,-0.63950213844135,ElasticNet,1
2020-06-01,0.4847499237691677,1.2685018291240426,ElasticNet,1
2020-07-01,0.5096443382793581,0.42232885660753655,ElasticNet,1
2020-08-01,0.3731343283582156,0.2531456113424814,ElasticNet,1
2020-09-01,0.2626139536318739,0.21871511296756008,ElasticNet,1
2020-10-01,0.1238475828567287,-0.04920751247983993,ElasticNet,1
2020-11-01,0.2274132890799363,-0.03912692542351759,ElasticNet,1
2020-12-01,0.4346309661148906,0.018859920236536043,ElasticNet,1
2021-01-01,0.2449960884580937,0.3819679381019205,ElasticNet,1
2021-02-01,0.3395676223033383,0.3919397722422186,ElasticNet,1
2021-03-01,0.524320981565296,0.5344450646695138,ElasticNet,1
2021-04-01,0.6238653990587206,0.6282400857841665,ElasticNet,1
2021-05-01,0.6635060424433847,0.6129317730697121,ElasticNet,1
2021-06-01,0.8461787818155431,0.31360373834602717,ElasticNet,1
2021-07-01,0.4614747980816958,0.3174689828307705,ElasticNet,1
2021-08-01,0.2842925602144719,0.12707057460315457,ElasticNet,1
2021-09-01,0.4525517463950024,0.08338906870896003,ElasticNet,1
2021-10-01,0.9638202329232072,0.18858742888508617,ElasticNet,1
2021-11-01,0.8566262881938069,0.363395493945592,ElasticNet,1
2021-12-01,0.6905230550805275,0.08274023829890081,ElasticNet,1
2022-01-01,0.6046039630400957,0.2251144684344782,ElasticNet,1
2022-02-01,0.6926379347568234,0.5565280240613579,ElasticNet,1
2022-03-01,1.115641476274165,0.4910109584611718,ElasticNet,1
2022-04-01,0.3083351293478031,0.4279936544554802,ElasticNet,1
2022-05-01,0.948499623996324,0.15238370882338464,ElasticNet,1
2022-06-01,1.2561019986405686,0.30724607556557304,ElasticNet,1
2022-07-01,-0.014917428642136,1.2614695965575593,ElasticNet,1
2022-08-01,0.0623912814965654,0.8687104507856545,ElasticNet,1
2022-09-01,0.4242672748282716,1.4110052409386777,ElasticNet,1
2022-10-01,0.5594754832984217,1.6358020721909559,ElasticNet,1
2022-11-01,0.2614032556282231,2.052145941964546,ElasticNet,1
2022-12-01,0.0153956343335925,2.344986100105553,ElasticNet,1
2023-01-01,0.5314022594635093,0.18720011932773198,ElasticNet,1
2023-02-01,0.3428533386591992,0.45143338639487773,ElasticNet,1
2023-03-01,0.1230718195389002,0.2823507896446057,ElasticNet,1
2023-04-01,0.3392739405144063,0.25622906662496603,ElasticNet,1
2023-05-01,0.1614687381333635,0.3346746511188116,ElasticNet,1
2023-06-01,0.224175331482801,0.1523794332473684,ElasticNet,1
2023-07-01,0.1957146710348745,0.43673103007980696,ElasticNet,1
2023-08-01,0.4835707415079771,0.5383960195645114,ElasticNet,1
2023-09-01,0.3900915440960384,0.5781348304837421,ElasticNet,1
2023-10-01,0.1366849347166798,0.4082792502318924,ElasticNet,1
2023-11-01,0.1468982372211602,0.2558752429686268,ElasticNet,1
2023-12-01,0.1924399963653789,0.1932902134320769,ElasticNet,1
2024-01-01,0.3099685496905202,0.19645808293293618,ElasticNet,1
2024-02-01,0.4097540184308634,0.3651004674366852,ElasticNet,1
2024-03-01,0.4431338373525273,0.3878954540881803,ElasticNet,1
2024-04-01,0.2170676655621095,0.30082432461721065,ElasticNet,1
2024-05-01,0.048558732105941,0.35746566072249064,ElasticNet,1
2024-06-01,-0.0418296479604118,0.1587082051155822,ElasticNet,1
2024-07-01,0.1677080538199149,0.2566407103810638,ElasticNet,1
2024-08-01,0.1572221743858515,0.35764112992300423,ElasticNet,1
2024-09-01,0.2133336729690294,0.20478676855475403,ElasticNet,1
2024-10-01,0.2856398459641696,0.1348676773852959,ElasticNet,1
2024-11-01,0.2841926173284825,0.30274262028279414,ElasticNet,1
2024-12-01,0.3399383308901438,0.21778230249540964,ElasticNet,1
2025-01-01,0.4272616213901736,0.3068785842930141,ElasticNet,1
2025-02-01,0.2251058906888259,0.4482944030362854,ElasticNet,1
2025-03-01,0.0331582618814607,0.23050956458774893,ElasticNet,1
2025-04-01,0.1616711227856226,0.22830787698525945,ElasticNet,1
2025-05-01,0.0992813032700379,0.3142217681372209,ElasticNet,1
2025-06-01,0.2541949971929469,0.40571354612366073,ElasticNet,1
2025-07-01,0.2283509885357748,0.4974682662816521,ElasticNet,1
2025-08-01,0.3482644202266627,0.4415232630382179,ElasticNet,1
2025-09-01,0.2950901819104068,0.350099397520388,ElasticNet,1
2025-10-01,0.0,0.29183014059581136,ElasticNet,1
2025-11-01,0.2522783697512576,0.2280859108466769,ElasticNet,1
2025-12-01,0.297788428704604,0.31517987941651604,ElasticNet,1
2011-01-01,0.3243042200370194,-0.061753410219890385,RandomForest,1
2011-02-01,0.321447463006419,-0.09465213924226511,RandomForest,1
2011-03-01,0.51735482068338,-0.16780847896066828,RandomForest,1
2011-04-01,0.4694098975099203,-0.06166629803346014,RandomForest,1
2011-05-01,0.3181714734507679,-0.1977020232169037,RandomForest,1
2011-06-01,0.0,-0.5033510382310209,RandomForest,1
2011-07-01,0.2620036831757044,-0.19983177382750977,RandomForest,1
2011-08-01,0.3154462166418792,0.041092375625372136,RandomForest,1
2011-09-01,0.2171547858084377,-0.2917423990738268,RandomForest,1
2011-10-01,0.0675207527019328,-0.1551050471692082,RandomForest,1
2011-11-01,0.1847850055126887,0.05857694896262123,RandomForest,1
2011-12-01,0.0237708490154808,0.022960377743643186,RandomForest,1
2012-01-01,0.2724196054096683,0.22236352161602016,RandomForest,1
2012-02-01,0.2137446124946151,0.28124226952518894,RandomForest,1
2012-03-01,0.2093470387029228,0.3267396943260459,RandomForest,1
2012-04-01,0.1660788350006825,0.3229946918466419,RandomForest,1
2012-05-01,-0.2068180132381081,0.16113042684224993,RandomForest,1
2012-06-01,-0.0826363171310684,0.061988892203423414,RandomForest,1
2012-07-01,0.0288809928060018,-0.009015767796798302,RandomForest,1
2012-08-01,0.580952797585188,0.36384747151638314,RandomForest,1
2012-09-01,0.4771266277542318,0.3573879393176863,RandomForest,1
2012-10-01,0.2696794580438588,0.35515736723396624,RandomForest,1
2012-11-01,-0.1679344494426637,-0.047719218427812626,RandomForest,1
2012-12-01,-0.0121081604677164,0.04771729871612225,RandomForest,1
2013-01-01,0.1980788942180789,0.4113875427437334,RandomForest,1
2013-02-01,0.5429926752100966,0.37115038168816056,RandomForest,1
2013-03-01,-0.2811919102589932,0.3308743551563873,RandomForest,1
2013-04-01,-0.2087979266581219,0.08061043002839596,RandomForest,1
2013-05-01,0.0414155489501633,0.0859936024650588,RandomForest,1
2013-06-01,0.2380408205508555,0.36446948956711195,RandomForest,1
2013-07-01,0.1957452300544337,0.2803788880920466,RandomForest,1
2013-08-01,0.2387290682696274,0.26908140236624556,RandomForest,1
2013-09-01,0.03769446919335,0.19147092885316577,RandomForest,1
2013-10-01,0.0535231048539142,0.17748144577659464,RandomForest,1
2013-11-01,0.184448942735238,0.000784872039513753,RandomForest,1
2013-12-01,0.2644169158479315,-0.021122883276859687,RandomForest,1
2014-01-01,0.2424175290453689,0.20449574483504487,RandomForest,1
2014-02-01,0.1100778620244158,-0.08300782802052602,RandomForest,1
2014-03-01,0.204205530106516,0.14403816270277947,RandomForest,1
2014-04-01,0.1864185605097601,0.2100363572501414,RandomForest,1
2014-05-01,0.1903005903547194,0.1510640738355883,RandomForest,1
2014-06-01,0.1321132206079767,0.12349879650551297,RandomForest,1
2014-07-01,0.1125485286492811,0.13132457838957537,RandomForest,1
2014-08-01,-0.0160001347379701,0.06970377445620637,RandomForest,1
2014-09-01,0.0071591004800808,0.07858230308701479,RandomForest,1
2014-10-01,-0.0197913903241198,0.035649130468793803,RandomForest,1
2014-11-01,-0.1882660152465964,0.0943688870625267,RandomForest,1
2014-12-01,-0.3084609444559238,0.04037574719765071,RandomForest,1
2015-01-01,-0.6370316441765556,-0.10239540670102343,RandomForest,1
2015-02-01,0.2534643680217385,-0.12298770996315848,RandomForest,1
2015-03-01,0.2693951780812442,0.27141695924082365,RandomForest,1
2015-04-01,0.1042478896158938,-0.07724610150278036,RandomForest,1
2015-05-01,0.3297745341246827,0.16924870536033704,RandomForest,1
2015-06-01,0.2767920810460733,0.2234586906264388,RandomForest,1
2015-07-01,0.1586319780187306,0.24850011847539155,RandomForest,1
2015-08-01,-0.0004201080517907,0.010311489352115084,RandomForest,1
2015-09-01,-0.2247587519377591,0.013114897035085069,RandomForest,1
2015-10-01,0.098948201669069,0.23205598669271507,RandomForest,1
2015-11-01,0.1194617491050875,0.26433352469582544,RandomForest,1
2015-12-01,-0.1075553426856057,-0.02188295820212003,RandomForest,1
2016-01-01,-0.0458443563073895,-0.07524097733573891,RandomForest,1
2016-02-01,-0.1329675323582302,-0.07849543099059039,RandomForest,1
2016-03-01,0.3134796238244419,-0.06942266415542213,RandomForest,1
2016-04-01,0.3830645161290169,0.5220369082230639,RandomForest,1
2016-05-01,0.236409586931785,0.4535676723827848,RandomForest,1
2016-06-01,0.2775957287827202,0.44365361942910475,RandomForest,1
2016-07-01,-0.050370074347894,0.3387439720162153,RandomForest,1
2016-08-01,0.1849221785831689,0.03126773572929101,RandomForest,1
2016-09-01,0.2623209794425207,0.3655046304321408,RandomForest,1
2016-10-01,0.2342687497926876,0.3770791788334739,RandomForest,1
2016-11-01,0.1178947716771183,0.35551752013515253,RandomForest,1
2016-12-01,0.2524522158776188,-0.025657473504474813,RandomForest,1
2017-01-01,0.4043076694815628,0.31333337019237506,RandomForest,1
2017-02-01,0.1592657357009752,0.33810362235293523,RandomForest,1
2017-03-01,-0.0467201626189517,0.32605792323639415,RandomForest,1
2017-04-01,0.1234152821740774,0.07107274296705288,RandomForest,1
2017-05-01,-0.0773977960056293,0.24224891666957016,RandomForest,1
2017-06-01,0.0651628661825221,0.08434105910569961,RandomForest,1
2017-07-01,0.0327649971535448,0.08047642138016663,RandomForest,1
2017-08-01,0.3848626163288182,0.16866574669313064,RandomForest,1
2017-09-01,0.5106389920997767,0.15623707353202246,RandomForest,1
2017-10-01,0.077505224501384,0.13465720310048385,RandomForest,1
2017-11-01,0.2668007428251684,0.15320287363799465,RandomForest,1
2017-12-01,0.2106889244755105,0.19240540583940433,RandomForest,1
2018-01-01,0.4253344363511546,0.23343414298568332,RandomForest,1
2018-02-01,0.2692287600609022,0.27785151216025755,RandomForest,1
2018-03-01,0.0192362410782021,0.12324019688655737,RandomForest,1
2018-04-01,0.2604406656061986,0.266563507612248,RandomForest,1
2018-05-01,0.2257949781598212,0.2636529576191462,RandomForest,1
2018-06-01,0.090114517209483,0.3337307019915024,RandomForest,1
2018-07-01,0.0780820498928358,0.03160624917696666,RandomForest,1
2018-08-01,0.1787320770339384,0.276181757956022,RandomForest,1
2018-09-01,0.2062281702117419,-0.09916832493327014,RandomForest,1
2018-10-01,0.2339580144498754,0.22848118735338926,RandomForest,1
2018-11-01,-0.0704191919991159,0.2469348019836553,RandomForest,1
2018-12-01,0.0684893544581344,-0.05412819391121879,RandomForest,1
2019-01-01,-0.0814979803534399,0.08186270902160268,RandomForest,1
2019-02-01,0.3001255142321968,0.26418312857614806,RandomForest,1
2019-03-01,0.3781792917230797,0.2593063201607438,RandomForest,1
2019-04-01,0.3759679404743643,0.21541378962276664,RandomForest,1
2019-05-01,0.0246833285664438,0.22327700291445535,RandomForest,1
2019-06-01,-0.0325112810228067,0.060910453798609064,RandomForest,1
2019-07-01,0.2307876166182776,0.0041201695434008884,RandomForest,1
2019-08-01,0.0914770017435451,0.23084943696548677,RandomForest,1
2019-09-01,0.1538846099767177,0.05163739508287982,RandomForest,1
2019-10-01,0.2827282299262768,0.23956779537524484,RandomForest,1
2019-11-01,0.281542260504386,0.03554799446996398,RandomForest,1
2019-12-01,0.2912218521089249,0.2317735505321177,RandomForest,1
2020-01-01,0.1921664153423874,0.22294905783969693,RandomForest,1
2020-02-01,0.047467072130658,0.0828715937418363,RandomForest,1
2020-03-01,-0.4528447444551498,0.06927176150325087,RandomForest,1
2020-04-01,-0.7920147553434065,-0.03588097117731572,RandomForest,1
2020-05-01,-0.0898325209348738,-0.06817970490613746,RandomForest,1
2020-06-01,0.4847499237691677,0.35802016307248424,RandomForest,1
2020-07-01,0.5096443382793581,0.29714466660090855,RandomForest,1
2020-08-01,0.3731343283582156,0.23656598887737879,RandomForest,1
2020-09-01,0.2626139536318739,0.2205769608427281,RandomForest,1
2020-10-01,0.1238475828567287,-0.0759369121931217,RandomForest,1
2020-11-01,0.2274132890799363,0.08568023023608491,RandomForest,1
2020-12-01,0.4346309661148906,0.2019308334025652,RandomForest,1
2021-01-01,0.2449960884580937,0.35383856798336555,RandomForest,1
2021-02-01,0.3395676223033383,0.33599421565186566,RandomForest,1
2021-03-01,0.524320981565296,0.35467084802552956,RandomForest,1
2021-04-01,0.6238653990587206,0.26627242445687604,RandomForest,1
2021-05-01,0.6635060424433847,0.07134107416053931,RandomForest,1
2021-06-01,0.8461787818155431,0.3209592515340897,RandomForest,1
2021-07-01,0.4614747980816958,0.5428163256195006,RandomForest,1
2021-08-01,0.2842925602144719,0.563062728794632,RandomForest,1
2021-09-01,0.4525517463950024,-0.14637514236313345,RandomForest,1
2021-10-01,0.9638202329232072,0.5367140791546147,RandomForest,1
2021-11-01,0.8566262881938069,0.6436616618017507,RandomForest,1
2021-12-01,0.6905230550805275,-0.13876324898338385,RandomForest,1
2022-01-01,0.6046039630400957,0.12328813065788506,RandomForest,1
2022-02-01,0.6926379347568234,0.6576193386630113,RandomForest,1
2022-03-01,1.115641476274165,0.6774801296330273,RandomForest,1
2022-04-01,0.3083351293478031,0.633491079521783,RandomForest,1
2022-05-01,0.948499623996324,-0.0316119638333464,RandomForest,1
2022-06-01,1.2561019986405686,0.6077150110917832,RandomForest,1
2022-07-01,-0.014917428642136,0.8805899966887835,RandomForest,1
2022-08-01,0.0623912814965654,0.479440021036674,RandomForest,1
2022-09-01,0.4242672748282716,0.527318532267597,RandomForest,1
2022-10-01,0.5594754832984217,0.5930153971896871,RandomForest,1
2022-11-01,0.2614032556282231,0.521367911748559,RandomForest,1
2022-12-01,0.0153956343335925,0.16508901799581274,RandomForest,1
2023-01-01,0.5314022594635093,0.10294805975761509,RandomForest,1
2023-02-01,0.3428533386591992,0.2359274798205429,RandomForest,1
2023-03-01,0.1230718195389002,0.15013891586380532,RandomForest,1
2023-04-01,0.3392739405144063,0.16754013216050684,RandomForest,1
2023-05-01,0.1614687381333635,0.2549438904433227,RandomForest,1
2023-06-01,0.224175331482801,0.09623574684982839,RandomForest,1
2023-07-01,0.1957146710348745,0.23334806980339146,RandomForest,1
2023-08-01,0.4835707415079771,0.2631495662867385,RandomForest,1
2023-09-01,0.3900915440960384,0.2826430616033662,RandomForest,1
2023-10-01,0.1366849347166798,0.23863136438120638,RandomForest,1
2023-11-01,0.1468982372211602,0.18618225160394722,RandomForest,1
2023-12-01,0.1924399963653789,0.20864028004432342,RandomForest,1
2024-01-01,0.3099685496905202,0.1410256799176822,RandomForest,1
2024-02-01,0.4097540184308634,0.2724573420970259,RandomForest,1
2024-03-01,0.4431338373525273,0.28938204300868,RandomForest,1
2024-04-01,0.2170676655621095,0.2675835609937716,RandomForest,1
2024-05-01,0.048558732105941,0.2834310410214742,RandomForest,1
2024-06-01,-0.0418296479604118,0.20426448228899702,RandomForest,1
2024-07-01,0.1677080538199149,0.19510894115076863,RandomForest,1
2024-08-01,0.1572221743858515,0.29271014372685317,RandomForest,1
2024-09-01,0.2133336729690294,0.18048756952932693,RandomForest,1
2024-10-01,0.2856398459641696,0.18393783709839473,RandomForest,1
2024-11-01,0.2841926173284825,0.30112973775759105,RandomForest,1
2024-12-01,0.3399383308901438,0.17086011842590995,RandomForest,1
2025-01-01,0.4272616213901736,0.25439264213293966,RandomForest,1
2025-02-01,0.2251058906888259,0.3116764241277956,RandomForest,1
2025-03-01,0.0331582618814607,0.17610394966667628,RandomForest,1
2025-04-01,0.1616711227856226,0.15312518417257986,RandomForest,1
2025-05-01,0.0992813032700379,0.16589885158990067,RandomForest,1
2025-06-01,0.2541949971929469,0.1469740629898164,RandomForest,1
2025-07-01,0.2283509885357748,0.3127973047301761,RandomForest,1
2025-08-01,0.3482644202266627,0.27369210567516344,RandomForest,1
2025-09-01,0.2950901819104068,0.2187006525259127,RandomForest,1
2025-10-01,0.0,0.2061143196154605,RandomForest,1
2025-11-01,0.2522783697512576,0.17003590186702686,RandomForest,1
2025-12-01,0.297788428704604,0.21122562687375765,RandomForest,1
2011-01-01,0.3243042200370194,-0.3895377814769745,XGBoost,1
2011-02-01,0.321447463006419,-0.400677889585495,XGBoost,1
2011-03-01,0.51735482068338,-0.5026423931121826,XGBoost,1
2011-04-01,0.4694098975099203,-0.3946547210216522,XGBoost,1
2011-05-01,0.3181714734507679,-0.5721781849861145,XGBoost,1
2011-06-01,0.0,-0.7106537222862244,XGBoost,1
2011-07-01,0.2620036831757044,-0.030305584892630577,XGBoost,1
2011-08-01,0.3154462166418792,0.08182656019926071,XGBoost,1
2011-09-01,0.2171547858084377,-0.11445507407188416,XGBoost,1
2011-10-01,0.0675207527019328,0.02655617892742157,XGBoost,1
2011-11-01,0.1847850055126887,0.2202025204896927,XGBoost,1
2011-12-01,0.0237708490154808,0.18701456487178802,XGBoost,1
2012-01-01,0.2724196054096683,0.20319299399852753,XGBoost,1
2012-02-01,0.2137446124946151,0.2315715253353119,XGBoost,1
2012-03-01,0.2093470387029228,0.2305639088153839,XGBoost,1
2012-04-01,0.1660788350006825,0.23452138900756836,XGBoost,1
2012-05-01,-0.2068180132381081,0.1597800850868225,XGBoost,1
2012-06-01,-0.0826363171310684,0.19909395277500153,XGBoost,1
2012-07-01,0.0288809928060018,-0.05974786728620529,XGBoost,1
2012-08-01,0.580952797585188,0.3463573753833771,XGBoost,1
2012-09-01,0.4771266277542318,0.3388950228691101,XGBoost,1
2012-10-01,0.2696794580438588,0.28147533535957336,XGBoost,1
2012-11-01,-0.1679344494426637,-0.09270492196083069,XGBoost,1
2012-12-01,-0.0121081604677164,-0.08571233600378036,XGBoost,1
2013-01-01,0.1980788942180789,0.5191935300827026,XGBoost,1
2013-02-01,0.5429926752100966,0.4412935674190521,XGBoost,1
2013-03-01,-0.2811919102589932,0.2964499592781067,XGBoost,1
2013-04-01,-0.2087979266581219,0.02112114615738392,XGBoost,1
2013-05-01,0.0414155489501633,0.25148361921310425,XGBoost,1
2013-06-01,0.2380408205508555,0.44320380687713623,XGBoost,1
2013-07-01,0.1957452300544337,0.3211786150932312,XGBoost,1
2013-08-01,0.2387290682696274,0.14545944333076477,XGBoost,1
2013-09-01,0.03769446919335,0.20694458484649658,XGBoost,1
2013-10-01,0.0535231048539142,0.20276093482971191,XGBoost,1
2013-11-01,0.184448942735238,0.1487809270620346,XGBoost,1
2013-12-01,0.2644169158479315,-0.0003183424996677786,XGBoost,1
2014-01-01,0.2424175290453689,0.2682773768901825,XGBoost,1
2014-02-01,0.1100778620244158,-0.1768115907907486,XGBoost,1
2014-03-01,0.204205530106516,0.08222410082817078,XGBoost,1
2014-04-01,0.1864185605097601,0.2164689004421234,XGBoost,1
2014-05-01,0.1903005903547194,0.05517841875553131,XGBoost,1
2014-06-01,0.1321132206079767,-0.03072620928287506,XGBoost,1
2014-07-01,0.1125485286492811,0.03303186595439911,XGBoost,1
2014-08-01,-0.0160001347379701,0.054826367646455765,XGBoost,1
2014-09-01,0.0071591004800808,0.2001376450061798,XGBoost,1
2014-10-01,-0.0197913903241198,0.11637576669454575,XGBoost,1
2014-11-01,-0.1882660152465964,0.1488577425479889,XGBoost,1
2014-12-01,-0.3084609444559238,0.10524174571037292,XGBoost,1
2015-01-01,-0.6370316441765556,-0.1163734421133995,XGBoost,1
2015-02-01,0.2534643680217385,-0.07740470767021179,XGBoost,1
2015-03-01,0.2693951780812442,0.13499188423156738,XGBoost,1
2015-04-01,0.1042478896158938,-0.05490698665380478,XGBoost,1
2015-05-01,0.3297745341246827,0.15454012155532837,XGBoost,1
2015-06-01,0.2767920810460733,0.34053245186805725,XGBoost,1
2015-07-01,0.1586319780187306,0.2174532413482666,XGBoost,1
2015-08-01,-0.0004201080517907,0.03498917818069458,XGBoost,1
2015-09-01,-0.2247587519377591,-0.020509231835603714,XGBoost,1
2015-10-01,0.098948201669069,0.19779811799526215,XGBoost,1
2015-11-01,0.1194617491050875,0.24053534865379333,XGBoost,1
2015-12-01,-0.1075553426856057,0.15779103338718414,XGBoost,1
2016-01-01,-0.0458443563073895,-0.12502458691596985,XGBoost,1
2016-02-01,-0.1329675323582302,-0.05166495963931084,XGBoost,1
2016-03-01,0.3134796238244419,0.05102457106113434,XGBoost,1
2016-04-01,0.3830645161290169,0.6000264286994934,XGBoost,1
2016-05-01,0.236409586931785,0.41170215606689453,XGBoost,1
2016-06-01,0.2775957287827202,0.39395177364349365,XGBoost,1
2016-07-01,-0.050370074347894,0.3015486001968384,XGBoost,1
2016-08-01,0.1849221785831689,0.08228150755167007,XGBoost,1
2016-09-01,0.2623209794425207,0.28874918818473816,XGBoost,1
2016-10-01,0.2342687497926876,0.34382164478302,XGBoost,1
2016-11-01,0.1178947716771183,0.33808204531669617,XGBoost,1
2016-12-01,0.2524522158776188,0.09230493754148483,XGBoost,1
2017-01-01,0.4043076694815628,0.3434731364250183,XGBoost,1
2017-02-01,0.1592657357009752,0.300262987613678,XGBoost,1
2017-03-01,-0.0467201626189517,0.360633909702301,XGBoost,1
2017-04-01,0.1234152821740774,-0.04803646355867386,XGBoost,1
2017-05-01,-0.0773977960056293,0.21570228040218353,XGBoost,1
2017-06-01,0.0651628661825221,0.06835579127073288,XGBoost,1
2017-07-01,0.0327649971535448,0.10317537188529968,XGBoost,1
2017-08-01,0.3848626163288182,0.21189795434474945,XGBoost,1
2017-09-01,0.5106389920997767,0.18270567059516907,XGBoost,1
2017-10-01,0.077505224501384,0.13561902940273285,XGBoost,1
2017-11-01,0.2668007428251684,0.18537598848342896,XGBoost,1
2017-12-01,0.2106889244755105,0.21901880204677582,XGBoost,1
2018-01-01,0.4253344363511546,0.24329890310764313,XGBoost,1
2018-02-01,0.2692287600609022,0.274356484413147,XGBoost,1
2018-03-01,0.0192362410782021,0.1945279985666275,XGBoost,1
2018-04-01,0.2604406656061986,0.27155494689941406,XGBoost,1
2018-05-01,0.2257949781598212,0.3003508746623993,XGBoost,1
2018-06-01,0.090114517209483,0.40281686186790466,XGBoost,1
2018-07-01,0.0780820498928358,0.07961276918649673,XGBoost,1
2018-08-01,0.1787320770339384,0.26462313532829285,XGBoost,1
2018-09-01,0.2062281702117419,0.02482280135154724,XGBoost,1
2018-10-01,0.2339580144498754,0.19788169860839844,XGBoost,1
2018-11-01,-0.0704191919991159,0.23101161420345306,XGBoost,1
2018-12-01,0.0684893544581344,-0.0010516815818846226,XGBoost,1
2019-01-01,-0.0814979803534399,0.02803037129342556,XGBoost,1
2019-02-01,0.3001255142321968,0.2625342011451721,XGBoost,1
2019-03-01,0.3781792917230797,0.2937624454498291,XGBoost,1
2019-04-01,0.3759679404743643,0.20799851417541504,XGBoost,1
2019-05-01,0.0246833285664438,0.19545969367027283,XGBoost,1
2019-06-01,-0.0325112810228067,0.06489236652851105,XGBoost,1
2019-07-01,0.2307876166182776,0.03544541448354721,XGBoost,1
2019-08-01,0.0914770017435451,0.22548753023147583,XGBoost,1
2019-09-01,0.1538846099767177,0.22041594982147217,XGBoost,1
2019-10-01,0.2827282299262768,0.23201057314872742,XGBoost,1
2019-11-01,0.281542260504386,0.06114645302295685,XGBoost,1
2019-12-01,0.2912218521089249,0.23406033217906952,XGBoost,1
2020-01-01,0.1921664153423874,0.20923276245594025,XGBoost,1
2020-02-01,0.047467072130658,0.08973619341850281,XGBoost,1
2020-03-01,-0.4528447444551498,0.021153684705495834,XGBoost,1
2020-04-01,-0.7920147553434065,-0.3003990650177002,XGBoost,1
2020-05-01,-0.0898325209348738,-0.6694080233573914,XGBoost,1
2020-06-01,0.4847499237691677,0.3884759843349457,XGBoost,1
2020-07-01,0.5096443382793581,0.30164390802383423,XGBoost,1
2020-08-01,0.3731343283582156,0.23561978340148926,XGBoost,1
2020-09-01,0.2626139536318739,0.09831632673740387,XGBoost,1
2020-10-01,0.1238475828567287,-0.06774185597896576,XGBoost,1
2020-11-01,0.2274132890799363,0.0668073520064354,XGBoost,1
2020-12-01,0.4346309661148906,0.1425558626651764,XGBoost,1
2021-01-01,0.2449960884580937,0.3392142355442047,XGBoost,1
2021-02-01,0.3395676223033383,0.3289036750793457,XGBoost,1
2021-03-01,0.524320981565296,0.3247414827346802,XGBoost,1
2021-04-01,0.6238653990587206,0.19621984660625458,XGBoost,1
2021-05-01,0.6635060424433847,0.11993172019720078,XGBoost,1
2021-06-01,0.8461787818155431,0.014491450041532516,XGBoost,1
2021-07-01,0.4614747980816958,0.5426428318023682,XGBoost,1
2021-08-01,0.2842925602144719,0.3734316825866699,XGBoost,1
2021-09-01,0.4525517463950024,0.0720868930220604,XGBoost,1
2021-10-01,0.9638202329232072,0.6385337114334106,XGBoost,1
2021-11-01,0.8566262881938069,0.6745665669441223,XGBoost,1
2021-12-01,0.6905230550805275,0.042304880917072296,XGBoost,1
2022-01-01,0.6046039630400957,0.4020688831806183,XGBoost,1
2022-02-01,0.6926379347568234,0.7539106607437134,XGBoost,1
2022-03-01,1.115641476274165,0.7653561234474182,XGBoost,1
2022-04-01,0.3083351293478031,0.6466166973114014,XGBoost,1
2022-05-01,0.948499623996324,0.11943924427032471,XGBoost,1
2022-06-01,1.2561019986405686,0.5843710899353027,XGBoost,1
2022-07-01,-0.014917428642136,0.9171473383903503,XGBoost,1
2022-08-01,0.0623912814965654,0.45723289251327515,XGBoost,1
2022-09-01,0.4242672748282716,0.7099242210388184,XGBoost,1
2022-10-01,0.5594754832984217,0.5860421657562256,XGBoost,1
2022-11-01,0.2614032556282231,0.5659886002540588,XGBoost,1
2022-12-01,0.0153956343335925,0.3123953640460968,XGBoost,1
2023-01-01,0.5314022594635093,0.08287914842367172,XGBoost,1
2023-02-01,0.3428533386591992,0.20145420730113983,XGBoost,1
2023-03-01,0.1230718195389002,0.11071979999542236,XGBoost,1
2023-04-01,0.3392739405144063,0.13330048322677612,XGBoost,1
2023-05-01,0.1614687381333635,0.1892835795879364,XGBoost,1
2023-06-01,0.224175331482801,0.08429659903049469,XGBoost,1
2023-07-01,0.1957146710348745,0.273186057806015,XGBoost,1
2023-08-01,0.4835707415079771,0.3166491687297821,XGBoost,1
2023-09-01,0.3900915440960384,0.23940326273441315,XGBoost,1
2023-10-01,0.1366849347166798,0.22533906996250153,XGBoost,1
2023-11-01,0.1468982372211602,0.19381728768348694,XGBoost,1
2023-12-01,0.1924399963653789,0.1807643324136734,XGBoost,1
2024-01-01,0.3099685496905202,0.09761730581521988,XGBoost,1
2024-02-01,0.4097540184308634,0.24011141061782837,XGBoost,1
2024-03-01,0.4431338373525273,0.25994032621383667,XGBoost,1
2024-04-01,0.2170676655621095,0.21628718078136444,XGBoost,1
2024-05-01,0.048558732105941,0.2600853443145752,XGBoost,1
2024-06-01,-0.0418296479604118,0.1267448514699936,XGBoost,1
2024-07-01,0.1677080538199149,0.16528202593326569,XGBoost,1
2024-08-01,0.1572221743858515,0.3006657361984253,XGBoost,1
2024-09-01,0.2133336729690294,0.14554746448993683,XGBoost,1
2024-10-01,0.2856398459641696,0.24938003718852997,XGBoost,1
2024-11-01,0.2841926173284825,0.331969678401947,XGBoost,1
2024-12-01,0.3399383308901438,0.1631130427122116,XGBoost,1
2025-01-01,0.4272616213901736,0.2961691915988922,XGBoost,1
2025-02-01,0.2251058906888259,0.3067004680633545,XGBoost,1
2025-03-01,0.0331582618814607,0.19010239839553833,XGBoost,1
2025-04-01,0.1616711227856226,0.024890601634979248,XGBoost,1
2025-05-01,0.0992813032700379,0.20659033954143524,XGBoost,1
2025-06-01,0.2541949971929469,0.23942458629608154,XGBoost,1
2025-07-01,0.2283509885357748,0.3059186339378357,XGBoost,1
2025-08-01,0.3482644202266627,0.28824934363365173,XGBoost,1
2025-09-01,0.2950901819104068,0.2777034342288971,XGBoost,1
2025-10-01,0.0,0.24221989512443542,XGBoost,1
2025-11-01,0.2522783697512576,0.20835700631141663,XGBoost,1
2025-12-01,0.297788428704604,0.2777462303638458,XGBoost,1
2011-01-01,0.3243042200370194,0.28371965507090363,ARIMA,1
2011-02-01,0.321447463006419,0.23589154654239464,ARIMA,1
2011-03-01,0.51735482068338,0.2164955218441426,ARIMA,1
2011-04-01,0.4694098975099203,0.20862973359389314,ARIMA,1
2011-05-01,0.3181714734507679,0.20543987248780068,ARIMA,1
2011-06-01,0.0,0.2041462686489434,ARIMA,1
2011-07-01,0.2620036831757044,0.12131222387154322,ARIMA,1
2011-08-01,0.3154462166418792,0.17094435090672822,ARIMA,1
2011-09-01,0.2171547858084377,0.19125020266199044,ARIMA,1
2011-10-01,0.0675207527019328,0.1995578783579037,ARIMA,1
2011-11-01,0.1847850055126887,0.20295677421808755,ARIMA,1
2011-12-01,0.0237708490154808,0.20434735486798677,ARIMA,1
2012-01-01,0.2724196054096683,0.130997794019456,ARIMA,1
2012-02-01,0.2137446124946151,0.17467024493194963,ARIMA,1
2012-03-01,0.2093470387029228,0.19245759277286273,ARIMA,1
2012-04-01,0.1660788350006825,0.19970219976429504,ARIMA,1
2012-05-01,-0.2068180132381081,0.2026528549676295,ARIMA,1
2012-06-01,-0.0826363171310684,0.20385462700844015,ARIMA,1
2012-07-01,0.0288809928060018,0.08520067449757789,ARIMA,1
2012-08-01,0.580952797585188,0.15390730012941983,ARIMA,1
2012-09-01,0.4771266277542318,0.18203340248567998,ARIMA,1
2012-10-01,0.2696794580438588,0.19354725033484868,ARIMA,1
2012-11-01,-0.1679344494426637,0.19826061909866177,ARIMA,1
2012-12-01,-0.0121081604677164,0.2001901083011175,ARIMA,1
2013-01-01,0.1980788942180789,0.11451048127009811,ARIMA,1
2013-02-01,0.5429926752100966,0.16612161061840944,ARIMA,1
2013-03-01,-0.2811919102589932,0.18715886576543422,ARIMA,1
2013-04-01,-0.2087979266581219,0.19573387874634085,ARIMA,1
2013-05-01,0.0414155489501633,0.1992291468841671,ARIMA,1
2013-06-01,0.2380408205508555,0.20065385602250962,ARIMA,1
2013-07-01,0.1957452300544337,0.21494160016347236,ARIMA,1
2013-08-01,0.2387290682696274,0.20571132086983482,ARIMA,1
2013-09-01,0.03769446919335,0.2020229688644533,ARIMA,1
2013-10-01,0.0535231048539142,0.20054913041571007,ARIMA,1
2013-11-01,0.184448942735238,0.19996019536563225,ARIMA,1
2013-12-01,0.2644169158479315,0.1997248612328405,ARIMA,1
2014-01-01,0.2424175290453689,0.22494519304193272,ARIMA,1
2014-02-01,0.1100778620244158,0.20918120974724302,ARIMA,1
2014-03-01,0.204205530106516,0.2028854832967753,ARIMA,1
2014-04-01,0.1864185605097601,0.20037113328776007,ARIMA,1
2014-05-01,0.1903005903547194,0.19936696704617168,ARIMA,1
2014-06-01,0.1321132206079767,0.19896592906930677,ARIMA,1
2014-07-01,0.1125485286492811,0.17163338190641955,ARIMA,1
2014-08-01,-0.0160001347379701,0.1873992018129292,ARIMA,1
2014-09-01,0.0071591004800808,0.1936886770872695,ARIMA,1
2014-10-01,-0.0197913903241198,0.19619774413618363,ARIMA,1
2014-11-01,-0.1882660152465964,0.1971986889179575,ARIMA,1
2014-12-01,-0.3084609444559238,0.19759799688248317,ARIMA,1
2015-01-01,-0.6370316441765556,-0.01760933309096202,ARIMA,1
2015-02-01,0.2534643680217385,0.10235252144107415,ARIMA,1
2015-03-01,0.2693951780812442,0.15183083265011096,ARIMA,1
2015-04-01,0.1042478896158938,0.17223818038283983,ARIMA,1
2015-05-01,0.3297745341246827,0.18065519849255354,ARIMA,1
2015-06-01,0.2767920810460733,0.18412680072068763,ARIMA,1
2015-07-01,0.1586319780187306,0.22577089789127985,ARIMA,1
2015-08-01,-0.0004201080517907,0.20480567128722216,ARIMA,1
2015-09-01,-0.2247587519377591,0.19619080390506125,ARIMA,1
2015-10-01,0.098948201669069,0.1926508497984905,ARIMA,1
2015-11-01,0.1194617491050875,0.19119623946954034,ARIMA,1
2015-12-01,-0.1075553426856057,0.19059852233949026,ARIMA,1
2016-01-01,-0.0458443563073895,0.05471270089459292,ARIMA,1
2016-02-01,-0.1329675323582302,0.12130387747631671,ARIMA,1
2016-03-01,0.3134796238244419,0.14863140728872054,ARIMA,1
2016-04-01,0.3830645161290169,0.15984601444814384,ARIMA,1
2016-05-01,0.236409586931785,0.1644482384546145,ARIMA,1
2016-06-01,0.2775957287827202,0.1663368882757487,ARIMA,1
2016-07-01,-0.050370074347894,0.21791522947908012,ARIMA,1
2016-08-01,0.1849221785831689,0.19330764934729583,ARIMA,1
2016-09-01,0.2623209794425207,0.18316140380632978,ARIMA,1
2016-10-01,0.2342687497926876,0.17897788401176845,ARIMA,1
2016-11-01,0.1178947716771183,0.17725292695244815,ARIMA,1
2016-12-01,0.2524522158776188,0.17654168928593417,ARIMA,1
2017-01-01,0.4043076694815628,0.21057098941185395,ARIMA,1
2017-02-01,0.1592657357009752,0.19337649764173773,ARIMA,1
2017-03-01,-0.0467201626189517,0.18631723571982936,ARIMA,1
2017-04-01,0.1234152821740774,0.1834190297391958,ARIMA,1
2017-05-01,-0.0773977960056293,0.18222916060002814,ARIMA,1
2017-06-01,0.0651628661825221,0.18174065544276735,ARIMA,1
2017-07-01,0.0327649971535448,0.12490434483725814,ARIMA,1
2017-08-01,0.3848626163288182,0.14927836356889482,ARIMA,1
2017-09-01,0.5106389920997767,0.15922275735538974,ARIMA,1
2017-10-01,0.077505224501384,0.16327998603276503,ARIMA,1
2017-11-01,0.2668007428251684,0.16493530106693752,ARIMA,1
2017-12-01,0.2106889244755105,0.16561065562056107,ARIMA,1
2018-01-01,0.4253344363511546,0.19516751202226543,ARIMA,1
2018-02-01,0.2692287600609022,0.1888368680040007,ARIMA,1
2018-03-01,0.0192362410782021,0.18625481860567988,ARIMA,1
2018-04-01,0.2604406656061986,0.18520169050747473,ARIMA,1
2018-05-01,0.2257949781598212,0.18477215620346393,ARIMA,1
2018-06-01,0.090114517209483,0.18459696410799475,ARIMA,1
2018-07-01,0.0780820498928358,0.1462981414315219,ARIMA,1
2018-08-01,0.1787320770339384,0.1690982158014493,ARIMA,1
2018-09-01,0.2062281702117419,0.17835079426131845,ARIMA,1
2018-10-01,0.2339580144498754,0.18210561570474987,ARIMA,1
2018-11-01,-0.0704191919991159,0.1836293730155581,ARIMA,1
2018-12-01,0.0684893544581344,0.18424773433505662,ARIMA,1
2019-01-01,-0.0814979803534399,0.13154393805138703,ARIMA,1
2019-02-01,0.3001255142321968,0.15698958199930677,ARIMA,1
2019-03-01,0.3781792917230797,0.16725815819197534,ARIMA,1
2019-04-01,0.3759679404743643,0.17140203669787812,ARIMA,1
2019-05-01,0.0246833285664438,0.1730742966830495,ARIMA,1
2019-06-01,-0.0325112810228067,0.17374913631795239,ARIMA,1
2019-07-01,0.2307876166182776,0.09024798804069825,ARIMA,1
2019-08-01,0.0914770017435451,0.13966880826258876,ARIMA,1
2019-09-01,0.1538846099767177,0.1595648005574022,ARIMA,1
2019-10-01,0.2827282299262768,0.16757459294081423,ARIMA,1
2019-11-01,0.281542260504386,0.17079920084549716,ARIMA,1
2019-12-01,0.2912218521089249,0.1720973738369067,ARIMA,1
2020-01-01,0.1921664153423874,0.22490045858577962,ARIMA,1
2020-02-01,0.047467072130658,0.19820540775864498,ARIMA,1
2020-03-01,-0.4528447444551498,0.18746037209508334,ARIMA,1
2020-04-01,-0.7920147553434065,0.18313538346109076,ARIMA,1
2020-05-01,-0.0898325209348738,0.1813945305435338,ARIMA,1
2020-06-01,0.4847499237691677,0.18069381913431815,ARIMA,1
2020-07-01,0.5096443382793581,0.295897846443024,ARIMA,1
2020-08-01,0.3731343283582156,0.21792596005469128,ARIMA,1
2020-09-01,0.2626139536318739,0.18573348881988622,ARIMA,1
2020-10-01,0.1238475828567287,0.172442093007782,ARIMA,1
2020-11-01,0.2274132890799363,0.16695443717218328,ARIMA,1
2020-12-01,0.4346309661148906,0.16468873332920872,ARIMA,1
2021-01-01,0.2449960884580937,0.2844154908250877,ARIMA,1
2021-02-01,0.3395676223033383,0.2215112132071419,ARIMA,1
2021-03-01,0.524320981565296,0.1951693989899205,ARIMA,1
2021-04-01,0.6238653990587206,0.1841384929445636,ARIMA,1
2021-05-01,0.6635060424433847,0.17951918741085665,ARIMA,1
2021-06-01,0.8461787818155431,0.17758480563605064,ARIMA,1
2021-07-01,0.4614747980816958,0.4790824355238944,ARIMA,1
2021-08-01,0.2842925602144719,0.3172319595230157,ARIMA,1
2021-09-01,0.4525517463950024,0.24587310006735852,ARIMA,1
2021-10-01,0.9638202329232072,0.21441142662263793,ARIMA,1
2021-11-01,0.8566262881938069,0.20054017218425488,ARIMA,1
2021-12-01,0.6905230550805275,0.194424423127472,ARIMA,1
2022-01-01,0.6046039630400957,0.4254186367979678,ARIMA,1
2022-02-01,0.6926379347568234,0.3026435647221108,ARIMA,1
2022-03-01,1.115641476274165,0.24578401322581822,ARIMA,1
2022-04-01,0.3083351293478031,0.21945123620767873,ARIMA,1
2022-05-01,0.948499623996324,0.20725600906923977,ARIMA,1
2022-06-01,1.2561019986405686,0.20160815943850507,ARIMA,1
2022-07-01,-0.014917428642136,0.8231299535760089,ARIMA,1
2022-08-01,0.0623912814965654,0.6291754545450229,ARIMA,1
2022-09-01,0.4242672748282716,0.5422914440802097,ARIMA,1
2022-10-01,0.5594754832984217,0.5033708141790504,ARIMA,1
2022-11-01,0.2614032556282231,0.48593589809035886,ARIMA,1
2022-12-01,0.0153956343335925,0.4781257393187337,ARIMA,1
2023-01-01,0.5314022594635093,0.16584079858691655,ARIMA,1
2023-02-01,0.3428533386591992,0.23346666683594214,ARIMA,1
2023-03-01,0.1230718195389002,0.2638648393470504,ARIMA,1
2023-04-01,0.3392739405144063,0.2775289728501114,ARIMA,1
2023-05-01,0.1614687381333635,0.2836710705147406,ARIMA,1
2023-06-01,0.224175331482801,0.2864319747252705,ARIMA,1
2023-07-01,0.1957146710348745,0.2672922058225611,ARIMA,1
2023-08-01,0.4835707415079771,0.28631931787140513,ARIMA,1
2023-09-01,0.3900915440960384,0.2947158215248581,ARIMA,1
2023-10-01,0.1366849347166798,0.29842112758609673,ARIMA,1
2023-11-01,0.1468982372211602,0.3000562478187671,ARIMA,1
2023-12-01,0.1924399963653789,0.30077781255082986,ARIMA,1
2024-01-01,0.3099685496905202,0.24455067881915543,ARIMA,1
2024-02-01,0.4097540184308634,0.26766416038732893,ARIMA,1
2024-03-01,0.4431338373525273,0.27791605126740276,ARIMA,1
2024-04-01,0.2170676655621095,0.28246323583182864,ARIMA,1
2024-05-01,0.048558732105941,0.2844801210781535,ARIMA,1
2024-06-01,-0.0418296479604118,0.2853747023380977,ARIMA,1
2024-07-01,0.1677080538199149,0.12132262725355611,ARIMA,1
2024-08-01,0.1572221743858515,0.19507322086049855,ARIMA,1
2024-09-01,0.2133336729690294,0.22841109524958164,ARIMA,1
2024-10-01,0.2856398459641696,0.24348099251312938,ARIMA,1
2024-11-01,0.2841926173284825,0.25029311859181697,ARIMA,1
2024-12-01,0.3399383308901438,0.25337244029523587,ARIMA,1
2025-01-01,0.4272616213901736,0.2991336293282569,ARIMA,1
2025-02-01,0.2251058906888259,0.2807876880104978,ARIMA,1
2025-03-01,0.0331582618814607,0.27253928647950776,ARIMA,1
2025-04-01,0.1616711227856226,0.26883077533592425,ARIMA,1
2025-05-01,0.0992813032700379,0.26716341532072474,ARIMA,1
2025-06-01,0.2541949971929469,0.26641376423093466,ARIMA,1
2025-07-01,0.2283509885357748,0.24757414641974929,ARIMA,1
2025-08-01,0.3482644202266627,0.2445614316245151,ARIMA,1
2025-09-01,0.2950901819104068,0.24319054278434277,ARIMA,1
2025-10-01,0.0,0.24256674121670618,ARIMA,1
2025-11-01,0.2522783697512576,0.24228289005067222,ARIMA,1
2025-12-01,0.297788428704604,0.2421537280083835,ARIMA,1
2011-01-01,0.51735482068338,0.2756939474537548,ElasticNet,3
2011-02-01,0.4694098975099203,0.2060039477285019,ElasticNet,3
2011-03-01,0.3181714734507679,0.1257076087221628,ElasticNet,3
2011-04-01,0.0,0.34098315137913976,ElasticNet,3
2011-05-01,0.2620036831757044,0.13482862188371905,ElasticNet,3
2011-06-01,0.3154462166418792,-0.09929345959990152,ElasticNet,3
2011-07-01,0.2171547858084377,0.04956413805503984,ElasticNet,3
2011-08-01,0.0675207527019328,0.1968951339115976,ElasticNet,3
2011-09-01,0.1847850055126887,-0.04612701979354619,ElasticNet,3
2011-10-01,0.0237708490154808,0.11774484762944507,ElasticNet,3
2011-11-01,0.2724196054096683,0.14384871126197532,ElasticNet,3
2011-12-01,0.2137446124946151,0.1588805174597819,ElasticNet,3
2012-01-01,0.2093470387029228,0.18055557668812403,ElasticNet,3
2012-02-01,0.1660788350006825,0.1159761004095494,ElasticNet,3
2012-03-01,-0.2068180132381081,0.18875530389070155,ElasticNet,3
2012-04-01,-0.0826363171310684,0.1229099619192825,ElasticNet,3
2012-05-01,0.0288809928060018,0.22207673902933125,ElasticNet,3
2012-06-01,0.580952797585188,0.1997192782806559,ElasticNet,3
2012-07-01,0.4771266277542318,0.2809299933680589,ElasticNet,3
2012-08-01,0.2696794580438588,0.40171370313505683,ElasticNet,3
2012-09-01,-0.1679344494426637,0.2877824679467633,ElasticNet,3
2012-10-01,-0.0121081604677164,0.24171980432380524,ElasticNet,3
2012-11-01,0.1980788942180789,0.17830862989793858,ElasticNet,3
2012-12-01,0.5429926752100966,0.3319177072366331,ElasticNet,3
2013-01-01,-0.2811919102589932,0.4027642519624499,ElasticNet,3
2013-02-01,-0.2087979266581219,0.3132673113235309,ElasticNet,3
2013-03-01,0.0414155489501633,0.17702303355619786,ElasticNet,3
2013-04-01,0.2380408205508555,0.3368949129988269,ElasticNet,3
2013-05-01,0.1957452300544337,0.2701117727861162,ElasticNet,3
2013-06-01,0.2387290682696274,0.1785190044391522,ElasticNet,3
2013-07-01,0.03769446919335,0.028949406094982588,ElasticNet,3
2013-08-01,0.0535231048539142,-0.015139841241709362,ElasticNet,3
2013-09-01,0.184448942735238,0.12633212553295614,ElasticNet,3
2013-10-01,0.2644169158479315,0.1218302386900937,ElasticNet,3
2013-11-01,0.2424175290453689,0.06857496382288192,ElasticNet,3
2013-12-01,0.1100778620244158,0.08392945370177067,ElasticNet,3
2014-01-01,0.204205530106516,0.04979213119025813,ElasticNet,3
2014-02-01,0.1864185605097601,0.20700086957224675,ElasticNet,3
2014-03-01,0.1903005903547194,0.27969193579952667,ElasticNet,3
2014-04-01,0.1321132206079767,0.21622227762855775,ElasticNet,3
2014-05-01,0.1125485286492811,0.1815374241943481,ElasticNet,3
2014-06-01,-0.0160001347379701,0.1930007592201422,ElasticNet,3
2014-07-01,0.0071591004800808,0.17882808824694663,ElasticNet,3
2014-08-01,-0.0197913903241198,0.18080565849688768,ElasticNet,3
2014-09-01,-0.1882660152465964,0.15074442987628134,ElasticNet,3
2014-10-01,-0.3084609444559238,0.173656407459501,ElasticNet,3
2014-11-01,-0.6370316441765556,0.22371769807191383,ElasticNet,3
2014-12-01,0.2534643680217385,0.24201732412172738,ElasticNet,3
2015-01-01,0.2693951780812442,0.1448471483797529,ElasticNet,3
2015-02-01,0.1042478896158938,0.35834205846275924,ElasticNet,3
2015-03-01,0.3297745341246827,0.3290164780090108,ElasticNet,3
2015-04-01,0.2767920810460733,0.3091436820574891,ElasticNet,3
2015-05-01,0.1586319780187306,0.3575597352252946,ElasticNet,3
2015-06-01,-0.0004201080517907,0.28764453752669283,ElasticNet,3
2015-07-01,-0.2247587519377591,0.19972867618494647,ElasticNet,3
2015-08-01,0.098948201669069,0.1693655480124593,ElasticNet,3
2015-09-01,0.1194617491050875,0.15133235686863414,ElasticNet,3
2015-10-01,-0.1075553426856057,0.3334860851213548,ElasticNet,3
2015-11-01,-0.0458443563073895,0.26849996644007756,ElasticNet,3
2015-12-01,-0.1329675323582302,0.10227668972256278,ElasticNet,3
2016-01-01,0.3134796238244419,-0.08212624840388058,ElasticNet,3
2016-02-01,0.3830645161290169,0.22625431679540647,ElasticNet,3
2016-03-01,0.236409586931785,0.3552169193521827,ElasticNet,3
2016-04-01,0.2775957287827202,0.32394765744386467,ElasticNet,3
2016-05-01,-0.050370074347894,0.29988627750445407,ElasticNet,3
2016-06-01,0.1849221785831689,0.30783484830707464,ElasticNet,3
2016-07-01,0.2623209794425207,0.19884228090906036,ElasticNet,3
2016-08-01,0.2342687497926876,0.22822581707795397,ElasticNet,3
2016-09-01,0.1178947716771183,0.07056054992309269,ElasticNet,3
2016-10-01,0.2524522158776188,0.05027347667671736,ElasticNet,3
2016-11-01,0.4043076694815628,0.14252594527243456,ElasticNet,3
2016-12-01,0.1592657357009752,0.06684872409678669,ElasticNet,3
2017-01-01,-0.0467201626189517,0.13262660894170059,ElasticNet,3
2017-02-01,0.1234152821740774,0.09510479518952807,ElasticNet,3
2017-03-01,-0.0773977960056293,0.1303451185412923,ElasticNet,3
2017-04-01,0.0651628661825221,0.21269802527612422,ElasticNet,3
2017-05-01,0.0327649971535448,0.26507442299803363,ElasticNet,3
2017-06-01,0.3848626163288182,0.18536155956067069,ElasticNet,3
2017-07-01,0.5106389920997767,0.19750576998901775,ElasticNet,3
2017-08-01,0.077505224501384,0.15593656552161222,ElasticNet,3
2017-09-01,0.2668007428251684,0.09178471662297202,ElasticNet,3
2017-10-01,0.2106889244755105,0.15304788529604615,ElasticNet,3
2017-11-01,0.4253344363511546,0.20434599125130995,ElasticNet,3
2017-12-01,0.2692287600609022,0.20787346010499305,ElasticNet,3
2018-01-01,0.0192362410782021,0.21194583480939516,ElasticNet,3
2018-02-01,0.2604406656061986,0.1963141816673297,ElasticNet,3
2018-03-01,0.2257949781598212,0.12935290777421976,ElasticNet,3
2018-04-01,0.090114517209483,0.220103164648077,ElasticNet,3
2018-05-01,0.0780820498928358,0.20646215230229575,ElasticNet,3
2018-06-01,0.1787320770339384,0.12285466368544823,ElasticNet,3
2018-07-01,0.2062281702117419,0.07637797880316516,ElasticNet,3
2018-08-01,0.2339580144498754,0.11879478586911793,ElasticNet,3
2018-09-01,-0.0704191919991159,0.0896968003952355,ElasticNet,3
2018-10-01,0.0684893544581344,0.09097447836984796,ElasticNet,3
2018-11-01,-0.0814979803534399,0.080935556449776,ElasticNet,3
2018-12-01,0.3001255142321968,0.12209630499669558,ElasticNet,3
2019-01-01,0.3781792917230797,0.12190523650315443,ElasticNet,3
2019-02-01,0.3759679404743643,0.2261093205193047,ElasticNet,3
2019-03-01,0.0246833285664438,0.21586998579470199,ElasticNet,3
2019-04-01,-0.0325112810228067,0.16652868933807013,ElasticNet,3
2019-05-01,0.2307876166182776,0.11813767738742091,ElasticNet,3
2019-06-01,0.0914770017435451,0.15491462373758053,ElasticNet,3
2019-07-01,0.1538846099767177,0.15689689154283212,ElasticNet,3
2019-08-01,0.2827282299262768,0.06788148952149066,ElasticNet,3
2019-09-01,0.281542260504386,0.23781523446053776,ElasticNet,3
2019-10-01,0.2912218521089249,0.09830863587054181,ElasticNet,3
2019-11-01,0.1921664153423874,0.010702029873299712,ElasticNet,3
2019-12-01,0.047467072130658,0.09764030549189082,ElasticNet,3
2020-01-01,-0.4528447444551498,0.058997092630144105,ElasticNet,3
2020-02-01,-0.7920147553434065,0.0705411113148309,ElasticNet,3
2020-03-01,-0.0898325209348738,0.12360098502154737,ElasticNet,3
2020-04-01,0.4847499237691677,-0.10724204814454957,ElasticNet,3
2020-05-01,0.5096443382793581,-1.5756277802366205,ElasticNet,3
2020-06-01,0.3731343283582156,0.6489677132450202,ElasticNet,3
2020-07-01,0.2626139536318739,0.1577850250475455,ElasticNet,3
2020-08-01,0.1238475828567287,0.2417560695670804,ElasticNet,3
2020-09-01,0.2274132890799363,0.11214701905193852,ElasticNet,3
2020-10-01,0.4346309661148906,0.06719491172101417,ElasticNet,3
2020-11-01,0.2449960884580937,0.12302040781194179,ElasticNet,3
2020-12-01,0.3395676223033383,0.19538790515379392,ElasticNet,3
2021-01-01,0.524320981565296,0.2320248362479495,ElasticNet,3
2021-02-01,0.6238653990587206,0.3161947729564638,ElasticNet,3
2021-03-01,0.6635060424433847,0.21341913087423575,ElasticNet,3
2021-04-01,0.8461787818155431,0.18694263273940315,ElasticNet,3
2021-05-01,0.4614747980816958,0.3270865622107969,ElasticNet,3
2021-06-01,0.2842925602144719,0.3252277226311126,ElasticNet,3
2021-07-01,0.4525517463950024,0.07222548088048011,ElasticNet,3
2021-08-01,0.9638202329232072,0.10232539409295548,ElasticNet,3
2021-09-01,0.8566262881938069,0.1566605609113453,ElasticNet,3
2021-10-01,0.6905230550805275,0.04548768858230068,ElasticNet,3
2021-11-01,0.6046039630400957,-0.0038658668460245516,ElasticNet,3
2021-12-01,0.6926379347568234,-0.027033473187869667,ElasticNet,3
2022-01-01,1.115641476274165,0.18621141935344063,ElasticNet,3
2022-02-01,0.3083351293478031,0.2816355048036617,ElasticNet,3
2022-03-01,0.948499623996324,0.34641151647598106,ElasticNet,3
2022-04-01,1.2561019986405686,0.1746826803805408,ElasticNet,3
2022-05-01,-0.014917428642136,0.25745370047937377,ElasticNet,3
2022-06-01,0.0623912814965654,0.47909249060491554,ElasticNet,3
2022-07-01,0.4242672748282716,0.3482914446673835,ElasticNet,3
2022-08-01,0.5594754832984217,0.39495904808007637,ElasticNet,3
2022-09-01,0.2614032556282231,0.3133602815856158,ElasticNet,3
2022-10-01,0.0153956343335925,0.3479031333912752,ElasticNet,3
2022-11-01,0.5314022594635093,0.40781766422623555,ElasticNet,3
2022-12-01,0.3428533386591992,0.5443534409373993,ElasticNet,3
2023-01-01,0.1230718195389002,0.459264594107588,ElasticNet,3
2023-02-01,0.3392739405144063,0.4149771375905009,ElasticNet,3
2023-03-01,0.1614687381333635,0.41540890456517404,ElasticNet,3
2023-04-01,0.224175331482801,0.4887987341648557,ElasticNet,3
2023-05-01,0.1957146710348745,0.41811935106453924,ElasticNet,3
2023-06-01,0.4835707415079771,0.43777696779279207,ElasticNet,3
2023-07-01,0.3900915440960384,0.24793573597011,ElasticNet,3
2023-08-01,0.1366849347166798,0.2688962368436011,ElasticNet,3
2023-09-01,0.1468982372211602,0.2876162743208401,ElasticNet,3
2023-10-01,0.1924399963653789,0.2757421742793166,ElasticNet,3
2023-11-01,0.3099685496905202,0.2939809035589045,ElasticNet,3
2023-12-01,0.4097540184308634,0.3268004095668616,ElasticNet,3
2024-01-01,0.4431338373525273,0.24936747228618297,ElasticNet,3
2024-02-01,0.2170676655621095,0.20619652245464967,ElasticNet,3
2024-03-01,0.048558732105941,0.296352443646701,ElasticNet,3
2024-04-01,-0.0418296479604118,0.30192551626436376,ElasticNet,3
2024-05-01,0.1677080538199149,0.32729200721849605,ElasticNet,3
2024-06-01,0.1572221743858515,0.36756097371581486,ElasticNet,3
2024-07-01,0.2133336729690294,0.2864782867948189,ElasticNet,3
2024-08-01,0.2856398459641696,0.2684067152613339,ElasticNet,3
2024-09-01,0.2841926173284825,0.2582836099815009,ElasticNet,3
2024-10-01,0.3399383308901438,0.2210159238601583,ElasticNet,3
2024-11-01,0.4272616213901736,0.23932128594554755,ElasticNet,3
2024-12-01,0.2251058906888259,0.2645121568548594,ElasticNet,3
2025-01-01,0.0331582618814607,0.28348616742698496,ElasticNet,3
2025-02-01,0.1616711227856226,0.34214997792520613,ElasticNet,3
2025-03-01,0.0992813032700379,0.41305794781415206,ElasticNet,3
2025-04-01,0.2541949971929469,0.4494284284165855,ElasticNet,3
2025-05-01,0.2283509885357748,0.47042004039048535,ElasticNet,3
2025-06-01,0.3482644202266627,0.43613994342532175,ElasticNet,3
2025-07-01,0.2950901819104068,0.32497450185387833,ElasticNet,3
2025-08-01,0.0,0.33931254532907074,ElasticNet,3
2025-09-01,0.2522783697512576,0.3351808917318149,ElasticNet,3
2025-10-01,0.297788428704604,0.39830066215728677,ElasticNet,3
2011-01-01,0.51735482068338,0.1808397118165895,RandomForest,3
2011-02-01,0.4694098975099203,0.18216531607661374,RandomForest,3
2011-03-01,0.3181714734507679,0.12547281396013416,RandomForest,3
2011-04-01,0.0,0.010702929695744334,RandomForest,3
2011-05-01,0.2620036831757044,-0.10434528429452464,RandomForest,3
2011-06-01,0.3154462166418792,-0.06279108937615117,RandomForest,3
2011-07-01,0.2171547858084377,0.179068716909211,RandomForest,3
2011-08-01,0.0675207527019328,0.15292400353485489,RandomForest,3
2011-09-01,0.1847850055126887,0.030249269665840284,RandomForest,3
2011-10-01,0.0237708490154808,0.0541581144353246,RandomForest,3
2011-11-01,0.2724196054096683,0.11699212576424137,RandomForest,3
2011-12-01,0.2137446124946151,0.08672678599567402,RandomForest,3
2012-01-01,0.2093470387029228,0.20393212856800969,RandomForest,3
2012-02-01,0.1660788350006825,0.20775141764859856,RandomForest,3
2012-03-01,-0.2068180132381081,0.255783193401363,RandomForest,3
2012-04-01,-0.0826363171310684,0.2709140469056466,RandomForest,3
2012-05-01,0.0288809928060018,0.28627829950083705,RandomForest,3
2012-06-01,0.580952797585188,0.30763041514541356,RandomForest,3
2012-07-01,0.4771266277542318,0.23710545724625018,RandomForest,3
2012-08-01,0.2696794580438588,0.22276342195814988,RandomForest,3
2012-09-01,-0.1679344494426637,0.1644355744258488,RandomForest,3
2012-10-01,-0.0121081604677164,0.18741301335510685,RandomForest,3
2012-11-01,0.1980788942180789,0.28527557049596797,RandomForest,3
2012-12-01,0.5429926752100966,0.34532398702274547,RandomForest,3
2013-01-01,-0.2811919102589932,0.349829746211829,RandomForest,3
2013-02-01,-0.2087979266581219,0.23166359584289403,RandomForest,3
2013-03-01,0.0414155489501633,0.18226096255507254,RandomForest,3
2013-04-01,0.2380408205508555,0.2279752898003088,RandomForest,3
2013-05-01,0.1957452300544337,0.27344102360044503,RandomForest,3
2013-06-01,0.2387290682696274,0.18288434857125213,RandomForest,3
2013-07-01,0.03769446919335,0.15455835573632837,RandomForest,3
2013-08-01,0.0535231048539142,0.20097517565828674,RandomForest,3
2013-09-01,0.184448942735238,0.19679518833112708,RandomForest,3
2013-10-01,0.2644169158479315,0.18633365821535633,RandomForest,3
2013-11-01,0.2424175290453689,0.19496843287515525,RandomForest,3
2013-12-01,0.1100778620244158,0.19682790124053168,RandomForest,3
2014-01-01,0.204205530106516,0.15068615957571288,RandomForest,3
2014-02-01,0.1864185605097601,0.1431033523975996,RandomForest,3
2014-03-01,0.1903005903547194,0.15747277736626836,RandomForest,3
2014-04-01,0.1321132206079767,0.150347330923602,RandomForest,3
2014-05-01,0.1125485286492811,0.16263137613472306,RandomForest,3
2014-06-01,-0.0160001347379701,0.24482033685055415,RandomForest,3
2014-07-01,0.0071591004800808,0.20828166398426423,RandomForest,3
2014-08-01,-0.0197913903241198,0.2527529340324821,RandomForest,3
2014-09-01,-0.1882660152465964,0.28420181520602905,RandomForest,3
2014-10-01,-0.3084609444559238,0.2711998578763232,RandomForest,3
2014-11-01,-0.6370316441765556,0.5115405411640173,RandomForest,3
2014-12-01,0.2534643680217385,0.4920993593812093,RandomForest,3
2015-01-01,0.2693951780812442,0.20939735513481977,RandomForest,3
2015-02-01,0.1042478896158938,0.24575556279931732,RandomForest,3
2015-03-01,0.3297745341246827,0.22451740014977176,RandomForest,3
2015-04-01,0.2767920810460733,0.23465881192282986,RandomForest,3
2015-05-01,0.1586319780187306,0.28389315489857986,RandomForest,3
2015-06-01,-0.0004201080517907,0.26081828928120815,RandomForest,3
2015-07-01,-0.2247587519377591,0.1199762567031653,RandomForest,3
2015-08-01,0.098948201669069,0.022975390209873093,RandomForest,3
2015-09-01,0.1194617491050875,0.026838112815201463,RandomForest,3
2015-10-01,-0.1075553426856057,0.025415080042472202,RandomForest,3
2015-11-01,-0.0458443563073895,0.006563338778285724,RandomForest,3
2015-12-01,-0.1329675323582302,-0.01370981357100334,RandomForest,3
2016-01-01,0.3134796238244419,0.16910526867943992,RandomForest,3
2016-02-01,0.3830645161290169,0.49218660000684733,RandomForest,3
2016-03-01,0.236409586931785,0.4754494848516287,RandomForest,3
2016-04-01,0.2775957287827202,0.45626919602381,RandomForest,3
2016-05-01,-0.050370074347894,0.46489971302232524,RandomForest,3
2016-06-01,0.1849221785831689,0.49046379260419337,RandomForest,3
2016-07-01,0.2623209794425207,0.2356362539808218,RandomForest,3
2016-08-01,0.2342687497926876,0.2835962032269366,RandomForest,3
2016-09-01,0.1178947716771183,0.2187709307112322,RandomForest,3
2016-10-01,0.2524522158776188,0.19104746629792943,RandomForest,3
2016-11-01,0.4043076694815628,0.20458678340888276,RandomForest,3
2016-12-01,0.1592657357009752,0.2147961278200877,RandomForest,3
2017-01-01,-0.0467201626189517,0.20970972740577676,RandomForest,3
2017-02-01,0.1234152821740774,0.17195353193533014,RandomForest,3
2017-03-01,-0.0773977960056293,0.19341366942868743,RandomForest,3
2017-04-01,0.0651628661825221,0.24431868067810758,RandomForest,3
2017-05-01,0.0327649971535448,0.2234867167781388,RandomForest,3
2017-06-01,0.3848626163288182,0.23047271784741089,RandomForest,3
2017-07-01,0.5106389920997767,0.2028412586939658,RandomForest,3
2017-08-01,0.077505224501384,0.19797854845839066,RandomForest,3
2017-09-01,0.2668007428251684,0.17893795695487552,RandomForest,3
2017-10-01,0.2106889244755105,0.16695577524819202,RandomForest,3
2017-11-01,0.4253344363511546,0.20510015620825417,RandomForest,3
2017-12-01,0.2692287600609022,0.21527375494283024,RandomForest,3
2018-01-01,0.0192362410782021,0.2611797363035407,RandomForest,3
2018-02-01,0.2604406656061986,0.22407434449407432,RandomForest,3
2018-03-01,0.2257949781598212,0.25392474900423734,RandomForest,3
2018-04-01,0.090114517209483,0.2888276390044233,RandomForest,3
2018-05-01,0.0780820498928358,0.25507428845905233,RandomForest,3
2018-06-01,0.1787320770339384,0.25206938238750687,RandomForest,3
2018-07-01,0.2062281702117419,0.20261017621402885,RandomForest,3
2018-08-01,0.2339580144498754,0.197709891820296,RandomForest,3
2018-09-01,-0.0704191919991159,0.2985386002451611,RandomForest,3
2018-10-01,0.0684893544581344,0.27518835234605904,RandomForest,3
2018-11-01,-0.0814979803534399,0.2579393499067563,RandomForest,3
2018-12-01,0.3001255142321968,0.30785167206645064,RandomForest,3
2019-01-01,0.3781792917230797,0.17066538317550597,RandomForest,3
2019-02-01,0.3759679404743643,0.19845496139871963,RandomForest,3
2019-03-01,0.0246833285664438,0.20441891000793397,RandomForest,3
2019-04-01,-0.0325112810228067,0.19372864718624108,RandomForest,3
2019-05-01,0.2307876166182776,0.23146098260462458,RandomForest,3
2019-06-01,0.0914770017435451,0.22333674295719896,RandomForest,3
2019-07-01,0.1538846099767177,0.20954656243302924,RandomForest,3
2019-08-01,0.2827282299262768,0.1717440168547245,RandomForest,3
2019-09-01,0.281542260504386,0.22062462080649017,RandomForest,3
2019-10-01,0.2912218521089249,0.1717448873804719,RandomForest,3
2019-11-01,0.1921664153423874,0.1992536579492965,RandomForest,3
2019-12-01,0.047467072130658,0.1801714633302632,RandomForest,3
2020-01-01,-0.4528447444551498,0.17621312606661077,RandomForest,3
2020-02-01,-0.7920147553434065,0.1730035966001875,RandomForest,3
2020-03-01,-0.0898325209348738,0.19828639419508667,RandomForest,3
2020-04-01,0.4847499237691677,0.1936866394882945,RandomForest,3
2020-05-01,0.5096443382793581,0.06038881246703288,RandomForest,3
2020-06-01,0.3731343283582156,0.222870306419836,RandomForest,3
2020-07-01,0.2626139536318739,0.26730452746526767,RandomForest,3
2020-08-01,0.1238475828567287,0.0817802922781115,RandomForest,3
2020-09-01,0.2274132890799363,-0.011890544247259174,RandomForest,3
2020-10-01,0.4346309661148906,-0.011425250962744557,RandomForest,3
2020-11-01,0.2449960884580937,-0.18817178224737174,RandomForest,3
2020-12-01,0.3395676223033383,-0.19776285898460916,RandomForest,3
2021-01-01,0.524320981565296,0.12298228934331544,RandomForest,3
2021-02-01,0.6238653990587206,0.08480028324439046,RandomForest,3
2021-03-01,0.6635060424433847,-0.10244263162943903,RandomForest,3
2021-04-01,0.8461787818155431,0.05236738658749506,RandomForest,3
2021-05-01,0.4614747980816958,-0.24301942814735053,RandomForest,3
2021-06-01,0.2842925602144719,-0.2395266608244559,RandomForest,3
2021-07-01,0.4525517463950024,0.06484701505469723,RandomForest,3
2021-08-01,0.9638202329232072,0.04159426274453698,RandomForest,3
2021-09-01,0.8566262881938069,0.020532781161694925,RandomForest,3
2021-10-01,0.6905230550805275,0.0343169435241506,RandomForest,3
2021-11-01,0.6046039630400957,0.017645214896891262,RandomForest,3
2021-12-01,0.6926379347568234,0.028401434486527207,RandomForest,3
2022-01-01,1.115641476274165,0.7337505157738117,RandomForest,3
2022-02-01,0.3083351293478031,0.32479013324818423,RandomForest,3
2022-03-01,0.948499623996324,0.5558549557483689,RandomForest,3
2022-04-01,1.2561019986405686,0.24282194636658208,RandomForest,3
2022-05-01,-0.014917428642136,0.22275638943985154,RandomForest,3
2022-06-01,0.0623912814965654,0.23446659755437488,RandomForest,3
2022-07-01,0.4242672748282716,0.300884568181885,RandomForest,3
2022-08-01,0.5594754832984217,0.34935400017337637,RandomForest,3
2022-09-01,0.2614032556282231,0.29179984708593454,RandomForest,3
2022-10-01,0.0153956343335925,0.22934694281314427,RandomForest,3
2022-11-01,0.5314022594635093,0.18750755688803797,RandomForest,3
2022-12-01,0.3428533386591992,0.14482776435117603,RandomForest,3
2023-01-01,0.1230718195389002,0.04917268567915691,RandomForest,3
2023-02-01,0.3392739405144063,0.04744788334876469,RandomForest,3
2023-03-01,0.1614687381333635,0.09272344741754836,RandomForest,3
2023-04-01,0.224175331482801,0.11266526208666429,RandomForest,3
2023-05-01,0.1957146710348745,0.037944042188664595,RandomForest,3
2023-06-01,0.4835707415079771,0.06872339841204536,RandomForest,3
2023-07-01,0.3900915440960384,0.23723795375899212,RandomForest,3
2023-08-01,0.1366849347166798,0.22845249717333416,RandomForest,3
2023-09-01,0.1468982372211602,0.2196542036293881,RandomForest,3
2023-10-01,0.1924399963653789,0.22426771481855512,RandomForest,3
2023-11-01,0.3099685496905202,0.27279396813751844,RandomForest,3
2023-12-01,0.4097540184308634,0.27502238130401485,RandomForest,3
2024-01-01,0.4431338373525273,0.26663969152007944,RandomForest,3
2024-02-01,0.2170676655621095,0.2478782857428802,RandomForest,3
2024-03-01,0.048558732105941,0.22565467860006197,RandomForest,3
2024-04-01,-0.0418296479604118,0.22538293746110669,RandomForest,3
2024-05-01,0.1677080538199149,0.24034430378337304,RandomForest,3
2024-06-01,0.1572221743858515,0.29137427073086075,RandomForest,3
2024-07-01,0.2133336729690294,0.24935572278296456,RandomForest,3
2024-08-01,0.2856398459641696,0.24724083284326487,RandomForest,3
2024-09-01,0.2841926173284825,0.26690566792612846,RandomForest,3
2024-10-01,0.3399383308901438,0.26103794119821194,RandomForest,3
2024-11-01,0.4272616213901736,0.19671139632585458,RandomForest,3
2024-12-01,0.2251058906888259,0.21180921846484022,RandomForest,3
2025-01-01,0.0331582618814607,0.22984988508401005,RandomForest,3
2025-02-01,0.1616711227856226,0.24313983479085274,RandomForest,3
2025-03-01,0.0992813032700379,0.2533475342371065,RandomForest,3
2025-04-01,0.2541949971929469,0.27234152348788987,RandomForest,3
2025-05-01,0.2283509885357748,0.2864791817410757,RandomForest,3
2025-06-01,0.3482644202266627,0.2714020936633921,RandomForest,3
2025-07-01,0.2950901819104068,0.22269536723690478,RandomForest,3
2025-08-01,0.0,0.24429323788488136,RandomForest,3
2025-09-01,0.2522783697512576,0.24225662454910263,RandomForest,3
2025-10-01,0.297788428704604,0.255877308093207,RandomForest,3
2011-01-01,0.51735482068338,0.15754108130931854,XGBoost,3
2011-02-01,0.4694098975099203,0.14737941324710846,XGBoost,3
2011-03-01,0.3181714734507679,0.16914544999599457,XGBoost,3
2011-04-01,0.0,0.06353272497653961,XGBoost,3
2011-05-01,0.2620036831757044,0.06654971092939377,XGBoost,3
2011-06-01,0.3154462166418792,0.11960656940937042,XGBoost,3
2011-07-01,0.2171547858084377,0.28360626101493835,XGBoost,3
2011-08-01,0.0675207527019328,0.22844544053077698,XGBoost,3
2011-09-01,0.1847850055126887,0.06709249317646027,XGBoost,3
2011-10-01,0.0237708490154808,0.17745956778526306,XGBoost,3
2011-11-01,0.2724196054096683,0.035816676914691925,XGBoost,3
2011-12-01,0.2137446124946151,0.337374746799469,XGBoost,3
2012-01-01,0.2093470387029228,0.17202651500701904,XGBoost,3
2012-02-01,0.1660788350006825,0.20472079515457153,XGBoost,3
2012-03-01,-0.2068180132381081,0.2587622106075287,XGBoost,3
2012-04-01,-0.0826363171310684,0.3015066087245941,XGBoost,3
2012-05-01,0.0288809928060018,0.3486483097076416,XGBoost,3
2012-06-01,0.580952797585188,0.3656080961227417,XGBoost,3
2012-07-01,0.4771266277542318,0.21520668268203735,XGBoost,3
2012-08-01,0.2696794580438588,0.22466714680194855,XGBoost,3
2012-09-01,-0.1679344494426637,0.07315870374441147,XGBoost,3
2012-10-01,-0.0121081604677164,0.08224161714315414,XGBoost,3
2012-11-01,0.1980788942180789,0.4378397762775421,XGBoost,3
2012-12-01,0.5429926752100966,0.45799896121025085,XGBoost,3
2013-01-01,-0.2811919102589932,0.3878750205039978,XGBoost,3
2013-02-01,-0.2087979266581219,0.19209453463554382,XGBoost,3
2013-03-01,0.0414155489501633,-0.014991428703069687,XGBoost,3
2013-04-01,0.2380408205508555,0.22905150055885315,XGBoost,3
2013-05-01,0.1957452300544337,-0.22931399941444397,XGBoost,3
2013-06-01,0.2387290682696274,0.22353260219097137,XGBoost,3
2013-07-01,0.03769446919335,0.10721658915281296,XGBoost,3
2013-08-01,0.0535231048539142,0.11836884915828705,XGBoost,3
2013-09-01,0.184448942735238,0.20518599450588226,XGBoost,3
2013-10-01,0.2644169158479315,0.2648251950740814,XGBoost,3
2013-11-01,0.2424175290453689,0.1843046396970749,XGBoost,3
2013-12-01,0.1100778620244158,0.2238215208053589,XGBoost,3
2014-01-01,0.204205530106516,0.09771203249692917,XGBoost,3
2014-02-01,0.1864185605097601,0.16053730249404907,XGBoost,3
2014-03-01,0.1903005903547194,0.1551721692085266,XGBoost,3
2014-04-01,0.1321132206079767,0.14525578916072845,XGBoost,3
2014-05-01,0.1125485286492811,0.1607135385274887,XGBoost,3
2014-06-01,-0.0160001347379701,0.2895648777484894,XGBoost,3
2014-07-01,0.0071591004800808,0.20781956613063812,XGBoost,3
2014-08-01,-0.0197913903241198,0.1925269216299057,XGBoost,3
2014-09-01,-0.1882660152465964,0.2455284744501114,XGBoost,3
2014-10-01,-0.3084609444559238,0.23520036041736603,XGBoost,3
2014-11-01,-0.6370316441765556,0.3999248743057251,XGBoost,3
2014-12-01,0.2534643680217385,0.3825630843639374,XGBoost,3
2015-01-01,0.2693951780812442,0.09570078551769257,XGBoost,3
2015-02-01,0.1042478896158938,0.13567283749580383,XGBoost,3
2015-03-01,0.3297745341246827,0.05643657594919205,XGBoost,3
2015-04-01,0.2767920810460733,0.13408242166042328,XGBoost,3
2015-05-01,0.1586319780187306,0.32825830578804016,XGBoost,3
2015-06-01,-0.0004201080517907,0.11769966781139374,XGBoost,3
2015-07-01,-0.2247587519377591,0.128298819065094,XGBoost,3
2015-08-01,0.098948201669069,0.012572825886309147,XGBoost,3
2015-09-01,0.1194617491050875,-0.009896303527057171,XGBoost,3
2015-10-01,-0.1075553426856057,0.12321831285953522,XGBoost,3
2015-11-01,-0.0458443563073895,-0.042879458516836166,XGBoost,3
2015-12-01,-0.1329675323582302,-0.05452970415353775,XGBoost,3
2016-01-01,0.3134796238244419,0.13401329517364502,XGBoost,3
2016-02-01,0.3830645161290169,0.40798401832580566,XGBoost,3
2016-03-01,0.236409586931785,0.40135183930397034,XGBoost,3
2016-04-01,0.2775957287827202,0.24979735910892487,XGBoost,3
2016-05-01,-0.050370074347894,0.3048229217529297,XGBoost,3
2016-06-01,0.1849221785831689,0.4375138580799103,XGBoost,3
2016-07-01,0.2623209794425207,0.2720961570739746,XGBoost,3
2016-08-01,0.2342687497926876,0.2842999994754791,XGBoost,3
2016-09-01,0.1178947716771183,0.15145720541477203,XGBoost,3
2016-10-01,0.2524522158776188,0.10566543787717819,XGBoost,3
2016-11-01,0.4043076694815628,0.1027006134390831,XGBoost,3
2016-12-01,0.1592657357009752,0.17437967658042908,XGBoost,3
2017-01-01,-0.0467201626189517,0.22377856075763702,XGBoost,3
2017-02-01,0.1234152821740774,0.04379134252667427,XGBoost,3
2017-03-01,-0.0773977960056293,0.15594233572483063,XGBoost,3
2017-04-01,0.0651628661825221,0.24086372554302216,XGBoost,3
2017-05-01,0.0327649971535448,0.1952674239873886,XGBoost,3
2017-06-01,0.3848626163288182,0.17879609763622284,XGBoost,3
2017-07-01,0.5106389920997767,0.21027871966362,XGBoost,3
2017-08-01,0.077505224501384,0.18014304339885712,XGBoost,3
2017-09-01,0.2668007428251684,0.16937465965747833,XGBoost,3
2017-10-01,0.2106889244755105,0.13129448890686035,XGBoost,3
2017-11-01,0.4253344363511546,0.23631639778614044,XGBoost,3
2017-12-01,0.2692287600609022,0.23386333882808685,XGBoost,3
2018-01-01,0.0192362410782021,0.22034884989261627,XGBoost,3
2018-02-01,0.2604406656061986,0.2475544661283493,XGBoost,3
2018-03-01,0.2257949781598212,0.25258946418762207,XGBoost,3
2018-04-01,0.090114517209483,0.28462162613868713,XGBoost,3
2018-05-01,0.0780820498928358,0.271898478269577,XGBoost,3
2018-06-01,0.1787320770339384,0.2882896363735199,XGBoost,3
2018-07-01,0.2062281702117419,0.22673794627189636,XGBoost,3
2018-08-01,0.2339580144498754,0.15515968203544617,XGBoost,3
2018-09-01,-0.0704191919991159,0.2700812816619873,XGBoost,3
2018-10-01,0.0684893544581344,0.24472250044345856,XGBoost,3
2018-11-01,-0.0814979803534399,0.19793999195098877,XGBoost,3
2018-12-01,0.3001255142321968,0.3460352122783661,XGBoost,3
2019-01-01,0.3781792917230797,0.1696932464838028,XGBoost,3
2019-02-01,0.3759679404743643,0.18731071054935455,XGBoost,3
2019-03-01,0.0246833285664438,0.2192762941122055,XGBoost,3
2019-04-01,-0.0325112810228067,0.13923946022987366,XGBoost,3
2019-05-01,0.2307876166182776,0.2325337529182434,XGBoost,3
2019-06-01,0.0914770017435451,0.2487584352493286,XGBoost,3
2019-07-01,0.1538846099767177,0.23044262826442719,XGBoost,3
2019-08-01,0.2827282299262768,0.11195261031389236,XGBoost,3
2019-09-01,0.281542260504386,0.2358262687921524,XGBoost,3
2019-10-01,0.2912218521089249,0.19344577193260193,XGBoost,3
2019-11-01,0.1921664153423874,0.23164090514183044,XGBoost,3
2019-12-01,0.047467072130658,0.14829078316688538,XGBoost,3
2020-01-01,-0.4528447444551498,0.08670233190059662,XGBoost,3
2020-02-01,-0.7920147553434065,0.12060685455799103,XGBoost,3
2020-03-01,-0.0898325209348738,0.15958312153816223,XGBoost,3
2020-04-01,0.4847499237691677,0.2676061689853668,XGBoost,3
2020-05-01,0.5096443382793581,0.11369358748197556,XGBoost,3
2020-06-01,0.3731343283582156,0.20849213004112244,XGBoost,3
2020-07-01,0.2626139536318739,0.17913633584976196,XGBoost,3
2020-08-01,0.1238475828567287,0.042418211698532104,XGBoost,3
2020-09-01,0.2274132890799363,-0.1195509135723114,XGBoost,3
2020-10-01,0.4346309661148906,0.11190186440944672,XGBoost,3
2020-11-01,0.2449960884580937,-0.045575398951768875,XGBoost,3
2020-12-01,0.3395676223033383,-0.09514467418193817,XGBoost,3
2021-01-01,0.524320981565296,0.11868643015623093,XGBoost,3
2021-02-01,0.6238653990587206,0.39968258142471313,XGBoost,3
2021-03-01,0.6635060424433847,0.03605957329273224,XGBoost,3
2021-04-01,0.8461787818155431,0.036934368312358856,XGBoost,3
2021-05-01,0.4614747980816958,-0.10701829940080643,XGBoost,3
2021-06-01,0.2842925602144719,0.06164851412177086,XGBoost,3
2021-07-01,0.4525517463950024,0.0810694471001625,XGBoost,3
2021-08-01,0.9638202329232072,0.06417575478553772,XGBoost,3
2021-09-01,0.8566262881938069,0.16405309736728668,XGBoost,3
2021-10-01,0.6905230550805275,0.12403672188520432,XGBoost,3
2021-11-01,0.6046039630400957,0.23122934997081757,XGBoost,3
2021-12-01,0.6926379347568234,0.1820356547832489,XGBoost,3
2022-01-01,1.115641476274165,0.757641077041626,XGBoost,3
2022-02-01,0.3083351293478031,0.2890899181365967,XGBoost,3
2022-03-01,0.948499623996324,0.46609237790107727,XGBoost,3
2022-04-01,1.2561019986405686,0.22819653153419495,XGBoost,3
2022-05-01,-0.014917428642136,0.26545777916908264,XGBoost,3
2022-06-01,0.0623912814965654,0.19763630628585815,XGBoost,3
2022-07-01,0.4242672748282716,0.0773463323712349,XGBoost,3
2022-08-01,0.5594754832984217,0.25519058108329773,XGBoost,3
2022-09-01,0.2614032556282231,0.05732719227671623,XGBoost,3
2022-10-01,0.0153956343335925,0.03492426872253418,XGBoost,3
2022-11-01,0.5314022594635093,-0.07194935530424118,XGBoost,3
2022-12-01,0.3428533386591992,0.10870871692895889,XGBoost,3
2023-01-01,0.1230718195389002,0.2943866550922394,XGBoost,3
2023-02-01,0.3392739405144063,0.10385242849588394,XGBoost,3
2023-03-01,0.1614687381333635,0.22815221548080444,XGBoost,3
2023-04-01,0.224175331482801,0.35391053557395935,XGBoost,3
2023-05-01,0.1957146710348745,0.2237837165594101,XGBoost,3
2023-06-01,0.4835707415079771,0.2969960570335388,XGBoost,3
2023-07-01,0.3900915440960384,0.19755706191062927,XGBoost,3
2023-08-01,0.1366849347166798,0.2357313632965088,XGBoost,3
2023-09-01,0.1468982372211602,0.2057136446237564,XGBoost,3
2023-10-01,0.1924399963653789,0.20803597569465637,XGBoost,3
2023-11-01,0.3099685496905202,0.26803281903266907,XGBoost,3
2023-12-01,0.4097540184308634,0.28245067596435547,XGBoost,3
2024-01-01,0.4431338373525273,0.2935991883277893,XGBoost,3
2024-02-01,0.2170676655621095,0.28140440583229065,XGBoost,3
2024-03-01,0.048558732105941,0.30042314529418945,XGBoost,3
2024-04-01,-0.0418296479604118,0.15503816306591034,XGBoost,3
2024-05-01,0.1677080538199149,0.22878457605838776,XGBoost,3
2024-06-01,0.1572221743858515,0.3052612245082855,XGBoost,3
2024-07-01,0.2133336729690294,0.19156144559383392,XGBoost,3
2024-08-01,0.2856398459641696,0.20776815712451935,XGBoost,3
2024-09-01,0.2841926173284825,0.3077780604362488,XGBoost,3
2024-10-01,0.3399383308901438,0.24459148943424225,XGBoost,3
2024-11-01,0.4272616213901736,0.15059368312358856,XGBoost,3
2024-12-01,0.2251058906888259,0.20229114592075348,XGBoost,3
2025-01-01,0.0331582618814607,0.2203398048877716,XGBoost,3
2025-02-01,0.1616711227856226,0.2271193563938141,XGBoost,3
2025-03-01,0.0992813032700379,0.20526234805583954,XGBoost,3
2025-04-01,0.2541949971929469,0.32205164432525635,XGBoost,3
2025-05-01,0.2283509885357748,0.32057714462280273,XGBoost,3
2025-06-01,0.3482644202266627,0.31113049387931824,XGBoost,3
2025-07-01,0.2950901819104068,0.30969688296318054,XGBoost,3
2025-08-01,0.0,0.23333530128002167,XGBoost,3
2025-09-01,0.2522783697512576,0.2508711814880371,XGBoost,3
2025-10-01,0.297788428704604,0.2244584858417511,XGBoost,3
2011-03-01,0.51735482068338,0.2164955218441426,ARIMA,3
2011-04-01,0.4694098975099203,0.20862973359389314,ARIMA,3
2011-05-01,0.3181714734507679,0.20543987248780068,ARIMA,3
2011-06-01,0.0,0.2041462686489434,ARIMA,3
2011-07-01,0.2620036831757044,0.20362166559061265,ARIMA,3
2011-08-01,0.3154462166418792,0.20340892011124467,ARIMA,3
2011-09-01,0.2171547858084377,0.19125020266199044,ARIMA,3
2011-10-01,0.0675207527019328,0.1995578783579037,ARIMA,3
2011-11-01,0.1847850055126887,0.20295677421808755,ARIMA,3
2011-12-01,0.0237708490154808,0.20434735486798677,ARIMA,3
2012-01-01,0.2724196054096683,0.20491627919618596,ARIMA,3
2012-02-01,0.2137446124946151,0.20514904159744646,ARIMA,3
2012-03-01,0.2093470387029228,0.19245759277286273,ARIMA,3
2012-04-01,0.1660788350006825,0.19970219976429504,ARIMA,3
2012-05-01,-0.2068180132381081,0.2026528549676295,ARIMA,3
2012-06-01,-0.0826363171310684,0.20385462700844015,ARIMA,3
2012-07-01,0.0288809928060018,0.20434409661384917,ARIMA,3
2012-08-01,0.580952797585188,0.20454345263685803,ARIMA,3
2012-09-01,0.4771266277542318,0.18203340248567998,ARIMA,3
2012-10-01,0.2696794580438588,0.19354725033484868,ARIMA,3
2012-11-01,-0.1679344494426637,0.19826061909866177,ARIMA,3
2012-12-01,-0.0121081604677164,0.2001901083011175,ARIMA,3
2013-01-01,0.1980788942180789,0.2009799740572145,ARIMA,3
2013-02-01,0.5429926752100966,0.20130331761978051,ARIMA,3
2013-03-01,-0.2811919102589932,0.18715886576543422,ARIMA,3
2013-04-01,-0.2087979266581219,0.19573387874634085,ARIMA,3
2013-05-01,0.0414155489501633,0.1992291468841671,ARIMA,3
2013-06-01,0.2380408205508555,0.20065385602250962,ARIMA,3
2013-07-01,0.1957452300544337,0.2012345828934784,ARIMA,3
2013-08-01,0.2387290682696274,0.20147129345396342,ARIMA,3
2013-09-01,0.03769446919335,0.2020229688644533,ARIMA,3
2013-10-01,0.0535231048539142,0.20054913041571007,ARIMA,3
2013-11-01,0.184448942735238,0.19996019536563225,ARIMA,3
2013-12-01,0.2644169158479315,0.1997248612328405,ARIMA,3
2014-01-01,0.2424175290453689,0.19963082343690777,ARIMA,3
2014-02-01,0.1100778620244158,0.19959324662236336,ARIMA,3
2014-03-01,0.204205530106516,0.2028854832967753,ARIMA,3
2014-04-01,0.1864185605097601,0.20037113328776007,ARIMA,3
2014-05-01,0.1903005903547194,0.19936696704617168,ARIMA,3
2014-06-01,0.1321132206079767,0.19896592906930677,ARIMA,3
2014-07-01,0.1125485286492811,0.19880576489307086,ARIMA,3
2014-08-01,-0.0160001347379701,0.19874179947126752,ARIMA,3
2014-09-01,0.0071591004800808,0.1936886770872695,ARIMA,3
2014-10-01,-0.0197913903241198,0.19619774413618363,ARIMA,3
2014-11-01,-0.1882660152465964,0.1971986889179575,ARIMA,3
2014-12-01,-0.3084609444559238,0.19759799688248317,ARIMA,3
2015-01-01,-0.6370316441765556,0.19775729323272845,ARIMA,3
2015-02-01,0.2534643680217385,0.19782084149486143,ARIMA,3
2015-03-01,0.2693951780812442,0.15183083265011096,ARIMA,3
2015-04-01,0.1042478896158938,0.17223818038283983,ARIMA,3
2015-05-01,0.3297745341246827,0.18065519849255354,ARIMA,3
2015-06-01,0.2767920810460733,0.18412680072068763,ARIMA,3
2015-07-01,0.1586319780187306,0.18555866434190008,ARIMA,3
2015-08-01,-0.0004201080517907,0.18614923702132066,ARIMA,3
2015-09-01,-0.2247587519377591,0.19619080390506125,ARIMA,3
2015-10-01,0.098948201669069,0.1926508497984905,ARIMA,3
2015-11-01,0.1194617491050875,0.19119623946954034,ARIMA,3
2015-12-01,-0.1075553426856057,0.19059852233949026,ARIMA,3
2016-01-01,-0.0458443563073895,0.19035291307875227,ARIMA,3
2016-02-01,-0.1329675323582302,0.1902519892371431,ARIMA,3
2016-03-01,0.3134796238244419,0.14863140728872054,ARIMA,3
2016-04-01,0.3830645161290169,0.15984601444814384,ARIMA,3
2016-05-01,0.236409586931785,0.1644482384546145,ARIMA,3
2016-06-01,0.2775957287827202,0.1663368882757487,ARIMA,3
2016-07-01,-0.050370074347894,0.16711194792991915,ARIMA,3
2016-08-01,0.1849221785831689,0.16743001508074867,ARIMA,3
2016-09-01,0.2623209794425207,0.18316140380632978,ARIMA,3
2016-10-01,0.2342687497926876,0.17897788401176845,ARIMA,3
2016-11-01,0.1178947716771183,0.17725292695244815,ARIMA,3
2016-12-01,0.2524522158776188,0.17654168928593417,ARIMA,3
2017-01-01,0.4043076694815628,0.17624843038100374,ARIMA,3
2017-02-01,0.1592657357009752,0.1761275132960826,ARIMA,3
2017-03-01,-0.0467201626189517,0.18631723571982936,ARIMA,3
2017-04-01,0.1234152821740774,0.1834190297391958,ARIMA,3
2017-05-01,-0.0773977960056293,0.18222916060002814,ARIMA,3
2017-06-01,0.0651628661825221,0.18174065544276735,ARIMA,3
2017-07-01,0.0327649971535448,0.18154009785133562,ARIMA,3
2017-08-01,0.3848626163288182,0.18145775819353868,ARIMA,3
2017-09-01,0.5106389920997767,0.15922275735538974,ARIMA,3
2017-10-01,0.077505224501384,0.16327998603276503,ARIMA,3
2017-11-01,0.2668007428251684,0.16493530106693752,ARIMA,3
2017-12-01,0.2106889244755105,0.16561065562056107,ARIMA,3
2018-01-01,0.4253344363511546,0.16588619457458748,ARIMA,3
2018-02-01,0.2692287600609022,0.1659986121407068,ARIMA,3
2018-03-01,0.0192362410782021,0.18625481860567988,ARIMA,3
2018-04-01,0.2604406656061986,0.18520169050747473,ARIMA,3
2018-05-01,0.2257949781598212,0.18477215620346393,ARIMA,3
2018-06-01,0.090114517209483,0.18459696410799475,ARIMA,3
2018-07-01,0.0780820498928358,0.18452550934866985,ARIMA,3
2018-08-01,0.1787320770339384,0.18449636543885756,ARIMA,3
2018-09-01,0.2062281702117419,0.17835079426131845,ARIMA,3
2018-10-01,0.2339580144498754,0.18210561570474987,ARIMA,3
2018-11-01,-0.0704191919991159,0.1836293730155581,ARIMA,3
2018-12-01,0.0684893544581344,0.18424773433505662,ARIMA,3
2019-01-01,-0.0814979803534399,0.18449867371939277,ARIMA,3
2019-02-01,0.3001255142321968,0.18460050831451602,ARIMA,3
2019-03-01,0.3781792917230797,0.16725815819197534,ARIMA,3
2019-04-01,0.3759679404743643,0.17140203669787812,ARIMA,3
2019-05-01,0.0246833285664438,0.1730742966830495,ARIMA,3
2019-06-01,-0.0325112810228067,0.17374913631795239,ARIMA,3
2019-07-01,0.2307876166182776,0.1740214674966412,ARIMA,3
2019-08-01,0.0914770017435451,0.17413136660014705,ARIMA,3
2019-09-01,0.1538846099767177,0.1595648005574022,ARIMA,3
2019-10-01,0.2827282299262768,0.16757459294081423,ARIMA,3
2019-11-01,0.281542260504386,0.17079920084549716,ARIMA,3
2019-12-01,0.2912218521089249,0.1720973738369067,ARIMA,3
2020-01-01,0.1921664153423874,0.17261999648295862,ARIMA,3
2020-02-01,0.047467072130658,0.17283039558382862,ARIMA,3
2020-03-01,-0.4528447444551498,0.18746037209508334,ARIMA,3
2020-04-01,-0.7920147553434065,0.18313538346109076,ARIMA,3
2020-05-01,-0.0898325209348738,0.1813945305435338,ARIMA,3
2020-06-01,0.4847499237691677,0.18069381913431815,ARIMA,3
2020-07-01,0.5096443382793581,0.1804117755026861,ARIMA,3
2020-08-01,0.3731343283582156,0.18029825000688574,ARIMA,3
2020-09-01,0.2626139536318739,0.18573348881988622,ARIMA,3
2020-10-01,0.1238475828567287,0.172442093007782,ARIMA,3
2020-11-01,0.2274132890799363,0.16695443717218328,ARIMA,3
2020-12-01,0.4346309661148906,0.16468873332920872,ARIMA,3
2021-01-01,0.2449960884580937,0.1637532858343478,ARIMA,3
2021-02-01,0.3395676223033383,0.16336706500572762,ARIMA,3
2021-03-01,0.524320981565296,0.1951693989899205,ARIMA,3
2021-04-01,0.6238653990587206,0.1841384929445636,ARIMA,3
2021-05-01,0.6635060424433847,0.17951918741085665,ARIMA,3
2021-06-01,0.8461787818155431,0.17758480563605064,ARIMA,3
2021-07-01,0.4614747980816958,0.17677476334216088,ARIMA,3
2021-08-01,0.2842925602144719,0.17643554978750672,ARIMA,3
2021-09-01,0.4525517463950024,0.24587310006735852,ARIMA,3
2021-10-01,0.9638202329232072,0.21441142662263793,ARIMA,3
2021-11-01,0.8566262881938069,0.20054017218425488,ARIMA,3
2021-12-01,0.6905230550805275,0.194424423127472,ARIMA,3
2022-01-01,0.6046039630400957,0.1917280277371571,ARIMA,3
2022-02-01,0.6926379347568234,0.1905392039261396,ARIMA,3
2022-03-01,1.115641476274165,0.24578401322581822,ARIMA,3
2022-04-01,0.3083351293478031,0.21945123620767873,ARIMA,3
2022-05-01,0.948499623996324,0.20725600906923977,ARIMA,3
2022-06-01,1.2561019986405686,0.20160815943850507,ARIMA,3
2022-07-01,-0.014917428642136,0.19899252915222299,ARIMA,3
2022-08-01,0.0623912814965654,0.19778117930372746,ARIMA,3
2022-09-01,0.4242672748282716,0.5422914440802097,ARIMA,3
2022-10-01,0.5594754832984217,0.5033708141790504,ARIMA,3
2022-11-01,0.2614032556282231,0.48593589809035886,ARIMA,3
2022-12-01,0.0153956343335925,0.4781257393187337,ARIMA,3
2023-01-01,0.5314022594635093,0.4746270944312164,ARIMA,3
2023-02-01,0.3428533386591992,0.47305983870609325,ARIMA,3
2023-03-01,0.1230718195389002,0.2638648393470504,ARIMA,3
2023-04-01,0.3392739405144063,0.2775289728501114,ARIMA,3
2023-05-01,0.1614687381333635,0.2836710705147406,ARIMA,3
2023-06-01,0.224175331482801,0.2864319747252705,ARIMA,3
2023-07-01,0.1957146710348745,0.2876730152420337,ARIMA,3
2023-08-01,0.4835707415079771,0.28823086928071195,ARIMA,3
2023-09-01,0.3900915440960384,0.2947158215248581,ARIMA,3
2023-10-01,0.1366849347166798,0.29842112758609673,ARIMA,3
2023-11-01,0.1468982372211602,0.3000562478187671,ARIMA,3
2023-12-01,0.1924399963653789,0.30077781255082986,ARIMA,3
2024-01-01,0.3099685496905202,0.301096232965521,ARIMA,3
2024-02-01,0.4097540184308634,0.30123674920195376,ARIMA,3
2024-03-01,0.4431338373525273,0.27791605126740276,ARIMA,3
2024-04-01,0.2170676655621095,0.28246323583182864,ARIMA,3
2024-05-01,0.048558732105941,0.2844801210781535,ARIMA,3
2024-06-01,-0.0418296479604118,0.2853747023380977,ARIMA,3
2024-07-01,0.1677080538199149,0.2857714902228331,ARIMA,3
2024-08-01,0.1572221743858515,0.28594748387765506,ARIMA,3
2024-09-01,0.2133336729690294,0.22841109524958164,ARIMA,3
2024-10-01,0.2856398459641696,0.24348099251312938,ARIMA,3
2024-11-01,0.2841926173284825,0.25029311859181697,ARIMA,3
2024-12-01,0.3399383308901438,0.25337244029523587,ARIMA,3
2025-01-01,0.4272616213901736,0.25476440251725235,ARIMA,3
2025-02-01,0.2251058906888259,0.255393618628505,ARIMA,3
2025-03-01,0.0331582618814607,0.27253928647950776,ARIMA,3
2025-04-01,0.1616711227856226,0.26883077533592425,ARIMA,3
2025-05-01,0.0992813032700379,0.26716341532072474,ARIMA,3
2025-06-01,0.2541949971929469,0.26641376423093466,ARIMA,3
2025-07-01,0.2283509885357748,0.26607671839122365,ARIMA,3
2025-08-01,0.3482644202266627,0.26592518136338006,ARIMA,3
2025-09-01,0.2950901819104068,0.24319054278434277,ARIMA,3
2025-10-01,0.0,0.24256674121670618,ARIMA,3
2025-11-01,0.2522783697512576,0.24228289005067222,ARIMA,3
2025-12-01,0.297788428704604,0.2421537280083835,ARIMA,3
2011-01-01,0.0,0.3156482727442341,ElasticNet,6
2011-02-01,0.2620036831757044,0.3490382875897572,ElasticNet,6
2011-03-01,0.3154462166418792,0.3605903224272614,ElasticNet,6
2011-04-01,0.2171547858084377,0.2667851472488686,ElasticNet,6
2011-05-01,0.0675207527019328,0.17435068802557527,ElasticNet,6
2011-06-01,0.1847850055126887,0.3298673266805897,ElasticNet,6
2011-07-01,0.0237708490154808,0.23239551130366187,ElasticNet,6
2011-08-01,0.2724196054096683,0.18357479701895413,ElasticNet,6
2011-09-01,0.2137446124946151,0.48455164967317294,ElasticNet,6
2011-10-01,0.2093470387029228,0.48274089991776303,ElasticNet,6
2011-11-01,0.1660788350006825,0.3184315030578191,ElasticNet,6
2011-12-01,-0.2068180132381081,0.371683861867562,ElasticNet,6
2012-01-01,-0.0826363171310684,0.19820663894027124,ElasticNet,6
2012-02-01,0.0288809928060018,0.1694718342499445,ElasticNet,6
2012-03-01,0.580952797585188,0.20081630198624806,ElasticNet,6
2012-04-01,0.4771266277542318,0.10683511039198496,ElasticNet,6
2012-05-01,0.2696794580438588,0.1720031530383181,ElasticNet,6
2012-06-01,-0.1679344494426637,0.24150649733200608,ElasticNet,6
2012-07-01,-0.0121081604677164,0.28543047344059314,ElasticNet,6
2012-08-01,0.1980788942180789,0.24588650053283082,ElasticNet,6
2012-09-01,0.5429926752100966,0.17604980943281665,ElasticNet,6
2012-10-01,-0.2811919102589932,0.19536078161461665,ElasticNet,6
2012-11-01,-0.2087979266581219,0.2335388543827789,ElasticNet,6
2012-12-01,0.0414155489501633,0.30409934500197866,ElasticNet,6
2013-01-01,0.2380408205508555,0.18868844378405253,ElasticNet,6
2013-02-01,0.1957452300544337,0.24271879769719568,ElasticNet,6
2013-03-01,0.2387290682696274,0.23652288066783295,ElasticNet,6
2013-04-01,0.03769446919335,0.197721972851729,ElasticNet,6
2013-05-01,0.0535231048539142,0.09053934664938551,ElasticNet,6
2013-06-01,0.184448942735238,0.036532201846688095,ElasticNet,6
2013-07-01,0.2644169158479315,0.06715595886247641,ElasticNet,6
2013-08-01,0.2424175290453689,0.16022094618294444,ElasticNet,6
2013-09-01,0.1100778620244158,0.07165031773929723,ElasticNet,6
2013-10-01,0.204205530106516,0.048493561615541886,ElasticNet,6
2013-11-01,0.1864185605097601,0.12319352132917652,ElasticNet,6
2013-12-01,0.1903005903547194,0.17970839323291551,ElasticNet,6
2014-01-01,0.1321132206079767,0.27584698616121917,ElasticNet,6
2014-02-01,0.1125485286492811,0.2637288965886857,ElasticNet,6
2014-03-01,-0.0160001347379701,0.16416873145434865,ElasticNet,6
2014-04-01,0.0071591004800808,0.1430023452974151,ElasticNet,6
2014-05-01,-0.0197913903241198,0.21466137592827308,ElasticNet,6
2014-06-01,-0.1882660152465964,0.17083327091965136,ElasticNet,6
2014-07-01,-0.3084609444559238,0.14515648359940417,ElasticNet,6
2014-08-01,-0.6370316441765556,0.1649672037617008,ElasticNet,6
2014-09-01,0.2534643680217385,0.23269535873894512,ElasticNet,6
2014-10-01,0.2693951780812442,0.17389276241463192,ElasticNet,6
2014-11-01,0.1042478896158938,0.23697436659718157,ElasticNet,6
2014-12-01,0.3297745341246827,0.25271935297146725,ElasticNet,6
2015-01-01,0.2767920810460733,0.33386837934229535,ElasticNet,6
2015-02-01,0.1586319780187306,0.39603871670596247,ElasticNet,6
2015-03-01,-0.0004201080517907,0.3270881425056903,ElasticNet,6
2015-04-01,-0.2247587519377591,0.28221000814317465,ElasticNet,6
2015-05-01,0.098948201669069,0.23764166409275356,ElasticNet,6
2015-06-01,0.1194617491050875,0.1345178562313602,ElasticNet,6
2015-07-01,-0.1075553426856057,0.05548550400575383,ElasticNet,6
2015-08-01,-0.0458443563073895,0.13434786503971552,ElasticNet,6
2015-09-01,-0.1329675323582302,0.20506612496434307,ElasticNet,6
2015-10-01,0.3134796238244419,0.17983017330042295,ElasticNet,6
2015-11-01,0.3830645161290169,0.20391826679558128,ElasticNet,6
2015-12-01,0.236409586931785,0.14803540278043023,ElasticNet,6
2016-01-01,0.2775957287827202,0.14915429720849974,ElasticNet,6
2016-02-01,-0.050370074347894,0.20512285301498945,ElasticNet,6
2016-03-01,0.1849221785831689,0.22437734850295016,ElasticNet,6
2016-04-01,0.2623209794425207,0.21640514094903954,ElasticNet,6
2016-05-01,0.2342687497926876,0.18099136094396606,ElasticNet,6
2016-06-01,0.1178947716771183,0.14747061555370228,ElasticNet,6
2016-07-01,0.2524522158776188,0.09966704545786173,ElasticNet,6
2016-08-01,0.4043076694815628,0.08499527791078983,ElasticNet,6
2016-09-01,0.1592657357009752,0.14768881155619723,ElasticNet,6
2016-10-01,-0.0467201626189517,0.21571418903548936,ElasticNet,6
2016-11-01,0.1234152821740774,0.19579302518717218,ElasticNet,6
2016-12-01,-0.0773977960056293,0.1814595699773335,ElasticNet,6
2017-01-01,0.0651628661825221,0.12751707559123354,ElasticNet,6
2017-02-01,0.0327649971535448,0.15495693146730605,ElasticNet,6
2017-03-01,0.3848626163288182,0.16416072258175557,ElasticNet,6
2017-04-01,0.5106389920997767,0.16450358935467263,ElasticNet,6
2017-05-01,0.077505224501384,0.16068455086253952,ElasticNet,6
2017-06-01,0.2668007428251684,0.2065599430194271,ElasticNet,6
2017-07-01,0.2106889244755105,0.2347954187953905,ElasticNet,6
2017-08-01,0.4253344363511546,0.24142970352320897,ElasticNet,6
2017-09-01,0.2692287600609022,0.2505216801528618,ElasticNet,6
2017-10-01,0.0192362410782021,0.2399068931654362,ElasticNet,6
2017-11-01,0.2604406656061986,0.19819750939276,ElasticNet,6
2017-12-01,0.2257949781598212,0.23313674852653046,ElasticNet,6
2018-01-01,0.090114517209483,0.2541161556470134,ElasticNet,6
2018-02-01,0.0780820498928358,0.24129784824948095,ElasticNet,6
2018-03-01,0.1787320770339384,0.2070897855341049,ElasticNet,6
2018-04-01,0.2062281702117419,0.18723244635649242,ElasticNet,6
2018-05-01,0.2339580144498754,0.14298674872175882,ElasticNet,6
2018-06-01,-0.0704191919991159,0.17043111318484983,ElasticNet,6
2018-07-01,0.0684893544581344,0.14152269906876713,ElasticNet,6
2018-08-01,-0.0814979803534399,0.19338392449658093,ElasticNet,6
2018-09-01,0.3001255142321968,0.18871489696726051,ElasticNet,6
2018-10-01,0.3781792917230797,0.18222161646460588,ElasticNet,6
2018-11-01,0.3759679404743643,0.18674033966558257,ElasticNet,6
2018-12-01,0.0246833285664438,0.20373677414276098,ElasticNet,6
2019-01-01,-0.0325112810228067,0.2662692735540785,ElasticNet,6
2019-02-01,0.2307876166182776,0.2642136728576572,ElasticNet,6
2019-03-01,0.0914770017435451,0.19843848557197866,ElasticNet,6
2019-04-01,0.1538846099767177,0.18321457067748803,ElasticNet,6
2019-05-01,0.2827282299262768,0.09348543506498555,ElasticNet,6
2019-06-01,0.281542260504386,0.11056678248621145,ElasticNet,6
2019-07-01,0.2912218521089249,0.1147855843098529,ElasticNet,6
2019-08-01,0.1921664153423874,0.17164441006662995,ElasticNet,6
2019-09-01,0.047467072130658,0.173518996119374,ElasticNet,6
2019-10-01,-0.4528447444551498,0.17302216102618248,ElasticNet,6
2019-11-01,-0.7920147553434065,0.10517526260450569,ElasticNet,6
2019-12-01,-0.0898325209348738,0.09289064639972622,ElasticNet,6
2020-01-01,0.4847499237691677,0.01002974186949332,ElasticNet,6
2020-02-01,0.5096443382793581,0.04585057616615329,ElasticNet,6
2020-03-01,0.3731343283582156,0.08357897408711012,ElasticNet,6
2020-04-01,0.2626139536318739,0.09077871671401845,ElasticNet,6
2020-05-01,0.1238475828567287,0.15508673938689949,ElasticNet,6
2020-06-01,0.2274132890799363,0.4126451566352852,ElasticNet,6
2020-07-01,0.4346309661148906,0.1929392250096728,ElasticNet,6
2020-08-01,0.2449960884580937,0.22165141905502067,ElasticNet,6
2020-09-01,0.3395676223033383,0.16303116447531532,ElasticNet,6
2020-10-01,0.524320981565296,0.1319394612825387,ElasticNet,6
2020-11-01,0.6238653990587206,0.15804681313525704,ElasticNet,6
2020-12-01,0.6635060424433847,0.18987157058674392,ElasticNet,6
2021-01-01,0.8461787818155431,0.4727240862906691,ElasticNet,6
2021-02-01,0.4614747980816958,0.4144120583436655,ElasticNet,6
2021-03-01,0.2842925602144719,0.2853127454791128,ElasticNet,6
2021-04-01,0.4525517463950024,0.26645035697494596,ElasticNet,6
2021-05-01,0.9638202329232072,0.45903248778367767,ElasticNet,6
2021-06-01,0.8566262881938069,0.4573381525383171,ElasticNet,6
2021-07-01,0.6905230550805275,0.5220551120525158,ElasticNet,6
2021-08-01,0.6046039630400957,0.4688389003101233,ElasticNet,6
2021-09-01,0.6926379347568234,0.43114853816984966,ElasticNet,6
2021-10-01,1.115641476274165,0.3782797022032506,ElasticNet,6
2021-11-01,0.3083351293478031,0.36479793938384475,ElasticNet,6
2021-12-01,0.948499623996324,0.41751179646903364,ElasticNet,6
2022-01-01,1.2561019986405686,0.538227763693405,ElasticNet,6
2022-02-01,-0.014917428642136,0.42985744485662225,ElasticNet,6
2022-03-01,0.0623912814965654,0.4407989613888792,ElasticNet,6
2022-04-01,0.4242672748282716,0.3489612998295318,ElasticNet,6
2022-05-01,0.5594754832984217,0.3373531189149582,ElasticNet,6
2022-06-01,0.2614032556282231,0.3116811890906557,ElasticNet,6
2022-07-01,0.0153956343335925,0.2844922890862779,ElasticNet,6
2022-08-01,0.5314022594635093,0.4726489435110012,ElasticNet,6
2022-09-01,0.3428533386591992,0.5950848840688241,ElasticNet,6
2022-10-01,0.1230718195389002,0.5121878105769486,ElasticNet,6
2022-11-01,0.3392739405144063,0.5957024391622441,ElasticNet,6
2022-12-01,0.1614687381333635,0.6394696264726545,ElasticNet,6
2023-01-01,0.224175331482801,0.19403381880719137,ElasticNet,6
2023-02-01,0.1957146710348745,0.12309444759672655,ElasticNet,6
2023-03-01,0.4835707415079771,0.10911634286923216,ElasticNet,6
2023-04-01,0.3900915440960384,0.17812697378201908,ElasticNet,6
2023-05-01,0.1366849347166798,0.2215713180968602,ElasticNet,6
2023-06-01,0.1468982372211602,0.23243873163059497,ElasticNet,6
2023-07-01,0.1924399963653789,0.19204126595570806,ElasticNet,6
2023-08-01,0.3099685496905202,0.19776862977332466,ElasticNet,6
2023-09-01,0.4097540184308634,0.15200710425021743,ElasticNet,6
2023-10-01,0.4431338373525273,0.1482850033869115,ElasticNet,6
2023-11-01,0.2170676655621095,0.11970394239134864,ElasticNet,6
2023-12-01,0.048558732105941,0.18712739729435118,ElasticNet,6
2024-01-01,-0.0418296479604118,0.3982847808570269,ElasticNet,6
2024-02-01,0.1677080538199149,0.33088386664031444,ElasticNet,6
2024-03-01,0.1572221743858515,0.24338021447970898,ElasticNet,6
2024-04-01,0.2133336729690294,0.28471815684951707,ElasticNet,6
2024-05-01,0.2856398459641696,0.22189593309146566,ElasticNet,6
2024-06-01,0.2841926173284825,0.23336814856966773,ElasticNet,6
2024-07-01,0.3399383308901438,0.2186927347169908,ElasticNet,6
2024-08-01,0.4272616213901736,0.23931110581068923,ElasticNet,6
2024-09-01,0.2251058906888259,0.2762734208051353,ElasticNet,6
2024-10-01,0.0331582618814607,0.23570731961355407,ElasticNet,6
2024-11-01,0.1616711227856226,0.20908825719734445,ElasticNet,6
2024-12-01,0.0992813032700379,0.23576379639973832,ElasticNet,6
2025-01-01,0.2541949971929469,0.30587862012298983,ElasticNet,6
2025-02-01,0.2283509885357748,0.2758538931244964,ElasticNet,6
2025-03-01,0.3482644202266627,0.27628431447996293,ElasticNet,6
2025-04-01,0.2950901819104068,0.2661407537033494,ElasticNet,6
2025-05-01,0.0,0.2611496338234491,ElasticNet,6
2025-06-01,0.2522783697512576,0.2578879123080133,ElasticNet,6
2025-07-01,0.297788428704604,0.3098281751317245,ElasticNet,6
2011-01-01,0.0,0.3196102662906235,RandomForest,6
2011-02-01,0.2620036831757044,0.30994230750941965,RandomForest,6
2011-03-01,0.3154462166418792,0.2980752381744287,RandomForest,6
2011-04-01,0.2171547858084377,0.29236745416323506,RandomForest,6
2011-05-01,0.0675207527019328,0.25475202643882594,RandomForest,6
2011-06-01,0.1847850055126887,0.19159831184209286,RandomForest,6
2011-07-01,0.0237708490154808,0.1960633723599985,RandomForest,6
2011-08-01,0.2724196054096683,0.1735911025583904,RandomForest,6
2011-09-01,0.2137446124946151,0.24068498151521145,RandomForest,6
2011-10-01,0.2093470387029228,0.19310918145606368,RandomForest,6
2011-11-01,0.1660788350006825,0.21935703065026504,RandomForest,6
2011-12-01,-0.2068180132381081,0.2570565326985596,RandomForest,6
2012-01-01,-0.0826363171310684,0.15635357496966637,RandomForest,6
2012-02-01,0.0288809928060018,0.14820610418314975,RandomForest,6
2012-03-01,0.580952797585188,0.1678733401924161,RandomForest,6
2012-04-01,0.4771266277542318,0.16562622005589692,RandomForest,6
2012-05-01,0.2696794580438588,0.17776054153831727,RandomForest,6
2012-06-01,-0.1679344494426637,0.19502130158521286,RandomForest,6
2012-07-01,-0.0121081604677164,0.13469469107542312,RandomForest,6
2012-08-01,0.1980788942180789,0.2707524816707804,RandomForest,6
2012-09-01,0.5429926752100966,0.21780190768820681,RandomForest,6
2012-10-01,-0.2811919102589932,0.12738421916347314,RandomForest,6
2012-11-01,-0.2087979266581219,0.0919505689826457,RandomForest,6
2012-12-01,0.0414155489501633,0.11142441416585129,RandomForest,6
2013-01-01,0.2380408205508555,0.031746848720567024,RandomForest,6
2013-02-01,0.1957452300544337,0.25998419617015617,RandomForest,6
2013-03-01,0.2387290682696274,0.138638830302697,RandomForest,6
2013-04-01,0.03769446919335,0.1177367993988266,RandomForest,6
2013-05-01,0.0535231048539142,0.10241214192693932,RandomForest,6
2013-06-01,0.184448942735238,0.1716967024795577,RandomForest,6
2013-07-01,0.2644169158479315,0.3240610831333847,RandomForest,6
2013-08-01,0.2424175290453689,0.34946755525437434,RandomForest,6
2013-09-01,0.1100778620244158,0.23151339594139614,RandomForest,6
2013-10-01,0.204205530106516,0.2464481104697537,RandomForest,6
2013-11-01,0.1864185605097601,0.2448195052988773,RandomForest,6
2013-12-01,0.1903005903547194,0.2776959131828681,RandomForest,6
2014-01-01,0.1321132206079767,0.17628129497080774,RandomForest,6
2014-02-01,0.1125485286492811,0.16016797931886184,RandomForest,6
2014-03-01,-0.0160001347379701,0.1478497425330221,RandomForest,6
2014-04-01,0.0071591004800808,0.1859048907892167,RandomForest,6
2014-05-01,-0.0197913903241198,0.2324377508386966,RandomForest,6
2014-06-01,-0.1882660152465964,0.41292756700808075,RandomForest,6
2014-07-01,-0.3084609444559238,0.19649143004237024,RandomForest,6
2014-08-01,-0.6370316441765556,0.207041756102249,RandomForest,6
2014-09-01,0.2534643680217385,0.27167184559567176,RandomForest,6
2014-10-01,0.2693951780812442,0.13572589830134726,RandomForest,6
2014-11-01,0.1042478896158938,-0.5897081650912177,RandomForest,6
2014-12-01,0.3297745341246827,-0.5889862865964968,RandomForest,6
2015-01-01,0.2767920810460733,-0.015475283773794722,RandomForest,6
2015-02-01,0.1586319780187306,0.025356756999164246,RandomForest,6
2015-03-01,-0.0004201080517907,0.003509760717228069,RandomForest,6
2015-04-01,-0.2247587519377591,0.01376646962488277,RandomForest,6
2015-05-01,0.098948201669069,-0.04620262529661425,RandomForest,6
2015-06-01,0.1194617491050875,-0.02736889323857918,RandomForest,6
2015-07-01,-0.1075553426856057,0.07985553844505691,RandomForest,6
2015-08-01,-0.0458443563073895,0.0763063895206018,RandomForest,6
2015-09-01,-0.1329675323582302,0.11382847974392121,RandomForest,6
2015-10-01,0.3134796238244419,0.11921724906467522,RandomForest,6
2015-11-01,0.3830645161290169,0.15433466128242754,RandomForest,6
2015-12-01,0.236409586931785,0.16983656598717034,RandomForest,6
2016-01-01,0.2775957287827202,0.13536596954657285,RandomForest,6
2016-02-01,-0.050370074347894,0.09948576454630739,RandomForest,6
2016-03-01,0.1849221785831689,0.16545318636214756,RandomForest,6
2016-04-01,0.2623209794425207,0.21568191208548254,RandomForest,6
2016-05-01,0.2342687497926876,0.2012509751948534,RandomForest,6
2016-06-01,0.1178947716771183,0.09976837541211304,RandomForest,6
2016-07-01,0.2524522158776188,0.13003415410212762,RandomForest,6
2016-08-01,0.4043076694815628,0.13218832321000631,RandomForest,6
2016-09-01,0.1592657357009752,0.20375326761685933,RandomForest,6
2016-10-01,-0.0467201626189517,0.2498354349629692,RandomForest,6
2016-11-01,0.1234152821740774,0.18159730885402414,RandomForest,6
2016-12-01,-0.0773977960056293,0.14677829671602438,RandomForest,6
2017-01-01,0.0651628661825221,0.11965334837365421,RandomForest,6
2017-02-01,0.0327649971535448,0.16687907290341955,RandomForest,6
2017-03-01,0.3848626163288182,0.15777443514379633,RandomForest,6
2017-04-01,0.5106389920997767,0.12598881377277488,RandomForest,6
2017-05-01,0.077505224501384,0.14713084104678306,RandomForest,6
2017-06-01,0.2668007428251684,0.14498535270761495,RandomForest,6
2017-07-01,0.2106889244755105,0.2050955974281057,RandomForest,6
2017-08-01,0.4253344363511546,0.22491662597461468,RandomForest,6
2017-09-01,0.2692287600609022,0.17029278461542907,RandomForest,6
2017-10-01,0.0192362410782021,0.16816608453515466,RandomForest,6
2017-11-01,0.2604406656061986,0.12711685433253264,RandomForest,6
2017-12-01,0.2257949781598212,0.24841612081638043,RandomForest,6
2018-01-01,0.090114517209483,0.22462097623479974,RandomForest,6
2018-02-01,0.0780820498928358,0.2371919478317099,RandomForest,6
2018-03-01,0.1787320770339384,0.31307855212633706,RandomForest,6
2018-04-01,0.2062281702117419,0.23887001736064456,RandomForest,6
2018-05-01,0.2339580144498754,0.2677675619220852,RandomForest,6
2018-06-01,-0.0704191919991159,0.33089836494276376,RandomForest,6
2018-07-01,0.0684893544581344,0.2325892373396195,RandomForest,6
2018-08-01,-0.0814979803534399,0.18941080287168077,RandomForest,6
2018-09-01,0.3001255142321968,0.17431855290321624,RandomForest,6
2018-10-01,0.3781792917230797,0.18134220258001615,RandomForest,6
2018-11-01,0.3759679404743643,0.11067734198442158,RandomForest,6
2018-12-01,0.0246833285664438,0.15527315996253407,RandomForest,6
2019-01-01,-0.0325112810228067,0.14991229615623153,RandomForest,6
2019-02-01,0.2307876166182776,0.2048278367574522,RandomForest,6
2019-03-01,0.0914770017435451,0.17770044962432968,RandomForest,6
2019-04-01,0.1538846099767177,0.17633143892081443,RandomForest,6
2019-05-01,0.2827282299262768,0.15892947019842432,RandomForest,6
2019-06-01,0.281542260504386,0.07019413781050969,RandomForest,6
2019-07-01,0.2912218521089249,0.12409934071471415,RandomForest,6
2019-08-01,0.1921664153423874,0.2030337340299347,RandomForest,6
2019-09-01,0.047467072130658,0.24483494995557956,RandomForest,6
2019-10-01,-0.4528447444551498,0.14341932967420712,RandomForest,6
2019-11-01,-0.7920147553434065,0.14901408930931612,RandomForest,6
2019-12-01,-0.0898325209348738,0.17925381116681943,RandomForest,6
2020-01-01,0.4847499237691677,-0.14586325273441306,RandomForest,6
2020-02-01,0.5096443382793581,-0.14610165348721915,RandomForest,6
2020-03-01,0.3731343283582156,-0.221697586186197,RandomForest,6
2020-04-01,0.2626139536318739,-0.15621707801415993,RandomForest,6
2020-05-01,0.1238475828567287,-0.21746002482720544,RandomForest,6
2020-06-01,0.2274132890799363,-0.1830725296838163,RandomForest,6
2020-07-01,0.4346309661148906,0.06717329228031436,RandomForest,6
2020-08-01,0.2449960884580937,0.05107515425023708,RandomForest,6
2020-09-01,0.3395676223033383,0.11525875022505291,RandomForest,6
2020-10-01,0.524320981565296,-0.005304392217875736,RandomForest,6
2020-11-01,0.6238653990587206,0.01843206929330894,RandomForest,6
2020-12-01,0.6635060424433847,0.003416123503347024,RandomForest,6
2021-01-01,0.8461787818155431,0.4703686597116792,RandomForest,6
2021-02-01,0.4614747980816958,0.41421257726090316,RandomForest,6
2021-03-01,0.2842925602144719,0.23060586356414847,RandomForest,6
2021-04-01,0.4525517463950024,0.2286215833811951,RandomForest,6
2021-05-01,0.9638202329232072,0.2521814167632242,RandomForest,6
2021-06-01,0.8566262881938069,0.16700502224365996,RandomForest,6
2021-07-01,0.6905230550805275,0.7377572453630127,RandomForest,6
2021-08-01,0.6046039630400957,0.7282221649507776,RandomForest,6
2021-09-01,0.6926379347568234,0.6588568858095565,RandomForest,6
2021-10-01,1.115641476274165,0.60842278607867,RandomForest,6
2021-11-01,0.3083351293478031,0.7413009735691949,RandomForest,6
2021-12-01,0.948499623996324,0.7184942713036679,RandomForest,6
2022-01-01,1.2561019986405686,0.714375846650982,RandomForest,6
2022-02-01,-0.014917428642136,0.6457565498180405,RandomForest,6
2022-03-01,0.0623912814965654,0.7342438568636177,RandomForest,6
2022-04-01,0.4242672748282716,0.27089616877620154,RandomForest,6
2022-05-01,0.5594754832984217,0.6572662562576872,RandomForest,6
2022-06-01,0.2614032556282231,0.2253373227591642,RandomForest,6
2022-07-01,0.0153956343335925,-0.05835163730077779,RandomForest,6
2022-08-01,0.5314022594635093,0.025943710961863396,RandomForest,6
2022-09-01,0.3428533386591992,0.21300399988964805,RandomForest,6
2022-10-01,0.1230718195389002,0.19384689031223165,RandomForest,6
2022-11-01,0.3392739405144063,0.2616521633189189,RandomForest,6
2022-12-01,0.1614687381333635,0.2704746875681797,RandomForest,6
2023-01-01,0.224175331482801,0.09527045863921105,RandomForest,6
2023-02-01,0.1957146710348745,0.1429696442069945,RandomForest,6
2023-03-01,0.4835707415079771,0.17627307608884743,RandomForest,6
2023-04-01,0.3900915440960384,0.2595560807794879,RandomForest,6
2023-05-01,0.1366849347166798,0.1305511407477487,RandomForest,6
2023-06-01,0.1468982372211602,0.12341788485723627,RandomForest,6
2023-07-01,0.1924399963653789,0.3029136526365002,RandomForest,6
2023-08-01,0.3099685496905202,0.16363499553123506,RandomForest,6
2023-09-01,0.4097540184308634,0.1886243439978224,RandomForest,6
2023-10-01,0.4431338373525273,0.2408466100681108,RandomForest,6
2023-11-01,0.2170676655621095,0.18319625670341985,RandomForest,6
2023-12-01,0.048558732105941,0.17138729327565397,RandomForest,6
2024-01-01,-0.0418296479604118,0.2180628160102065,RandomForest,6
2024-02-01,0.1677080538199149,0.23889320865204547,RandomForest,6
2024-03-01,0.1572221743858515,0.2229675614643581,RandomForest,6
2024-04-01,0.2133336729690294,0.2510888795691489,RandomForest,6
2024-05-01,0.2856398459641696,0.26569306954311633,RandomForest,6
2024-06-01,0.2841926173284825,0.19472627726297997,RandomForest,6
2024-07-01,0.3399383308901438,0.22408385888288998,RandomForest,6
2024-08-01,0.4272616213901736,0.21620547810596363,RandomForest,6
2024-09-01,0.2251058906888259,0.19909619589715746,RandomForest,6
2024-10-01,0.0331582618814607,0.15413709654035349,RandomForest,6
2024-11-01,0.1616711227856226,0.1530915623047075,RandomForest,6
2024-12-01,0.0992813032700379,0.1647579906646399,RandomForest,6
2025-01-01,0.2541949971929469,0.19305474070776474,RandomForest,6
2025-02-01,0.2283509885357748,0.24021643714178342,RandomForest,6
2025-03-01,0.3482644202266627,0.224018959144262,RandomForest,6
2025-04-01,0.2950901819104068,0.18282812909883603,RandomForest,6
2025-05-01,0.0,0.1600608337050451,RandomForest,6
2025-06-01,0.2522783697512576,0.1943312124267549,RandomForest,6
2025-07-01,0.297788428704604,0.19807577800635925,RandomForest,6
2011-01-01,0.0,0.35211384296417236,XGBoost,6
2011-02-01,0.2620036831757044,0.4363155663013458,XGBoost,6
2011-03-01,0.3154462166418792,0.3682651221752167,XGBoost,6
2011-04-01,0.2171547858084377,0.3789786696434021,XGBoost,6
2011-05-01,0.0675207527019328,0.3487996459007263,XGBoost,6
2011-06-01,0.1847850055126887,0.19449087977409363,XGBoost,6
2011-07-01,0.0237708490154808,0.1442047655582428,XGBoost,6
2011-08-01,0.2724196054096683,0.1474333256483078,XGBoost,6
2011-09-01,0.2137446124946151,0.20582908391952515,XGBoost,6
2011-10-01,0.2093470387029228,0.2147938460111618,XGBoost,6
2011-11-01,0.1660788350006825,0.21477653086185455,XGBoost,6
2011-12-01,-0.2068180132381081,0.1758859008550644,XGBoost,6
2012-01-01,-0.0826363171310684,0.18553419411182404,XGBoost,6
2012-02-01,0.0288809928060018,0.117118239402771,XGBoost,6
2012-03-01,0.580952797585188,0.17628908157348633,XGBoost,6
2012-04-01,0.4771266277542318,0.15772941708564758,XGBoost,6
2012-05-01,0.2696794580438588,0.18676809966564178,XGBoost,6
2012-06-01,-0.1679344494426637,0.11148184537887573,XGBoost,6
2012-07-01,-0.0121081604677164,0.07660803943872452,XGBoost,6
2012-08-01,0.1980788942180789,0.28154587745666504,XGBoost,6
2012-09-01,0.5429926752100966,0.35592496395111084,XGBoost,6
2012-10-01,-0.2811919102589932,0.26692894101142883,XGBoost,6
2012-11-01,-0.2087979266581219,-0.02781156823039055,XGBoost,6
2012-12-01,0.0414155489501633,-0.011221526190638542,XGBoost,6
2013-01-01,0.2380408205508555,-0.038043342530727386,XGBoost,6
2013-02-01,0.1957452300544337,0.41736915707588196,XGBoost,6
2013-03-01,0.2387290682696274,0.19240055978298187,XGBoost,6
2013-04-01,0.03769446919335,0.20349843800067902,XGBoost,6
2013-05-01,0.0535231048539142,0.07590487599372864,XGBoost,6
2013-06-01,0.184448942735238,0.3264731764793396,XGBoost,6
2013-07-01,0.2644169158479315,0.29797810316085815,XGBoost,6
2013-08-01,0.2424175290453689,0.32540789246559143,XGBoost,6
2013-09-01,0.1100778620244158,0.24649865925312042,XGBoost,6
2013-10-01,0.204205530106516,0.12960593402385712,XGBoost,6
2013-11-01,0.1864185605097601,0.12390430271625519,XGBoost,6
2013-12-01,0.1903005903547194,0.18489469587802887,XGBoost,6
2014-01-01,0.1321132206079767,0.2143968790769577,XGBoost,6
2014-02-01,0.1125485286492811,0.26951542496681213,XGBoost,6
2014-03-01,-0.0160001347379701,0.14428065717220306,XGBoost,6
2014-04-01,0.0071591004800808,0.1723836213350296,XGBoost,6
2014-05-01,-0.0197913903241198,0.2738456130027771,XGBoost,6
2014-06-01,-0.1882660152465964,0.43727418780326843,XGBoost,6
2014-07-01,-0.3084609444559238,0.24312426149845123,XGBoost,6
2014-08-01,-0.6370316441765556,0.27624911069869995,XGBoost,6
2014-09-01,0.2534643680217385,0.22112363576889038,XGBoost,6
2014-10-01,0.2693951780812442,0.180043026804924,XGBoost,6
2014-11-01,0.1042478896158938,-0.7509872913360596,XGBoost,6
2014-12-01,0.3297745341246827,-0.7367522716522217,XGBoost,6
2015-01-01,0.2767920810460733,0.16295629739761353,XGBoost,6
2015-02-01,0.1586319780187306,0.33237677812576294,XGBoost,6
2015-03-01,-0.0004201080517907,0.22064150869846344,XGBoost,6
2015-04-01,-0.2247587519377591,0.24416999518871307,XGBoost,6
2015-05-01,0.098948201669069,-0.02166018635034561,XGBoost,6
2015-06-01,0.1194617491050875,0.04562816023826599,XGBoost,6
2015-07-01,-0.1075553426856057,-0.033881090581417084,XGBoost,6
2015-08-01,-0.0458443563073895,0.012594333849847317,XGBoost,6
2015-09-01,-0.1329675323582302,0.10315736383199692,XGBoost,6
2015-10-01,0.3134796238244419,0.11221994459629059,XGBoost,6
2015-11-01,0.3830645161290169,0.21448345482349396,XGBoost,6
2015-12-01,0.236409586931785,0.17330297827720642,XGBoost,6
2016-01-01,0.2775957287827202,0.08777938783168793,XGBoost,6
2016-02-01,-0.050370074347894,0.0488678403198719,XGBoost,6
2016-03-01,0.1849221785831689,0.1544753909111023,XGBoost,6
2016-04-01,0.2623209794425207,0.24557876586914062,XGBoost,6
2016-05-01,0.2342687497926876,0.2059570699930191,XGBoost,6
2016-06-01,0.1178947716771183,0.05706920847296715,XGBoost,6
2016-07-01,0.2524522158776188,0.08899043500423431,XGBoost,6
2016-08-01,0.4043076694815628,0.11536059528589249,XGBoost,6
2016-09-01,0.1592657357009752,0.13662047684192657,XGBoost,6
2016-10-01,-0.0467201626189517,0.26472601294517517,XGBoost,6
2016-11-01,0.1234152821740774,0.1571337729692459,XGBoost,6
2016-12-01,-0.0773977960056293,0.19350099563598633,XGBoost,6
2017-01-01,0.0651628661825221,0.07112982869148254,XGBoost,6
2017-02-01,0.0327649971535448,0.16948741674423218,XGBoost,6
2017-03-01,0.3848626163288182,0.17441947758197784,XGBoost,6
2017-04-01,0.5106389920997767,0.1014702096581459,XGBoost,6
2017-05-01,0.077505224501384,0.07942803204059601,XGBoost,6
2017-06-01,0.2668007428251684,0.2198345959186554,XGBoost,6
2017-07-01,0.2106889244755105,0.2193266749382019,XGBoost,6
2017-08-01,0.4253344363511546,0.32415062189102173,XGBoost,6
2017-09-01,0.2692287600609022,0.23494356870651245,XGBoost,6
2017-10-01,0.0192362410782021,0.17770768702030182,XGBoost,6
2017-11-01,0.2604406656061986,0.06654386222362518,XGBoost,6
2017-12-01,0.2257949781598212,0.3386053144931793,XGBoost,6
2018-01-01,0.090114517209483,0.34416425228118896,XGBoost,6
2018-02-01,0.0780820498928358,0.28830936551094055,XGBoost,6
2018-03-01,0.1787320770339384,0.35639432072639465,XGBoost,6
2018-04-01,0.2062281702117419,0.24598108232021332,XGBoost,6
2018-05-01,0.2339580144498754,0.28135764598846436,XGBoost,6
2018-06-01,-0.0704191919991159,0.44294577836990356,XGBoost,6
2018-07-01,0.0684893544581344,0.2259407341480255,XGBoost,6
2018-08-01,-0.0814979803534399,0.16064514219760895,XGBoost,6
2018-09-01,0.3001255142321968,0.1890518069267273,XGBoost,6
2018-10-01,0.3781792917230797,0.21264557540416718,XGBoost,6
2018-11-01,0.3759679404743643,0.09597162902355194,XGBoost,6
2018-12-01,0.0246833285664438,0.15302953124046326,XGBoost,6
2019-01-01,-0.0325112810228067,0.19486123323440552,XGBoost,6
2019-02-01,0.2307876166182776,0.2824394404888153,XGBoost,6
2019-03-01,0.0914770017435451,0.22906573116779327,XGBoost,6
2019-04-01,0.1538846099767177,0.23442207276821136,XGBoost,6
2019-05-01,0.2827282299262768,0.06425325572490692,XGBoost,6
2019-06-01,0.281542260504386,-0.005606550723314285,XGBoost,6
2019-07-01,0.2912218521089249,0.13675789535045624,XGBoost,6
2019-08-01,0.1921664153423874,0.2355460226535797,XGBoost,6
2019-09-01,0.047467072130658,0.2511950731277466,XGBoost,6
2019-10-01,-0.4528447444551498,0.2203090786933899,XGBoost,6
2019-11-01,-0.7920147553434065,0.13852207362651825,XGBoost,6
2019-12-01,-0.0898325209348738,0.13670118153095245,XGBoost,6
2020-01-01,0.4847499237691677,-0.06746174395084381,XGBoost,6
2020-02-01,0.5096443382793581,0.009913177229464054,XGBoost,6
2020-03-01,0.3731343283582156,-0.028043759986758232,XGBoost,6
2020-04-01,0.2626139536318739,-0.37437012791633606,XGBoost,6
2020-05-01,0.1238475828567287,-0.5110675692558289,XGBoost,6
2020-06-01,0.2274132890799363,-0.02776765078306198,XGBoost,6
2020-07-01,0.4346309661148906,0.1551874727010727,XGBoost,6
2020-08-01,0.2449960884580937,0.20615282654762268,XGBoost,6
2020-09-01,0.3395676223033383,0.09338777512311935,XGBoost,6
2020-10-01,0.524320981565296,-0.05578562617301941,XGBoost,6
2020-11-01,0.6238653990587206,0.0989198088645935,XGBoost,6
2020-12-01,0.6635060424433847,0.16633111238479614,XGBoost,6
2021-01-01,0.8461787818155431,0.5174946188926697,XGBoost,6
2021-02-01,0.4614747980816958,0.5549198985099792,XGBoost,6
2021-03-01,0.2842925602144719,0.2945910394191742,XGBoost,6
2021-04-01,0.4525517463950024,0.2918245792388916,XGBoost,6
2021-05-01,0.9638202329232072,0.2859048843383789,XGBoost,6
2021-06-01,0.8566262881938069,-0.23877696692943573,XGBoost,6
2021-07-01,0.6905230550805275,0.842151403427124,XGBoost,6
2021-08-01,0.6046039630400957,0.8480207324028015,XGBoost,6
2021-09-01,0.6926379347568234,0.89664226770401,XGBoost,6
2021-10-01,1.115641476274165,0.6542266011238098,XGBoost,6
2021-11-01,0.3083351293478031,0.7587408423423767,XGBoost,6
2021-12-01,0.948499623996324,0.7740370035171509,XGBoost,6
2022-01-01,1.2561019986405686,0.7058165073394775,XGBoost,6
2022-02-01,-0.014917428642136,0.6066914200782776,XGBoost,6
2022-03-01,0.0623912814965654,0.7729536890983582,XGBoost,6
2022-04-01,0.4242672748282716,0.2928619086742401,XGBoost,6
2022-05-01,0.5594754832984217,0.5574226975440979,XGBoost,6
2022-06-01,0.2614032556282231,0.19310446083545685,XGBoost,6
2022-07-01,0.0153956343335925,0.33178284764289856,XGBoost,6
2022-08-01,0.5314022594635093,0.2292550504207611,XGBoost,6
2022-09-01,0.3428533386591992,0.16287310421466827,XGBoost,6
2022-10-01,0.1230718195389002,0.3157494366168976,XGBoost,6
2022-11-01,0.3392739405144063,0.3151286244392395,XGBoost,6
2022-12-01,0.1614687381333635,0.2729305922985077,XGBoost,6
2023-01-01,0.224175331482801,0.01015861053019762,XGBoost,6
2023-02-01,0.1957146710348745,0.12895825505256653,XGBoost,6
2023-03-01,0.4835707415079771,0.1522950381040573,XGBoost,6
2023-04-01,0.3900915440960384,0.18210388720035553,XGBoost,6
2023-05-01,0.1366849347166798,-0.014011700637638569,XGBoost,6
2023-06-01,0.1468982372211602,-0.11124963313341141,XGBoost,6
2023-07-01,0.1924399963653789,0.35838979482650757,XGBoost,6
2023-08-01,0.3099685496905202,0.14724595844745636,XGBoost,6
2023-09-01,0.4097540184308634,0.15541350841522217,XGBoost,6
2023-10-01,0.4431338373525273,0.2228759527206421,XGBoost,6
2023-11-01,0.2170676655621095,0.19307078421115875,XGBoost,6
2023-12-01,0.048558732105941,0.24000059068202972,XGBoost,6
2024-01-01,-0.0418296479604118,0.236660897731781,XGBoost,6
2024-02-01,0.1677080538199149,0.23666219413280487,XGBoost,6
2024-03-01,0.1572221743858515,0.2264586240053177,XGBoost,6
2024-04-01,0.2133336729690294,0.28001174330711365,XGBoost,6
2024-05-01,0.2856398459641696,0.30820584297180176,XGBoost,6
2024-06-01,0.2841926173284825,0.2064606100320816,XGBoost,6
2024-07-01,0.3399383308901438,0.21771842241287231,XGBoost,6
2024-08-01,0.4272616213901736,0.12562212347984314,XGBoost,6
2024-09-01,0.2251058906888259,0.20643314719200134,XGBoost,6
2024-10-01,0.0331582618814607,0.11589698493480682,XGBoost,6
2024-11-01,0.1616711227856226,0.08236979693174362,XGBoost,6
2024-12-01,0.0992813032700379,0.0998900905251503,XGBoost,6
2025-01-01,0.2541949971929469,0.21329906582832336,XGBoost,6
2025-02-01,0.2283509885357748,0.28457513451576233,XGBoost,6
2025-03-01,0.3482644202266627,0.25506889820098877,XGBoost,6
2025-04-01,0.2950901819104068,0.246063694357872,XGBoost,6
2025-05-01,0.0,0.1798994392156601,XGBoost,6
2025-06-01,0.2522783697512576,0.23560981452465057,XGBoost,6
2025-07-01,0.297788428704604,0.1872224360704422,XGBoost,6
2011-06-01,0.0,0.2041462686489434,ARIMA,6
2011-07-01,0.2620036831757044,0.20362166559061265,ARIMA,6
2011-08-01,0.3154462166418792,0.20340892011124467,ARIMA,6
2011-09-01,0.2171547858084377,0.2033226441388256,ARIMA,6
2011-10-01,0.0675207527019328,0.20328765611727528,ARIMA,6
2011-11-01,0.1847850055126887,0.20327346721139938,ARIMA,6
2011-12-01,0.0237708490154808,0.20434735486798677,ARIMA,6
2012-01-01,0.2724196054096683,0.20491627919618596,ARIMA,6
2012-02-01,0.2137446124946151,0.20514904159744646,ARIMA,6
2012-03-01,0.2093470387029228,0.20524427102033305,ARIMA,6
2012-04-01,0.1660788350006825,0.20528323196477338,ARIMA,6
2012-05-01,-0.2068180132381081,0.2052991719457758,ARIMA,6
2012-06-01,-0.0826363171310684,0.20385462700844015,ARIMA,6
2012-07-01,0.0288809928060018,0.20434409661384917,ARIMA,6
2012-08-01,0.580952797585188,0.20454345263685803,ARIMA,6
2012-09-01,0.4771266277542318,0.20462464833005475,ARIMA,6
2012-10-01,0.2696794580438588,0.20465771851521491,ARIMA,6
2012-11-01,-0.1679344494426637,0.20467118766737644,ARIMA,6
2012-12-01,-0.0121081604677164,0.2001901083011175,ARIMA,6
2013-01-01,0.1980788942180789,0.2009799740572145,ARIMA,6
2013-02-01,0.5429926752100966,0.20130331761978051,ARIMA,6
2013-03-01,-0.2811919102589932,0.20143568322576588,ARIMA,6
2013-04-01,-0.2087979266581219,0.20148986910009978,ARIMA,6
2013-05-01,0.0414155489501633,0.20151205091202495,ARIMA,6
2013-06-01,0.2380408205508555,0.20065385602250962,ARIMA,6
2013-07-01,0.1957452300544337,0.2012345828934784,ARIMA,6
2013-08-01,0.2387290682696274,0.20147129345396342,ARIMA,6
2013-09-01,0.03769446919335,0.20156777924142433,ARIMA,6
2013-10-01,0.0535231048539142,0.20160710789310288,ARIMA,6
2013-11-01,0.184448942735238,0.20162313867736195,ARIMA,6
2013-12-01,0.2644169158479315,0.1997248612328405,ARIMA,6
2014-01-01,0.2424175290453689,0.19963082343690777,ARIMA,6
2014-02-01,0.1100778620244158,0.19959324662236336,ARIMA,6
2014-03-01,0.204205530106516,0.199578231202475,ARIMA,6
2014-04-01,0.1864185605097601,0.19957223115065695,ARIMA,6
2014-05-01,0.1903005903547194,0.1995698335738934,ARIMA,6
2014-06-01,0.1321132206079767,0.19896592906930677,ARIMA,6
2014-07-01,0.1125485286492811,0.19880576489307086,ARIMA,6
2014-08-01,-0.0160001347379701,0.19874179947126752,ARIMA,6
2014-09-01,0.0071591004800808,0.19871625333927573,ARIMA,6
2014-10-01,-0.0197913903241198,0.19870605087611135,ARIMA,6
2014-11-01,-0.1882660152465964,0.19870197627669042,ARIMA,6
2014-12-01,-0.3084609444559238,0.19759799688248317,ARIMA,6
2015-01-01,-0.6370316441765556,0.19775729323272845,ARIMA,6
2015-02-01,0.2534643680217385,0.19782084149486143,ARIMA,6
2015-03-01,0.2693951780812442,0.1978461928705452,ARIMA,6
2015-04-01,0.1042478896158938,0.19785630632176304,ARIMA,6
2015-05-01,0.3297745341246827,0.19786034089159513,ARIMA,6
2015-06-01,0.2767920810460733,0.18412680072068763,ARIMA,6
2015-07-01,0.1586319780187306,0.18555866434190008,ARIMA,6
2015-08-01,-0.0004201080517907,0.18614923702132066,ARIMA,6
2015-09-01,-0.2247587519377591,0.18639281894107268,ARIMA,6
2015-10-01,0.098948201669069,0.18649328439384014,ARIMA,6
2015-11-01,0.1194617491050875,0.18653472140694047,ARIMA,6
2015-12-01,-0.1075553426856057,0.19059852233949026,ARIMA,6
2016-01-01,-0.0458443563073895,0.19035291307875227,ARIMA,6
2016-02-01,-0.1329675323582302,0.1902519892371431,ARIMA,6
2016-03-01,0.3134796238244419,0.1902105183993801,ARIMA,6
2016-04-01,0.3830645161290169,0.19019347752620938,ARIMA,6
2016-05-01,0.236409586931785,0.1901864752235291,ARIMA,6
2016-06-01,0.2775957287827202,0.1663368882757487,ARIMA,6
2016-07-01,-0.050370074347894,0.16711194792991915,ARIMA,6
2016-08-01,0.1849221785831689,0.16743001508074867,ARIMA,6
2016-09-01,0.2623209794425207,0.16756054272709492,ARIMA,6
2016-10-01,0.2342687497926876,0.1676141083544043,ARIMA,6
2016-11-01,0.1178947716771183,0.16763609049006187,ARIMA,6
2016-12-01,0.2524522158776188,0.17654168928593417,ARIMA,6
2017-01-01,0.4043076694815628,0.17624843038100374,ARIMA,6
2017-02-01,0.1592657357009752,0.1761275132960826,ARIMA,6
2017-03-01,-0.0467201626189517,0.17607765652726837,ARIMA,6
2017-04-01,0.1234152821740774,0.17605709948689466,ARIMA,6
2017-05-01,-0.0773977960056293,0.17604862336782443,ARIMA,6
2017-06-01,0.0651628661825221,0.18174065544276735,ARIMA,6
2017-07-01,0.0327649971535448,0.18154009785133562,ARIMA,6
2017-08-01,0.3848626163288182,0.18145775819353868,ARIMA,6
2017-09-01,0.5106389920997767,0.18142395334378097,ARIMA,6
2017-10-01,0.077505224501384,0.18141007463821288,ARIMA,6
2017-11-01,0.2668007428251684,0.18140437668452794,ARIMA,6
2017-12-01,0.2106889244755105,0.16561065562056107,ARIMA,6
2018-01-01,0.4253344363511546,0.16588619457458748,ARIMA,6
2018-02-01,0.2692287600609022,0.1659986121407068,ARIMA,6
2018-03-01,0.0192362410782021,0.16604447755823676,ARIMA,6
2018-04-01,0.2604406656061986,0.16606319026122274,ARIMA,6
2018-05-01,0.2257949781598212,0.16607082488599886,ARIMA,6
2018-06-01,0.090114517209483,0.18459696410799475,ARIMA,6
2018-07-01,0.0780820498928358,0.18452550934866985,ARIMA,6
2018-08-01,0.1787320770339384,0.18449636543885756,ARIMA,6
2018-09-01,0.2062281702117419,0.1844844786522086,ARIMA,6
2018-10-01,0.2339580144498754,0.1844796304455765,ARIMA,6
2018-11-01,-0.0704191919991159,0.18447765303080144,ARIMA,6
2018-12-01,0.0684893544581344,0.18424773433505662,ARIMA,6
2019-01-01,-0.0814979803534399,0.18449867371939277,ARIMA,6
2019-02-01,0.3001255142321968,0.18460050831451602,ARIMA,6
2019-03-01,0.3781792917230797,0.18464183417012595,ARIMA,6
2019-04-01,0.3759679404743643,0.1846586047611007,ARIMA,6
2019-05-01,0.0246833285664438,0.18466541049367394,ARIMA,6
2019-06-01,-0.0325112810228067,0.17374913631795239,ARIMA,6
2019-07-01,0.2307876166182776,0.1740214674966412,ARIMA,6
2019-08-01,0.0914770017435451,0.17413136660014705,ARIMA,6
2019-09-01,0.1538846099767177,0.17417571632539533,ARIMA,6
2019-10-01,0.2827282299262768,0.1741936136336249,ARIMA,6
2019-11-01,0.281542260504386,0.17420083608292017,ARIMA,6
2019-12-01,0.2912218521089249,0.1720973738369067,ARIMA,6
2020-01-01,0.1921664153423874,0.17261999648295862,ARIMA,6
2020-02-01,0.047467072130658,0.17283039558382862,ARIMA,6
2020-03-01,-0.4528447444551498,0.17291509872859534,ARIMA,6
2020-04-01,-0.7920147553434065,0.1729491987922539,ARIMA,6
2020-05-01,-0.0898325209348738,0.17296292690523862,ARIMA,6
2020-06-01,0.4847499237691677,0.18069381913431815,ARIMA,6
2020-07-01,0.5096443382793581,0.1804117755026861,ARIMA,6
2020-08-01,0.3731343283582156,0.18029825000688574,ARIMA,6
2020-09-01,0.2626139536318739,0.180252554813833,ARIMA,6
2020-10-01,0.1238475828567287,0.18023416202326728,ARIMA,6
2020-11-01,0.2274132890799363,0.18022675873372643,ARIMA,6
2020-12-01,0.4346309661148906,0.16468873332920872,ARIMA,6
2021-01-01,0.2449960884580937,0.1637532858343478,ARIMA,6
2021-02-01,0.3395676223033383,0.16336706500572762,ARIMA,6
2021-03-01,0.524320981565296,0.16320760492990344,ARIMA,6
2021-04-01,0.6238653990587206,0.1631417682015408,ARIMA,6
2021-05-01,0.6635060424433847,0.1631145860070066,ARIMA,6
2021-06-01,0.8461787818155431,0.17758480563605064,ARIMA,6
2021-07-01,0.4614747980816958,0.17677476334216088,ARIMA,6
2021-08-01,0.2842925602144719,0.17643554978750672,ARIMA,6
2021-09-01,0.4525517463950024,0.17629350061732257,ARIMA,6
2021-10-01,0.9638202329232072,0.17623401606408715,ARIMA,6
2021-11-01,0.8566262881938069,0.176209106294681,ARIMA,6
2021-12-01,0.6905230550805275,0.194424423127472,ARIMA,6
2022-01-01,0.6046039630400957,0.1917280277371571,ARIMA,6
2022-02-01,0.6926379347568234,0.1905392039261396,ARIMA,6
2022-03-01,1.115641476274165,0.1900150589662726,ARIMA,6
2022-04-01,0.3083351293478031,0.18978396674183368,ARIMA,6
2022-05-01,0.948499623996324,0.1896820796298987,ARIMA,6
2022-06-01,1.2561019986405686,0.20160815943850507,ARIMA,6
2022-07-01,-0.014917428642136,0.19899252915222299,ARIMA,6
2022-08-01,0.0623912814965654,0.19778117930372746,ARIMA,6
2022-09-01,0.4242672748282716,0.19722017935539918,ARIMA,6
2022-10-01,0.5594754832984217,0.1969603692415702,ARIMA,6
2022-11-01,0.2614032556282231,0.19684004606605304,ARIMA,6
2022-12-01,0.0153956343335925,0.4781257393187337,ARIMA,6
2023-01-01,0.5314022594635093,0.4746270944312164,ARIMA,6
2023-02-01,0.3428533386591992,0.47305983870609325,ARIMA,6
2023-03-01,0.1230718195389002,0.47235776959450804,ARIMA,6
2023-04-01,0.3392739405144063,0.47204327016117315,ARIMA,6
2023-05-01,0.1614687381333635,0.4719023867467973,ARIMA,6
2023-06-01,0.224175331482801,0.2864319747252705,ARIMA,6
2023-07-01,0.1957146710348745,0.2876730152420337,ARIMA,6
2023-08-01,0.4835707415079771,0.28823086928071195,ARIMA,6
2023-09-01,0.3900915440960384,0.28848162751484385,ARIMA,6
2023-10-01,0.1366849347166798,0.28859434461936445,ARIMA,6
2023-11-01,0.1468982372211602,0.2886450115324391,ARIMA,6
2023-12-01,0.1924399963653789,0.30077781255082986,ARIMA,6
2024-01-01,0.3099685496905202,0.301096232965521,ARIMA,6
2024-02-01,0.4097540184308634,0.30123674920195376,ARIMA,6
2024-03-01,0.4431338373525273,0.301298757828883,ARIMA,6
2024-04-01,0.2170676655621095,0.30132612171160045,ARIMA,6
2024-05-01,0.048558732105941,0.30133819716165405,ARIMA,6
2024-06-01,-0.0418296479604118,0.2853747023380977,ARIMA,6
2024-07-01,0.1677080538199149,0.2857714902228331,ARIMA,6
2024-08-01,0.1572221743858515,0.28594748387765506,ARIMA,6
2024-09-01,0.2133336729690294,0.28602554514849815,ARIMA,6
2024-10-01,0.2856398459641696,0.2860601689081547,ARIMA,6
2024-11-01,0.2841926173284825,0.28607552613613485,ARIMA,6
2024-12-01,0.3399383308901438,0.25337244029523587,ARIMA,6
2025-01-01,0.4272616213901736,0.25476440251725235,ARIMA,6
2025-02-01,0.2251058906888259,0.255393618628505,ARIMA,6
2025-03-01,0.0331582618814607,0.25567804654500864,ARIMA,6
2025-04-01,0.1616711227856226,0.25580661801392024,ARIMA,6
2025-05-01,0.0992813032700379,0.2558647368611181,ARIMA,6
2025-06-01,0.2541949971929469,0.26641376423093466,ARIMA,6
2025-07-01,0.2283509885357748,0.26607671839122365,ARIMA,6
2025-08-01,0.3482644202266627,0.26592518136338006,ARIMA,6
2025-09-01,0.2950901819104068,0.2658570497679052,ARIMA,6
2025-10-01,0.0,0.2658264175563065,ARIMA,6
2025-11-01,0.2522783697512576,0.2658126452032464,ARIMA,6
2025-12-01,0.297788428704604,0.2421537280083835,ARIMA,6
2011-01-01,0.0237708490154808,0.20408236884433809,ElasticNet,12
2011-02-01,0.2724196054096683,0.2753143221692911,ElasticNet,12
2011-03-01,0.2137446124946151,0.2961386579174532,ElasticNet,12
2011-04-01,0.2093470387029228,0.23267726266480676,ElasticNet,12
2011-05-01,0.1660788350006825,0.15446047440804755,ElasticNet,12
2011-06-01,-0.2068180132381081,0.1931123741177282,ElasticNet,12
2011-07-01,-0.0826363171310684,0.3057293047344705,ElasticNet,12
2011-08-01,0.0288809928060018,0.2194668900141124,ElasticNet,12
2011-09-01,0.580952797585188,0.21767074094437927,ElasticNet,12
2011-10-01,0.4771266277542318,0.08353349804573118,ElasticNet,12
2011-11-01,0.2696794580438588,0.1749168573144597,ElasticNet,12
2011-12-01,-0.1679344494426637,0.21758008609012736,ElasticNet,12
2012-01-01,-0.0121081604677164,0.22764869116782638,ElasticNet,12
2012-02-01,0.1980788942180789,0.24035718828506208,ElasticNet,12
2012-03-01,0.5429926752100966,0.2612851957438794,ElasticNet,12
2012-04-01,-0.2811919102589932,0.29354870062142,ElasticNet,12
2012-05-01,-0.2087979266581219,0.2280708962818711,ElasticNet,12
2012-06-01,0.0414155489501633,0.3916891795510885,ElasticNet,12
2012-07-01,0.2380408205508555,0.1900033764479283,ElasticNet,12
2012-08-01,0.1957452300544337,0.2054729377503374,ElasticNet,12
2012-09-01,0.2387290682696274,-0.044324673215328264,ElasticNet,12
2012-10-01,0.03769446919335,-0.06870635550500395,ElasticNet,12
2012-11-01,0.0535231048539142,-0.0750792170774541,ElasticNet,12
2012-12-01,0.184448942735238,0.06513932030139274,ElasticNet,12
2013-01-01,0.2644169158479315,0.1994508710287999,ElasticNet,12
2013-02-01,0.2424175290453689,0.16027851377600377,ElasticNet,12
2013-03-01,0.1100778620244158,0.08528478202015638,ElasticNet,12
2013-04-01,0.204205530106516,0.12873258864013648,ElasticNet,12
2013-05-01,0.1864185605097601,0.31749921877789705,ElasticNet,12
2013-06-01,0.1903005903547194,0.2556239088470159,ElasticNet,12
2013-07-01,0.1321132206079767,0.23013843044417298,ElasticNet,12
2013-08-01,0.1125485286492811,0.19391902808989195,ElasticNet,12
2013-09-01,-0.0160001347379701,0.040141301382831895,ElasticNet,12
2013-10-01,0.0071591004800808,0.08939353550724122,ElasticNet,12
2013-11-01,-0.0197913903241198,0.13451961359932874,ElasticNet,12
2013-12-01,-0.1882660152465964,0.04160299820905805,ElasticNet,12
2014-01-01,-0.3084609444559238,0.06523673435527602,ElasticNet,12
2014-02-01,-0.6370316441765556,-0.07885274473866882,ElasticNet,12
2014-03-01,0.2534643680217385,0.15537131903501253,ElasticNet,12
2014-04-01,0.2693951780812442,0.10139507583786998,ElasticNet,12
2014-05-01,0.1042478896158938,0.1566421844756011,ElasticNet,12
2014-06-01,0.3297745341246827,0.11815632498520373,ElasticNet,12
2014-07-01,0.2767920810460733,0.2351135353722715,ElasticNet,12
2014-08-01,0.1586319780187306,0.13926402380796435,ElasticNet,12
2014-09-01,-0.0004201080517907,0.18355225875652373,ElasticNet,12
2014-10-01,-0.2247587519377591,0.17382382771733468,ElasticNet,12
2014-11-01,0.098948201669069,0.11297524809873902,ElasticNet,12
2014-12-01,0.1194617491050875,0.13554387159046982,ElasticNet,12
2015-01-01,-0.1075553426856057,0.2259738740032563,ElasticNet,12
2015-02-01,-0.0458443563073895,0.3100958341790966,ElasticNet,12
2015-03-01,-0.1329675323582302,0.28304638131310333,ElasticNet,12
2015-04-01,0.3134796238244419,0.07516786710978784,ElasticNet,12
2015-05-01,0.3830645161290169,0.19032125910349662,ElasticNet,12
2015-06-01,0.236409586931785,0.13537620994127755,ElasticNet,12
2015-07-01,0.2775957287827202,0.15826977389535987,ElasticNet,12
2015-08-01,-0.050370074347894,0.08552312473676266,ElasticNet,12
2015-09-01,0.1849221785831689,0.09851191688646686,ElasticNet,12
2015-10-01,0.2623209794425207,0.25921694892151925,ElasticNet,12
2015-11-01,0.2342687497926876,0.13739553321899622,ElasticNet,12
2015-12-01,0.1178947716771183,0.113812452305006,ElasticNet,12
2016-01-01,0.2524522158776188,0.3582577524184589,ElasticNet,12
2016-02-01,0.4043076694815628,0.17877358157590567,ElasticNet,12
2016-03-01,0.1592657357009752,0.291927073358555,ElasticNet,12
2016-04-01,-0.0467201626189517,0.3085077634426624,ElasticNet,12
2016-05-01,0.1234152821740774,0.19298972687687055,ElasticNet,12
2016-06-01,-0.0773977960056293,0.23181117090458517,ElasticNet,12
2016-07-01,0.0651628661825221,0.19508703748124345,ElasticNet,12
2016-08-01,0.0327649971535448,0.2308323662740009,ElasticNet,12
2016-09-01,0.3848626163288182,0.2364437084424924,ElasticNet,12
2016-10-01,0.5106389920997767,0.14543749220040603,ElasticNet,12
2016-11-01,0.077505224501384,0.14743945728336957,ElasticNet,12
2016-12-01,0.2668007428251684,0.10761709218667453,ElasticNet,12
2017-01-01,0.2106889244755105,0.26852811866359994,ElasticNet,12
2017-02-01,0.4253344363511546,0.1550875003468432,ElasticNet,12
2017-03-01,0.2692287600609022,0.1162413996521972,ElasticNet,12
2017-04-01,0.0192362410782021,0.14753900492003752,ElasticNet,12
2017-05-01,0.2604406656061986,0.21521230475298506,ElasticNet,12
2017-06-01,0.2257949781598212,0.2057846633928574,ElasticNet,12
2017-07-01,0.090114517209483,0.2770513899086571,ElasticNet,12
2017-08-01,0.0780820498928358,0.2639663441483116,ElasticNet,12
2017-09-01,0.1787320770339384,0.09918430124380222,ElasticNet,12
2017-10-01,0.2062281702117419,0.0445089765724839,ElasticNet,12
2017-11-01,0.2339580144498754,0.11108219720069347,ElasticNet,12
2017-12-01,-0.0704191919991159,0.1086507767213037,ElasticNet,12
2018-01-01,0.0684893544581344,0.13136956237323288,ElasticNet,12
2018-02-01,-0.0814979803534399,0.11812092732595625,ElasticNet,12
2018-03-01,0.3001255142321968,0.13916173738323612,ElasticNet,12
2018-04-01,0.3781792917230797,0.1589869023149785,ElasticNet,12
2018-05-01,0.3759679404743643,0.2044320478736198,ElasticNet,12
2018-06-01,0.0246833285664438,0.21134987716400355,ElasticNet,12
2018-07-01,-0.0325112810228067,0.23541768055570694,ElasticNet,12
2018-08-01,0.2307876166182776,0.21400733283793677,ElasticNet,12
2018-09-01,0.0914770017435451,0.08868174079280856,ElasticNet,12
2018-10-01,0.1538846099767177,0.10198686136033691,ElasticNet,12
2018-11-01,0.2827282299262768,0.054028033221902694,ElasticNet,12
2018-12-01,0.281542260504386,0.01993452730761941,ElasticNet,12
2019-01-01,0.2912218521089249,0.024797515071083576,ElasticNet,12
2019-02-01,0.1921664153423874,0.18810846309576754,ElasticNet,12
2019-03-01,0.047467072130658,0.16075775254051927,ElasticNet,12
2019-04-01,-0.4528447444551498,0.09324585729363725,ElasticNet,12
2019-05-01,-0.7920147553434065,0.0879025879404746,ElasticNet,12
2019-06-01,-0.0898325209348738,0.133664289969868,ElasticNet,12
2019-07-01,0.4847499237691677,0.15602893450145378,ElasticNet,12
2019-08-01,0.5096443382793581,0.180559960801578,ElasticNet,12
2019-09-01,0.3731343283582156,0.10895747778632135,ElasticNet,12
2019-10-01,0.2626139536318739,0.10761210788455614,ElasticNet,12
2019-11-01,0.1238475828567287,0.04409125316129214,ElasticNet,12
2019-12-01,0.2274132890799363,0.0343537902401691,ElasticNet,12
2020-01-01,0.4346309661148906,0.13070086866321035,ElasticNet,12
2020-02-01,0.2449960884580937,0.11067677279823665,ElasticNet,12
2020-03-01,0.3395676223033383,0.15521329990735655,ElasticNet,12
2020-04-01,0.524320981565296,-0.021615562064481897,ElasticNet,12
2020-05-01,0.6238653990587206,0.039523804657145445,ElasticNet,12
2020-06-01,0.6635060424433847,0.5356187203509404,ElasticNet,12
2020-07-01,0.8461787818155431,0.3894175387188453,ElasticNet,12
2020-08-01,0.4614747980816958,0.17133795987776576,ElasticNet,12
2020-09-01,0.2842925602144719,0.12402520420156656,ElasticNet,12
2020-10-01,0.4525517463950024,0.11502147624631542,ElasticNet,12
2020-11-01,0.9638202329232072,0.18811005040523726,ElasticNet,12
2020-12-01,0.8566262881938069,0.20294780164342496,ElasticNet,12
2021-01-01,0.6905230550805275,0.4741112343341081,ElasticNet,12
2021-02-01,0.6046039630400957,0.4996350347366816,ElasticNet,12
2021-03-01,0.6926379347568234,0.5052693951696221,ElasticNet,12
2021-04-01,1.115641476274165,0.5274010514886636,ElasticNet,12
2021-05-01,0.3083351293478031,0.5504470585936998,ElasticNet,12
2021-06-01,0.948499623996324,0.26942440520636995,ElasticNet,12
2021-07-01,1.2561019986405686,0.39036566282532426,ElasticNet,12
2021-08-01,-0.014917428642136,0.38372325999320156,ElasticNet,12
2021-09-01,0.0623912814965654,0.3609507232407785,ElasticNet,12
2021-10-01,0.4242672748282716,0.3476059300388554,ElasticNet,12
2021-11-01,0.5594754832984217,0.24321473729876303,ElasticNet,12
2021-12-01,0.2614032556282231,0.1529824808224232,ElasticNet,12
2022-01-01,0.0153956343335925,0.20724361400043698,ElasticNet,12
2022-02-01,0.5314022594635093,0.2856298743757754,ElasticNet,12
2022-03-01,0.3428533386591992,0.2882328852247669,ElasticNet,12
2022-04-01,0.1230718195389002,0.3067453259614766,ElasticNet,12
2022-05-01,0.3392739405144063,0.25832295708625086,ElasticNet,12
2022-06-01,0.1614687381333635,0.20687119361479545,ElasticNet,12
2022-07-01,0.224175331482801,0.12599994978164172,ElasticNet,12
2022-08-01,0.1957146710348745,0.20633092688030716,ElasticNet,12
2022-09-01,0.4835707415079771,0.2372387874835781,ElasticNet,12
2022-10-01,0.3900915440960384,0.1304120682664655,ElasticNet,12
2022-11-01,0.1366849347166798,0.04899698038878378,ElasticNet,12
2022-12-01,0.1468982372211602,-0.01743395011119689,ElasticNet,12
2023-01-01,0.1924399963653789,0.13531589516813525,ElasticNet,12
2023-02-01,0.3099685496905202,0.14858765275983088,ElasticNet,12
2023-03-01,0.4097540184308634,0.12300750861663065,ElasticNet,12
2023-04-01,0.4431338373525273,0.02183441996166033,ElasticNet,12
2023-05-01,0.2170676655621095,-0.048368189930423716,ElasticNet,12
2023-06-01,0.048558732105941,-0.0286620898972281,ElasticNet,12
2023-07-01,-0.0418296479604118,0.23331210497445531,ElasticNet,12
2023-08-01,0.1677080538199149,0.2406270114774821,ElasticNet,12
2023-09-01,0.1572221743858515,0.1221073069867055,ElasticNet,12
2023-10-01,0.2133336729690294,0.07800065868035758,ElasticNet,12
2023-11-01,0.2856398459641696,0.0970422546766039,ElasticNet,12
2023-12-01,0.2841926173284825,0.11966242036185439,ElasticNet,12
2024-01-01,0.3399383308901438,0.13485885293849104,ElasticNet,12
2024-02-01,0.4272616213901736,0.1238010867074344,ElasticNet,12
2024-03-01,0.2251058906888259,0.18462458311568514,ElasticNet,12
2024-04-01,0.0331582618814607,0.13271508997411877,ElasticNet,12
2024-05-01,0.1616711227856226,0.2275555446866299,ElasticNet,12
2024-06-01,0.0992813032700379,0.26864988778942783,ElasticNet,12
2024-07-01,0.2541949971929469,0.3709864928505907,ElasticNet,12
2024-08-01,0.2283509885357748,0.3224363577671818,ElasticNet,12
2024-09-01,0.3482644202266627,0.27187320905181067,ElasticNet,12
2024-10-01,0.2950901819104068,0.2574934225290103,ElasticNet,12
2024-11-01,0.0,0.29488874313598157,ElasticNet,12
2024-12-01,0.2522783697512576,0.27272937464375124,ElasticNet,12
2025-01-01,0.297788428704604,0.24296012009138987,ElasticNet,12
2011-01-01,0.0237708490154808,0.20835387246677353,RandomForest,12
2011-02-01,0.2724196054096683,0.23115689078435356,RandomForest,12
2011-03-01,0.2137446124946151,0.17989218306138569,RandomForest,12
2011-04-01,0.2093470387029228,0.24099967102943146,RandomForest,12
2011-05-01,0.1660788350006825,0.11725900173108213,RandomForest,12
2011-06-01,-0.2068180132381081,0.11869382165267851,RandomForest,12
2011-07-01,-0.0826363171310684,0.14067772521732938,RandomForest,12
2011-08-01,0.0288809928060018,0.1474699077582778,RandomForest,12
2011-09-01,0.580952797585188,0.14915875148304772,RandomForest,12
2011-10-01,0.4771266277542318,0.1858468084467481,RandomForest,12
2011-11-01,0.2696794580438588,0.24336425100462178,RandomForest,12
2011-12-01,-0.1679344494426637,0.34896723595458495,RandomForest,12
2012-01-01,-0.0121081604677164,0.22840689508967618,RandomForest,12
2012-02-01,0.1980788942180789,0.24395130948373944,RandomForest,12
2012-03-01,0.5429926752100966,0.23279647510448903,RandomForest,12
2012-04-01,-0.2811919102589932,0.2533642683996981,RandomForest,12
2012-05-01,-0.2087979266581219,0.2783037360423551,RandomForest,12
2012-06-01,0.0414155489501633,0.3373681645852368,RandomForest,12
2012-07-01,0.2380408205508555,0.08538019332023244,RandomForest,12
2012-08-01,0.1957452300544337,0.19210738059085652,RandomForest,12
2012-09-01,0.2387290682696274,0.14556867557570874,RandomForest,12
2012-10-01,0.03769446919335,0.15778599590120354,RandomForest,12
2012-11-01,0.0535231048539142,0.010314685932487449,RandomForest,12
2012-12-01,0.184448942735238,0.1518491847011207,RandomForest,12
2013-01-01,0.2644169158479315,0.17963025479931272,RandomForest,12
2013-02-01,0.2424175290453689,0.25808201123360525,RandomForest,12
2013-03-01,0.1100778620244158,0.16137023760239028,RandomForest,12
2013-04-01,0.204205530106516,0.14445606663751812,RandomForest,12
2013-05-01,0.1864185605097601,0.2278186986200627,RandomForest,12
2013-06-01,0.1903005903547194,0.26892508203849597,RandomForest,12
2013-07-01,0.1321132206079767,0.057284212411494985,RandomForest,12
2013-08-01,0.1125485286492811,-0.058216981657527596,RandomForest,12
2013-09-01,-0.0160001347379701,-0.013130872287108835,RandomForest,12
2013-10-01,0.0071591004800808,-0.061935045626940306,RandomForest,12
2013-11-01,-0.0197913903241198,-0.6044684272846921,RandomForest,12
2013-12-01,-0.1882660152465964,-0.59196832151957,RandomForest,12
2014-01-01,-0.3084609444559238,-0.3102945264356666,RandomForest,12
2014-02-01,-0.6370316441765556,-0.3180265505054817,RandomForest,12
2014-03-01,0.2534643680217385,-0.26495468234529385,RandomForest,12
2014-04-01,0.2693951780812442,-0.27301557256826015,RandomForest,12
2014-05-01,0.1042478896158938,-0.2829266124584115,RandomForest,12
2014-06-01,0.3297745341246827,-0.6260020752494944,RandomForest,12
2014-07-01,0.2767920810460733,-0.21203353782020723,RandomForest,12
2014-08-01,0.1586319780187306,-0.30346861655777313,RandomForest,12
2014-09-01,-0.0004201080517907,-0.31473047234021695,RandomForest,12
2014-10-01,-0.2247587519377591,-0.3127525614372684,RandomForest,12
2014-11-01,0.098948201669069,-0.2993113932446795,RandomForest,12
2014-12-01,0.1194617491050875,-0.3120609312109091,RandomForest,12
2015-01-01,-0.1075553426856057,0.0732504952050015,RandomForest,12
2015-02-01,-0.0458443563073895,-0.029746509057888074,RandomForest,12
2015-03-01,-0.1329675323582302,-0.06363471799943915,RandomForest,12
2015-04-01,0.3134796238244419,-0.07644126919454826,RandomForest,12
2015-05-01,0.3830645161290169,-0.021744990997905007,RandomForest,12
2015-06-01,0.236409586931785,-0.07357912788506223,RandomForest,12
2015-07-01,0.2775957287827202,0.18000008654095084,RandomForest,12
2015-08-01,-0.050370074347894,0.16244307489082385,RandomForest,12
2015-09-01,0.1849221785831689,0.16537270534952955,RandomForest,12
2015-10-01,0.2623209794425207,0.21987223595251695,RandomForest,12
2015-11-01,0.2342687497926876,0.2128243373581523,RandomForest,12
2015-12-01,0.1178947716771183,0.15619285061644123,RandomForest,12
2016-01-01,0.2524522158776188,0.25306016369404377,RandomForest,12
2016-02-01,0.4043076694815628,0.24424960055762934,RandomForest,12
2016-03-01,0.1592657357009752,0.22308825408916022,RandomForest,12
2016-04-01,-0.0467201626189517,0.16637915580623058,RandomForest,12
2016-05-01,0.1234152821740774,0.19096423520893183,RandomForest,12
2016-06-01,-0.0773977960056293,0.20235885960732955,RandomForest,12
2016-07-01,0.0651628661825221,0.1313260629383165,RandomForest,12
2016-08-01,0.0327649971535448,0.17575062721702456,RandomForest,12
2016-09-01,0.3848626163288182,0.1946488524561096,RandomForest,12
2016-10-01,0.5106389920997767,0.18028621398851719,RandomForest,12
2016-11-01,0.077505224501384,0.1600013441407437,RandomForest,12
2016-12-01,0.2668007428251684,0.14993447631171702,RandomForest,12
2017-01-01,0.2106889244755105,0.2452580316383628,RandomForest,12
2017-02-01,0.4253344363511546,0.30753511361622915,RandomForest,12
2017-03-01,0.2692287600609022,0.26909002687789824,RandomForest,12
2017-04-01,0.0192362410782021,0.30948478938378476,RandomForest,12
2017-05-01,0.2604406656061986,0.3698854488487606,RandomForest,12
2017-06-01,0.2257949781598212,0.20576080359542054,RandomForest,12
2017-07-01,0.090114517209483,0.24211455429730727,RandomForest,12
2017-08-01,0.0780820498928358,0.29029352250497686,RandomForest,12
2017-09-01,0.1787320770339384,0.258011351510158,RandomForest,12
2017-10-01,0.2062281702117419,0.2685382312618811,RandomForest,12
2017-11-01,0.2339580144498754,0.2672199279892002,RandomForest,12
2017-12-01,-0.0704191919991159,0.25255058696958754,RandomForest,12
2018-01-01,0.0684893544581344,0.1677085393747079,RandomForest,12
2018-02-01,-0.0814979803534399,0.2055026004376682,RandomForest,12
2018-03-01,0.3001255142321968,0.1698887611045771,RandomForest,12
2018-04-01,0.3781792917230797,0.19806367762337687,RandomForest,12
2018-05-01,0.3759679404743643,0.127947683006044,RandomForest,12
2018-06-01,0.0246833285664438,0.0896113514292018,RandomForest,12
2018-07-01,-0.0325112810228067,0.14135519528759644,RandomForest,12
2018-08-01,0.2307876166182776,0.14898597068157426,RandomForest,12
2018-09-01,0.0914770017435451,0.10401334560872605,RandomForest,12
2018-10-01,0.1538846099767177,0.14509621675653142,RandomForest,12
2018-11-01,0.2827282299262768,0.16966132932044548,RandomForest,12
2018-12-01,0.281542260504386,0.1172399295982311,RandomForest,12
2019-01-01,0.2912218521089249,0.1489228316191912,RandomForest,12
2019-02-01,0.1921664153423874,0.1666339456316911,RandomForest,12
2019-03-01,0.047467072130658,0.15657438297161058,RandomForest,12
2019-04-01,-0.4528447444551498,0.16235572641078005,RandomForest,12
2019-05-01,-0.7920147553434065,0.13520394159379412,RandomForest,12
2019-06-01,-0.0898325209348738,0.15698997608428725,RandomForest,12
2019-07-01,0.4847499237691677,-0.0002341360042467884,RandomForest,12
2019-08-01,0.5096443382793581,0.019174170854188693,RandomForest,12
2019-09-01,0.3731343283582156,-0.1043877530958195,RandomForest,12
2019-10-01,0.2626139536318739,0.0253341364763293,RandomForest,12
2019-11-01,0.1238475828567287,-0.1494509755497551,RandomForest,12
2019-12-01,0.2274132890799363,-0.11023687449175813,RandomForest,12
2020-01-01,0.4346309661148906,0.1913744519039752,RandomForest,12
2020-02-01,0.2449960884580937,0.182467037488811,RandomForest,12
2020-03-01,0.3395676223033383,0.22496176346436658,RandomForest,12
2020-04-01,0.524320981565296,0.15941873442696428,RandomForest,12
2020-05-01,0.6238653990587206,0.20021002491201836,RandomForest,12
2020-06-01,0.6635060424433847,0.19886149107142184,RandomForest,12
2020-07-01,0.8461787818155431,0.3188961221052806,RandomForest,12
2020-08-01,0.4614747980816958,0.3177354062876134,RandomForest,12
2020-09-01,0.2842925602144719,0.051170341570370835,RandomForest,12
2020-10-01,0.4525517463950024,0.29304532199665617,RandomForest,12
2020-11-01,0.9638202329232072,0.30151787761820537,RandomForest,12
2020-12-01,0.8566262881938069,0.2978209911668991,RandomForest,12
2021-01-01,0.6905230550805275,0.5834200525464103,RandomForest,12
2021-02-01,0.6046039630400957,0.6018972133510462,RandomForest,12
2021-03-01,0.6926379347568234,0.3689857729708642,RandomForest,12
2021-04-01,1.115641476274165,0.5615508487846305,RandomForest,12
2021-05-01,0.3083351293478031,0.19697771048387733,RandomForest,12
2021-06-01,0.948499623996324,-0.1139156242326989,RandomForest,12
2021-07-01,1.2561019986405686,0.26672466880739587,RandomForest,12
2021-08-01,-0.014917428642136,0.5749048023103424,RandomForest,12
2021-09-01,0.0623912814965654,0.5818796014423124,RandomForest,12
2021-10-01,0.4242672748282716,0.6672809155496964,RandomForest,12
2021-11-01,0.5594754832984217,0.42356098135922193,RandomForest,12
2021-12-01,0.2614032556282231,0.29643426586816274,RandomForest,12
2022-01-01,0.0153956343335925,0.32692021313669256,RandomForest,12
2022-02-01,0.5314022594635093,0.18276110736862414,RandomForest,12
2022-03-01,0.3428533386591992,-0.02383749931908195,RandomForest,12
2022-04-01,0.1230718195389002,-0.0783666589139349,RandomForest,12
2022-05-01,0.3392739405144063,0.1469157771879831,RandomForest,12
2022-06-01,0.1614687381333635,-0.12877098929905176,RandomForest,12
2022-07-01,0.224175331482801,0.1280847222258713,RandomForest,12
2022-08-01,0.1957146710348745,0.15561859049183846,RandomForest,12
2022-09-01,0.4835707415079771,0.17015519243183946,RandomForest,12
2022-10-01,0.3900915440960384,0.10472893894525359,RandomForest,12
2022-11-01,0.1366849347166798,0.1613430623867255,RandomForest,12
2022-12-01,0.1468982372211602,0.12794322977146033,RandomForest,12
2023-01-01,0.1924399963653789,0.18258682091972114,RandomForest,12
2023-02-01,0.3099685496905202,0.24708447216471208,RandomForest,12
2023-03-01,0.4097540184308634,0.20038197727541784,RandomForest,12
2023-04-01,0.4431338373525273,0.20758360907201112,RandomForest,12
2023-05-01,0.2170676655621095,0.19676494630431016,RandomForest,12
2023-06-01,0.048558732105941,0.2264402782561561,RandomForest,12
2023-07-01,-0.0418296479604118,0.2509229391628442,RandomForest,12
2023-08-01,0.1677080538199149,0.2586272127104569,RandomForest,12
2023-09-01,0.1572221743858515,0.25954697518553127,RandomForest,12
2023-10-01,0.2133336729690294,0.26438508815123407,RandomForest,12
2023-11-01,0.2856398459641696,0.25944559800095834,RandomForest,12
2023-12-01,0.2841926173284825,0.25962239344984595,RandomForest,12
2024-01-01,0.3399383308901438,0.225620173888157,RandomForest,12
2024-02-01,0.4272616213901736,0.18619124717869254,RandomForest,12
2024-03-01,0.2251058906888259,0.22655460745633463,RandomForest,12
2024-04-01,0.0331582618814607,0.19177761986458175,RandomForest,12
2024-05-01,0.1616711227856226,0.21735517090479778,RandomForest,12
2024-06-01,0.0992813032700379,0.2378393643103135,RandomForest,12
2024-07-01,0.2541949971929469,0.2710404973132318,RandomForest,12
2024-08-01,0.2283509885357748,0.27267543809950745,RandomForest,12
2024-09-01,0.3482644202266627,0.24408848163552727,RandomForest,12
2024-10-01,0.2950901819104068,0.2513962617957125,RandomForest,12
2024-11-01,0.0,0.2252633466025062,RandomForest,12
2024-12-01,0.2522783697512576,0.23446684071518656,RandomForest,12
2025-01-01,0.297788428704604,0.1989392102179134,RandomForest,12
2011-01-01,0.0237708490154808,0.14570705592632294,XGBoost,12
2011-02-01,0.2724196054096683,0.2482527643442154,XGBoost,12
2011-03-01,0.2137446124946151,0.16119900345802307,XGBoost,12
2011-04-01,0.2093470387029228,0.21041399240493774,XGBoost,12
2011-05-01,0.1660788350006825,0.08987198024988174,XGBoost,12
2011-06-01,-0.2068180132381081,0.08374369144439697,XGBoost,12
2011-07-01,-0.0826363171310684,0.09346561878919601,XGBoost,12
2011-08-01,0.0288809928060018,0.18563511967658997,XGBoost,12
2011-09-01,0.580952797585188,0.18628433346748352,XGBoost,12
2011-10-01,0.4771266277542318,0.18739095330238342,XGBoost,12
2011-11-01,0.2696794580438588,0.2266835719347,XGBoost,12
2011-12-01,-0.1679344494426637,0.3598271906375885,XGBoost,12
2012-01-01,-0.0121081604677164,0.18988041579723358,XGBoost,12
2012-02-01,0.1980788942180789,0.22658979892730713,XGBoost,12
2012-03-01,0.5429926752100966,0.12242695689201355,XGBoost,12
2012-04-01,-0.2811919102589932,0.19496364891529083,XGBoost,12
2012-05-01,-0.2087979266581219,0.26435548067092896,XGBoost,12
2012-06-01,0.0414155489501633,0.2622546851634979,XGBoost,12
2012-07-01,0.2380408205508555,0.11252366751432419,XGBoost,12
2012-08-01,0.1957452300544337,0.24528881907463074,XGBoost,12
2012-09-01,0.2387290682696274,0.08265608549118042,XGBoost,12
2012-10-01,0.03769446919335,0.09889187663793564,XGBoost,12
2012-11-01,0.0535231048539142,-0.0004992294125258923,XGBoost,12
2012-12-01,0.184448942735238,0.10326138883829117,XGBoost,12
2013-01-01,0.2644169158479315,0.18276001513004303,XGBoost,12
2013-02-01,0.2424175290453689,0.22699540853500366,XGBoost,12
2013-03-01,0.1100778620244158,-0.07299420237541199,XGBoost,12
2013-04-01,0.204205530106516,0.07854828238487244,XGBoost,12
2013-05-01,0.1864185605097601,0.23848094046115875,XGBoost,12
2013-06-01,0.1903005903547194,0.17773152887821198,XGBoost,12
2013-07-01,0.1321132206079767,-0.15574736893177032,XGBoost,12
2013-08-01,0.1125485286492811,-0.4396360516548157,XGBoost,12
2013-09-01,-0.0160001347379701,-0.33554014563560486,XGBoost,12
2013-10-01,0.0071591004800808,-0.35372060537338257,XGBoost,12
2013-11-01,-0.0197913903241198,-1.0190198421478271,XGBoost,12
2013-12-01,-0.1882660152465964,-0.9613507986068726,XGBoost,12
2014-01-01,-0.3084609444559238,-0.16087786853313446,XGBoost,12
2014-02-01,-0.6370316441765556,-0.11569720506668091,XGBoost,12
2014-03-01,0.2534643680217385,-0.03146418184041977,XGBoost,12
2014-04-01,0.2693951780812442,-0.04310247674584389,XGBoost,12
2014-05-01,0.1042478896158938,-0.0311984084546566,XGBoost,12
2014-06-01,0.3297745341246827,-0.45144322514533997,XGBoost,12
2014-07-01,0.2767920810460733,-0.06196241080760956,XGBoost,12
2014-08-01,0.1586319780187306,-0.014138703234493732,XGBoost,12
2014-09-01,-0.0004201080517907,-0.08709456771612167,XGBoost,12
2014-10-01,-0.2247587519377591,-0.13544602692127228,XGBoost,12
2014-11-01,0.098948201669069,-0.11028984189033508,XGBoost,12
2014-12-01,0.1194617491050875,-0.2122291773557663,XGBoost,12
2015-01-01,-0.1075553426856057,0.09074103087186813,XGBoost,12
2015-02-01,-0.0458443563073895,-0.1324169635772705,XGBoost,12
2015-03-01,-0.1329675323582302,-0.2248964160680771,XGBoost,12
2015-04-01,0.3134796238244419,-0.18931488692760468,XGBoost,12
2015-05-01,0.3830645161290169,-0.2232336699962616,XGBoost,12
2015-06-01,0.236409586931785,-0.20777933299541473,XGBoost,12
2015-07-01,0.2775957287827202,0.19112539291381836,XGBoost,12
2015-08-01,-0.050370074347894,0.2016410529613495,XGBoost,12
2015-09-01,0.1849221785831689,0.18437623977661133,XGBoost,12
2015-10-01,0.2623209794425207,0.31840571761131287,XGBoost,12
2015-11-01,0.2342687497926876,0.21657191216945648,XGBoost,12
2015-12-01,0.1178947716771183,0.1557587832212448,XGBoost,12
2016-01-01,0.2524522158776188,0.17133904993534088,XGBoost,12
2016-02-01,0.4043076694815628,0.15061573684215546,XGBoost,12
2016-03-01,0.1592657357009752,0.18521754443645477,XGBoost,12
2016-04-01,-0.0467201626189517,0.1362193077802658,XGBoost,12
2016-05-01,0.1234152821740774,0.1999175101518631,XGBoost,12
2016-06-01,-0.0773977960056293,0.22816717624664307,XGBoost,12
2016-07-01,0.0651628661825221,0.15096254646778107,XGBoost,12
2016-08-01,0.0327649971535448,0.16716070473194122,XGBoost,12
2016-09-01,0.3848626163288182,0.24311567842960358,XGBoost,12
2016-10-01,0.5106389920997767,0.21775174140930176,XGBoost,12
2016-11-01,0.077505224501384,0.15408320724964142,XGBoost,12
2016-12-01,0.2668007428251684,0.07379785925149918,XGBoost,12
2017-01-01,0.2106889244755105,0.2258157730102539,XGBoost,12
2017-02-01,0.4253344363511546,0.487145334482193,XGBoost,12
2017-03-01,0.2692287600609022,0.39520514011383057,XGBoost,12
2017-04-01,0.0192362410782021,0.3134397268295288,XGBoost,12
2017-05-01,0.2604406656061986,0.4286051392555237,XGBoost,12
2017-06-01,0.2257949781598212,0.23963843286037445,XGBoost,12
2017-07-01,0.090114517209483,0.3490889370441437,XGBoost,12
2017-08-01,0.0780820498928358,0.36838260293006897,XGBoost,12
2017-09-01,0.1787320770339384,0.30247795581817627,XGBoost,12
2017-10-01,0.2062281702117419,0.3063550591468811,XGBoost,12
2017-11-01,0.2339580144498754,0.22173666954040527,XGBoost,12
2017-12-01,-0.0704191919991159,0.18418371677398682,XGBoost,12
2018-01-01,0.0684893544581344,0.14291810989379883,XGBoost,12
2018-02-01,-0.0814979803534399,0.29375356435775757,XGBoost,12
2018-03-01,0.3001255142321968,0.1640239804983139,XGBoost,12
2018-04-01,0.3781792917230797,0.29854685068130493,XGBoost,12
2018-05-01,0.3759679404743643,0.2137564867734909,XGBoost,12
2018-06-01,0.0246833285664438,0.3106660544872284,XGBoost,12
2018-07-01,-0.0325112810228067,0.09538441151380539,XGBoost,12
2018-08-01,0.2307876166182776,0.21468235552310944,XGBoost,12
2018-09-01,0.0914770017435451,0.05151822045445442,XGBoost,12
2018-10-01,0.1538846099767177,0.15155437588691711,XGBoost,12
2018-11-01,0.2827282299262768,0.09569374471902847,XGBoost,12
2018-12-01,0.281542260504386,0.08586571365594864,XGBoost,12
2019-01-01,0.2912218521089249,0.05963801220059395,XGBoost,12
2019-02-01,0.1921664153423874,0.15041887760162354,XGBoost,12
2019-03-01,0.047467072130658,0.11936289072036743,XGBoost,12
2019-04-01,-0.4528447444551498,0.14327479898929596,XGBoost,12
2019-05-01,-0.7920147553434065,0.11137612909078598,XGBoost,12
2019-06-01,-0.0898325209348738,0.09558042138814926,XGBoost,12
2019-07-01,0.4847499237691677,0.07234545052051544,XGBoost,12
2019-08-01,0.5096443382793581,0.07285721600055695,XGBoost,12
2019-09-01,0.3731343283582156,0.044272590428590775,XGBoost,12
2019-10-01,0.2626139536318739,0.06513448059558868,XGBoost,12
2019-11-01,0.1238475828567287,-0.07923553884029388,XGBoost,12
2019-12-01,0.2274132890799363,-0.13962677121162415,XGBoost,12
2020-01-01,0.4346309661148906,0.28849318623542786,XGBoost,12
2020-02-01,0.2449960884580937,0.1481802761554718,XGBoost,12
2020-03-01,0.3395676223033383,0.27588897943496704,XGBoost,12
2020-04-01,0.524320981565296,0.19559337198734283,XGBoost,12
2020-05-01,0.6238653990587206,0.2243761569261551,XGBoost,12
2020-06-01,0.6635060424433847,0.26054683327674866,XGBoost,12
2020-07-01,0.8461787818155431,0.22564972937107086,XGBoost,12
2020-08-01,0.4614747980816958,0.3112698793411255,XGBoost,12
2020-09-01,0.2842925602144719,0.15390194952487946,XGBoost,12
2020-10-01,0.4525517463950024,0.15503761172294617,XGBoost,12
2020-11-01,0.9638202329232072,0.23690973222255707,XGBoost,12
2020-12-01,0.8566262881938069,0.3299144208431244,XGBoost,12
2021-01-01,0.6905230550805275,0.5180396437644958,XGBoost,12
2021-02-01,0.6046039630400957,0.45051145553588867,XGBoost,12
2021-03-01,0.6926379347568234,0.26055094599723816,XGBoost,12
2021-04-01,1.115641476274165,0.3198484480381012,XGBoost,12
2021-05-01,0.3083351293478031,0.2566078305244446,XGBoost,12
2021-06-01,0.948499623996324,0.03391571342945099,XGBoost,12
2021-07-01,1.2561019986405686,0.7143266797065735,XGBoost,12
2021-08-01,-0.014917428642136,0.9283539056777954,XGBoost,12
2021-09-01,0.0623912814965654,0.7272595167160034,XGBoost,12
2021-10-01,0.4242672748282716,0.8393504619598389,XGBoost,12
2021-11-01,0.5594754832984217,0.6556233763694763,XGBoost,12
2021-12-01,0.2614032556282231,0.5296705365180969,XGBoost,12
2022-01-01,0.0153956343335925,0.13376063108444214,XGBoost,12
2022-02-01,0.5314022594635093,0.3028465211391449,XGBoost,12
2022-03-01,0.3428533386591992,-0.015893513336777687,XGBoost,12
2022-04-01,0.1230718195389002,-0.028775041922926903,XGBoost,12
2022-05-01,0.3392739405144063,0.04297275096178055,XGBoost,12
2022-06-01,0.1614687381333635,0.026338323950767517,XGBoost,12
2022-07-01,0.224175331482801,0.14826402068138123,XGBoost,12
2022-08-01,0.1957146710348745,0.19396483898162842,XGBoost,12
2022-09-01,0.4835707415079771,0.11639846116304398,XGBoost,12
2022-10-01,0.3900915440960384,0.09904029965400696,XGBoost,12
2022-11-01,0.1366849347166798,0.1463257521390915,XGBoost,12
2022-12-01,0.1468982372211602,0.1370241940021515,XGBoost,12
2023-01-01,0.1924399963653789,0.23652423918247223,XGBoost,12
2023-02-01,0.3099685496905202,0.19751842319965363,XGBoost,12
2023-03-01,0.4097540184308634,0.20486944913864136,XGBoost,12
2023-04-01,0.4431338373525273,0.23653237521648407,XGBoost,12
2023-05-01,0.2170676655621095,0.14857900142669678,XGBoost,12
2023-06-01,0.048558732105941,0.3074735403060913,XGBoost,12
2023-07-01,-0.0418296479604118,0.179400235414505,XGBoost,12
2023-08-01,0.1677080538199149,0.2591615915298462,XGBoost,12
2023-09-01,0.1572221743858515,0.27195531129837036,XGBoost,12
2023-10-01,0.2133336729690294,0.26440924406051636,XGBoost,12
2023-11-01,0.2856398459641696,0.32377591729164124,XGBoost,12
2023-12-01,0.2841926173284825,0.326169490814209,XGBoost,12
2024-01-01,0.3399383308901438,0.21409322321414948,XGBoost,12
2024-02-01,0.4272616213901736,0.18472538888454437,XGBoost,12
2024-03-01,0.2251058906888259,0.22497886419296265,XGBoost,12
2024-04-01,0.0331582618814607,0.18234680593013763,XGBoost,12
2024-05-01,0.1616711227856226,0.265123188495636,XGBoost,12
2024-06-01,0.0992813032700379,0.2259034365415573,XGBoost,12
2024-07-01,0.2541949971929469,0.32934603095054626,XGBoost,12
2024-08-01,0.2283509885357748,0.34941452741622925,XGBoost,12
2024-09-01,0.3482644202266627,0.28483372926712036,XGBoost,12
2024-10-01,0.2950901819104068,0.24965260922908783,XGBoost,12
2024-11-01,0.0,0.25072962045669556,XGBoost,12
2024-12-01,0.2522783697512576,0.21414715051651,XGBoost,12
2025-01-01,0.297788428704604,0.206181138753891,XGBoost,12
2011-12-01,0.0237708490154808,0.20326771309781896,ARIMA,12
2012-01-01,0.2724196054096683,0.20326537959702715,ARIMA,12
2012-02-01,0.2137446124946151,0.20326443327821203,ARIMA,12
2012-03-01,0.2093470387029228,0.20326404951176852,ARIMA,12
2012-04-01,0.1660788350006825,0.20326389388062094,ARIMA,12
2012-05-01,-0.2068180132381081,0.203263830766572,ARIMA,12
2012-06-01,-0.0826363171310684,0.20530569342511895,ARIMA,12
2012-07-01,0.0288809928060018,0.20530836153951737,ARIMA,12
2012-08-01,0.580952797585188,0.20530945313761476,ARIMA,12
2012-09-01,0.4771266277542318,0.20530989974005687,ARIMA,12
2012-10-01,0.2696794580438588,0.20531008245725085,ARIMA,12
2012-11-01,-0.1679344494426637,0.20531015721181964,ARIMA,12
2012-12-01,-0.0121081604677164,0.20467667351691346,ARIMA,12
2013-01-01,0.1980788942180789,0.20467890784798212,ARIMA,12
2013-02-01,0.5429926752100966,0.20467981786844305,ARIMA,12
2013-03-01,-0.2811919102589932,0.20468018851057884,ARIMA,12
2013-04-01,-0.2087979266581219,0.2046803394693745,ARIMA,12
2013-05-01,0.0414155489501633,0.20468040095336618,ARIMA,12
2013-06-01,0.2380408205508555,0.20152113137416258,ARIMA,12
2013-07-01,0.1957452300544337,0.20152484859946912,ARIMA,12
2013-08-01,0.2387290682696274,0.20152637030219417,ARIMA,12
2013-09-01,0.03769446919335,0.20152699323435255,ARIMA,12
2013-10-01,0.0535231048539142,0.20152724824110754,ARIMA,12
2013-11-01,0.184448942735238,0.2015273526320018,ARIMA,12
2013-12-01,0.2644169158479315,0.20162967299860088,ARIMA,12
2014-01-01,0.2424175290453689,0.2016323364586889,ARIMA,12
2014-02-01,0.1100778620244158,0.20163342211385962,ARIMA,12
2014-03-01,0.204205530106516,0.20163386463866226,ARIMA,12
2014-04-01,0.1864185605097601,0.2016340450165633,ARIMA,12
2014-05-01,0.1903005903547194,0.2016341185405488,ARIMA,12
2014-06-01,0.1321132206079767,0.19956887551977798,ARIMA,12
2014-07-01,0.1125485286492811,0.19956849268837,ARIMA,12
2014-08-01,-0.0160001347379701,0.19956833971174315,ARIMA,12
2014-09-01,0.0071591004800808,0.19956827858340342,ARIMA,12
2014-10-01,-0.0197913903241198,0.19956825415696655,ARIMA,12
2014-11-01,-0.1882660152465964,0.19956824439634127,ARIMA,12
2014-12-01,-0.3084609444559238,0.19870034898726302,ARIMA,12
2015-01-01,-0.6370316441765556,0.19869969909003216,ARIMA,12
2015-02-01,0.2534643680217385,0.19869943953791833,ARIMA,12
2015-03-01,0.2693951780812442,0.1986993358795296,ARIMA,12
2015-04-01,0.1042478896158938,0.19869929448105514,ARIMA,12
2015-05-01,0.3297745341246827,0.19869927794757716,ARIMA,12
2015-06-01,0.2767920810460733,0.19786195040682186,ARIMA,12
2015-07-01,0.1586319780187306,0.19786259249244012,ARIMA,12
2015-08-01,-0.0004201080517907,0.19786284864033754,ARIMA,12
2015-09-01,-0.2247587519377591,0.19786295082569022,ARIMA,12
2015-10-01,0.098948201669069,0.19786299159060144,ARIMA,12
2015-11-01,0.1194617491050875,0.19786300785299077,ARIMA,12
2015-12-01,-0.1075553426856057,0.18655181211829824,ARIMA,12
2016-01-01,-0.0458443563073895,0.18655886118851012,ARIMA,12
2016-02-01,-0.1329675323582302,0.18656176858012255,ARIMA,12
2016-03-01,0.3134796238244419,0.1865629677348669,ARIMA,12
2016-04-01,0.3830645161290169,0.18656346232668414,ARIMA,12
2016-05-01,0.236409586931785,0.1865636663212618,ARIMA,12
2016-06-01,0.2775957287827202,0.19018359789193143,ARIMA,12
2016-07-01,-0.050370074347894,0.19018241556127521,ARIMA,12
2016-08-01,0.1849221785831689,0.19018192972718442,ARIMA,12
2016-09-01,0.2623209794425207,0.19018173009202946,ARIMA,12
2016-10-01,0.2342687497926876,0.1901816480595088,ARIMA,12
2016-11-01,0.1178947716771183,0.19018161435134529,ARIMA,12
2016-12-01,0.2524522158776188,0.16764511146698943,ARIMA,12
2017-01-01,0.4043076694815628,0.16764881347420088,ARIMA,12
2017-02-01,0.1592657357009752,0.16765033269517923,ARIMA,12
2017-03-01,-0.0467201626189517,0.16765095614949718,ARIMA,12
2017-04-01,0.1234152821740774,0.1676512120012081,ARIMA,12
2017-05-01,-0.0773977960056293,0.16765131699702912,ARIMA,12
2017-06-01,0.0651628661825221,0.17604512847784093,ARIMA,12
2017-07-01,0.0327649971535448,0.1760436874579714,ARIMA,12
2017-08-01,0.3848626163288182,0.176043093293842,ARIMA,12
2017-09-01,0.5106389920997767,0.17604284830692674,ARIMA,12
2017-10-01,0.077505224501384,0.17604274729344296,ARIMA,12
2017-11-01,0.2668007428251684,0.17604270564336588,ARIMA,12
2017-12-01,0.2106889244755105,0.18140203736865756,ARIMA,12
2018-01-01,0.4253344363511546,0.1814010769539115,ARIMA,12
2018-02-01,0.2692287600609022,0.18140068265210038,ARIMA,12
2018-03-01,0.0192362410782021,0.18140052077003965,ARIMA,12
2018-04-01,0.2604406656061986,0.18140045430876342,ARIMA,12
2018-05-01,0.2257949781598212,0.1814004270228417,ARIMA,12
2018-06-01,0.090114517209483,0.16607393974842766,ARIMA,12
2018-07-01,0.0780820498928358,0.16607521058599137,ARIMA,12
2018-08-01,0.1787320770339384,0.16607572907698423,ARIMA,12
2018-09-01,0.2062281702117419,0.1660759406169303,ARIMA,12
2018-10-01,0.2339580144498754,0.16607602692344167,ARIMA,12
2018-11-01,-0.0704191919991159,0.1660760621357694,ARIMA,12
2018-12-01,0.0684893544581344,0.1844768465121257,ARIMA,12
2019-01-01,-0.0814979803534399,0.1844765175612235,ARIMA,12
2019-02-01,0.3001255142321968,0.18447638339359745,ARIMA,12
2019-03-01,0.3781792917230797,0.18447632867129163,ARIMA,12
2019-04-01,0.3759679404743643,0.18447630635196732,ARIMA,12
2019-05-01,0.0246833285664438,0.18447629724869163,ARIMA,12
2019-06-01,-0.0325112810228067,0.1846681723519727,ARIMA,12
2019-07-01,0.2307876166182776,0.1846692931514135,ARIMA,12
2019-08-01,0.0914770017435451,0.18466974798698096,ARIMA,12
2019-09-01,0.1538846099767177,0.1846699325654041,ARIMA,12
2019-10-01,0.2827282299262768,0.1846700074698239,ARIMA,12
2019-11-01,0.281542260504386,0.18467003786705025,ARIMA,12
2019-12-01,0.2912218521089249,0.17420375069852345,ARIMA,12
2020-01-01,0.1921664153423874,0.1742049268901127,ARIMA,12
2020-02-01,0.047467072130658,0.1742054015416081,ARIMA,12
2020-03-01,-0.4528447444551498,0.1742055930869687,ARIMA,12
2020-04-01,-0.7920147553434065,0.17420567038499793,ARIMA,12
2020-05-01,-0.0898325209348738,0.17420570157857684,ARIMA,12
2020-06-01,0.4847499237691677,0.17296845361298932,ARIMA,12
2020-07-01,0.5096443382793581,0.17297067857271944,ARIMA,12
2020-08-01,0.3731343283582156,0.17297157430414292,ARIMA,12
2020-09-01,0.2626139536318739,0.17297193491057195,ARIMA,12
2020-10-01,0.1238475828567287,0.17297208008466458,ARIMA,12
2020-11-01,0.2274132890799363,0.17297213852931637,ARIMA,12
2020-12-01,0.4346309661148906,0.18022377883267063,ARIMA,12
2021-01-01,0.2449960884580937,0.18022257939149608,ARIMA,12
2021-02-01,0.3395676223033383,0.18022209660394567,ARIMA,12
2021-03-01,0.524320981565296,0.18022190227693424,ARIMA,12
2021-04-01,0.6238653990587206,0.18022182405829057,ARIMA,12
2021-05-01,0.6635060424433847,0.1802217925744728,ARIMA,12
2021-06-01,0.8461787818155431,0.16310336321817623,ARIMA,12
2021-07-01,0.4614747980816958,0.16309872963390207,ARIMA,12
2021-08-01,0.2842925602144719,0.16309681655297803,ARIMA,12
2021-09-01,0.4525517463950024,0.16309602669389586,ARIMA,12
2021-10-01,0.9638202329232072,0.16309570058256317,ARIMA,12
2021-11-01,0.8566262881938069,0.1630955659400634,ARIMA,12
2021-12-01,0.6905230550805275,0.1761986750721515,ARIMA,12
2022-01-01,0.6046039630400957,0.1761943068902673,ARIMA,12
2022-02-01,0.6926379347568234,0.1761924776691075,ARIMA,12
2022-03-01,1.115641476274165,0.17619171166390438,ARIMA,12
2022-04-01,0.3083351293478031,0.1761913908913351,ARIMA,12
2022-05-01,0.948499623996324,0.17619125656451748,ARIMA,12
2022-06-01,1.2561019986405686,0.18963715824146316,ARIMA,12
2022-07-01,-0.014917428642136,0.18961735268312851,ARIMA,12
2022-08-01,0.0623912814965654,0.18960862053671435,ARIMA,12
2022-09-01,0.4242672748282716,0.18960477058814384,ARIMA,12
2022-10-01,0.5594754832984217,0.18960307316997282,ARIMA,12
2022-11-01,0.2614032556282231,0.18960232478895042,ARIMA,12
2022-12-01,0.0153956343335925,0.1967843220360945,ARIMA,12
2023-01-01,0.5314022594635093,0.19675851514144205,ARIMA,12
2023-02-01,0.3428533386591992,0.196746563460774,ARIMA,12
2023-03-01,0.1230718195389002,0.1967410284023055,ARIMA,12
2023-04-01,0.3392739405144063,0.19673846500782563,ARIMA,12
2023-05-01,0.1614687381333635,0.19673727784940684,ARIMA,12
2023-06-01,0.224175331482801,0.47183927650130103,ARIMA,12
2023-07-01,0.1957146710348745,0.47181100558591865,ARIMA,12
2023-08-01,0.4835707415079771,0.4717983413243511,ARIMA,12
2023-09-01,0.3900915440960384,0.47179266823174404,ARIMA,12
2023-10-01,0.1366849347166798,0.47179012690870226,ARIMA,12
2023-11-01,0.1468982372211602,0.4717889884956267,ARIMA,12
2023-12-01,0.1924399963653789,0.28866778656814845,ARIMA,12
2024-01-01,0.3099685496905202,0.288678024062799,ARIMA,12
2024-02-01,0.4097540184308634,0.28868262586883164,ARIMA,12
2024-03-01,0.4431338373525273,0.2886846944041017,ARIMA,12
2024-04-01,0.2170676655621095,0.28868562422125027,ARIMA,12
2024-05-01,0.048558732105941,0.28868604217879845,ARIMA,12
2024-06-01,-0.0418296479604118,0.3013435259556524,ARIMA,12
2024-07-01,0.1677080538199149,0.30134587750738345,ARIMA,12
2024-08-01,0.1572221743858515,0.3013469152272776,ARIMA,12
2024-09-01,0.2133336729690294,0.3013473731642919,ARIMA,12
2024-10-01,0.2856398459641696,0.30134757524802397,ARIMA,12
2024-11-01,0.2841926173284825,0.30134766442586614,ARIMA,12
2024-12-01,0.3399383308901438,0.286082337772236,ARIMA,12
2025-01-01,0.4272616213901736,0.286085359045765,ARIMA,12
2025-02-01,0.2251058906888259,0.2860866991193686,ARIMA,12
2025-03-01,0.0331582618814607,0.28608729350357315,ARIMA,12
2025-04-01,0.1616711227856226,0.2860875571402731,ARIMA,12
2025-05-01,0.0992813032700379,0.2860876740752607,ARIMA,12
2025-06-01,0.2541949971929469,0.255891008633761,ARIMA,12
2025-07-01,0.2283509885357748,0.25590288440334485,ARIMA,12
2025-08-01,0.3482644202266627,0.25590825267084344,ARIMA,12
2025-09-01,0.2950901819104068,0.25591067931744793,ARIMA,12
2025-10-01,0.0,0.25591177624746203,ARIMA,12
2025-11-01,0.2522783697512576,0.25591227209858997,ARIMA,12
2025-12-01,0.297788428704604,0.265806453103528,ARIMA,12
